source,time,wave_height_m,moor_dist_m,moor_dist_km,moor_lat,moor_lon,ice_edge_dist_m,ice_edge_dist_km,dist_from_ice
S1P1,2019-11-09 20:30:00,,5928.534140689712,5.928534140689712,70.34613,-162.05704,,,
S1P1,2019-11-09 21:00:00,,5928.534140689712,5.928534140689712,70.34613,-162.05704,,,
S1P1,2019-11-09 21:30:00,,5928.534140689712,5.928534140689712,70.34613,-162.05704,,,
S1P1,2019-11-09 22:00:00,,5928.534140689712,5.928534140689712,70.34613,-162.05704,,,
S1P1,2019-11-09 22:30:00,,5928.534140689712,5.928534140689712,70.34613,-162.05704,,,
S1P1,2019-11-09 23:00:00,,5928.534140689712,5.928534140689712,70.34613,-162.05704,,,
S1P1,2019-11-09 23:30:00,,5928.534140689712,5.928534140689712,70.34613,-162.05704,,,
S1P1,2019-11-10 00:00:00,,5928.534140689712,5.928534140689712,70.34613,-162.05704,,,
S1P1,2019-11-10 00:30:00,,5928.534140689712,5.928534140689712,70.34613,-162.05704,,,
S1P1,2019-11-10 01:00:00,0.6609155145227599,5928.534140689712,5.928534140689712,70.34613,-162.05704,,,
S1P1,2019-11-10 01:30:00,0.6888684503495761,5928.534140689712,5.928534140689712,70.34613,-162.05704,,,
S1P1,2019-11-10 02:00:00,0.6988371723781786,5928.534140689712,5.928534140689712,70.34613,-162.05704,,,
S1P1,2019-11-10 02:30:00,0.6614249702822232,5928.534140689712,5.928534140689712,70.34613,-162.05704,,,
S1P1,2019-11-10 03:00:00,0.7977088481384917,5928.534140689712,5.928534140689712,70.34613,-162.05704,,,
S1P1,2019-11-10 03:30:00,0.7677307083456859,5928.534140689712,5.928534140689712,70.34613,-162.05704,,,
S1P1,2019-11-10 04:00:00,0.8036407909366704,5928.534140689712,5.928534140689712,70.34613,-162.05704,,,
S1P1,2019-11-10 04:30:00,0.8858441653806483,5928.534140689712,5.928534140689712,70.34613,-162.05704,,,
S1P1,2019-11-10 05:00:00,0.9041180764014005,5928.534140689712,5.928534140689712,70.34613,-162.05704,,,
S1P1,2019-11-10 05:30:00,0.9711196933163292,5928.534140689712,5.928534140689712,70.34613,-162.05704,,,
S1P1,2019-11-10 06:00:00,1.052807748401294,5928.534140689712,5.928534140689712,70.34613,-162.05704,,,
S1P1,2019-11-10 06:30:00,0.993294900348814,5928.534140689712,5.928534140689712,70.34613,-162.05704,,,
S1P1,2019-11-10 07:00:00,1.034874929392406,5928.534140689712,5.928534140689712,70.34613,-162.05704,,,
S1P1,2019-11-10 07:30:00,1.111235555865874,5928.534140689712,5.928534140689712,70.34613,-162.05704,,,
S1P1,2019-11-10 08:00:00,0.9592183251688663,5928.534140689712,5.928534140689712,70.34613,-162.05704,,,
S1P1,2019-11-10 08:30:00,1.099152157707826,5928.534140689712,5.928534140689712,70.34613,-162.05704,,,
S1P1,2019-11-10 09:00:00,1.1475279300978516,5928.534140689712,5.928534140689712,70.34613,-162.05704,,,
S1P1,2019-11-10 09:30:00,1.36847407399533,5928.534140689712,5.928534140689712,70.34613,-162.05704,,,
S1P1,2019-11-10 10:00:00,1.3560275105252113,5928.534140689712,5.928534140689712,70.34613,-162.05704,,,
S1P1,2019-11-10 10:30:00,1.3418103732002047,5928.534140689712,5.928534140689712,70.34613,-162.05704,,,
S1P1,2019-11-10 11:00:00,1.3596072808530753,5928.534140689712,5.928534140689712,70.34613,-162.05704,,,
S1P1,2019-11-10 11:30:00,1.3130004458533027,5928.534140689712,5.928534140689712,70.34613,-162.05704,,,
S1P1,2019-11-10 12:00:00,1.2404378752964003,5928.534140689712,5.928534140689712,70.34613,-162.05704,,,
S1P1,2019-11-10 12:30:00,1.2152887587775418,5928.534140689712,5.928534140689712,70.34613,-162.05704,,,
S1P1,2019-11-10 13:00:00,1.226496999677589,5928.534140689712,5.928534140689712,70.34613,-162.05704,,,
S1P1,2019-11-10 13:30:00,1.3815517659060383,5928.534140689712,5.928534140689712,70.34613,-162.05704,,,
S1P1,2019-11-10 14:00:00,1.2629671706591357,5928.534140689712,5.928534140689712,70.34613,-162.05704,,,
S1P1,2019-11-10 14:30:00,1.2594441071837295,5928.534140689712,5.928534140689712,70.34613,-162.05704,,,
S1P1,2019-11-10 15:00:00,1.3041192691624075,5928.534140689712,5.928534140689712,70.34613,-162.05704,,,
S1P1,2019-11-10 15:30:00,1.314932860528119,5928.534140689712,5.928534140689712,70.34613,-162.05704,,,
S1P1,2019-11-10 16:00:00,1.2265114223025466,5928.534140689712,5.928534140689712,70.34613,-162.05704,,,
S1P1,2019-11-10 16:30:00,1.2941598755237118,5928.534140689712,5.928534140689712,70.34613,-162.05704,,,
S1P1,2019-11-10 17:00:00,1.1886945539192626,5928.534140689712,5.928534140689712,70.34613,-162.05704,,,
S1P1,2019-11-10 17:30:00,1.2243415168057614,5928.534140689712,5.928534140689712,70.34613,-162.05704,,,
S1P1,2019-11-10 18:00:00,1.0725527115632636,5928.534140689712,5.928534140689712,70.34613,-162.05704,,,
S1P1,2019-11-10 18:30:00,1.127758905536516,5928.534140689712,5.928534140689712,70.34613,-162.05704,,,
S1P1,2019-11-10 19:00:00,0.9741184951735682,5928.534140689712,5.928534140689712,70.34613,-162.05704,,,
S1P1,2019-11-10 19:30:00,0.9682843506589512,5928.534140689712,5.928534140689712,70.34613,-162.05704,,,
S1P1,2019-11-10 20:00:00,0.9674160959047993,5928.534140689712,5.928534140689712,70.34613,-162.05704,,,
S1P1,2019-11-10 20:30:00,0.9599939336589536,5928.534140689712,5.928534140689712,70.34613,-162.05704,,,
S1P1,2019-11-10 21:00:00,0.9193739656965628,5928.534140689712,5.928534140689712,70.34613,-162.05704,,,
S1P1,2019-11-10 21:30:00,0.9469439454273701,5928.534140689712,5.928534140689712,70.34613,-162.05704,,,
S1P1,2019-11-10 22:00:00,0.9107334242640212,5928.534140689712,5.928534140689712,70.34613,-162.05704,,,
S1P1,2019-11-10 22:30:00,0.9375763656551332,5928.534140689712,5.928534140689712,70.34613,-162.05704,,,
S1P1,2019-11-10 23:00:00,0.8979988913756091,5928.534140689712,5.928534140689712,70.34613,-162.05704,,,
S1P1,2019-11-10 23:30:00,0.8036309661688807,5928.534140689712,5.928534140689712,70.34613,-162.05704,,,
S1P1,2019-11-11 00:00:00,0.8461047498795361,5928.534140689712,5.928534140689712,70.34613,-162.05704,,,
S1P1,2019-11-11 00:30:00,0.810744353614338,5928.534140689712,5.928534140689712,70.34613,-162.05704,,,
S1P1,2019-11-11 01:00:00,0.8266039771688068,5928.534140689712,5.928534140689712,70.34613,-162.05704,,,
S1P1,2019-11-11 01:30:00,0.678566275614959,5928.534140689712,5.928534140689712,70.34613,-162.05704,,,
S1P1,2019-11-11 02:00:00,0.7456389797346091,5928.534140689712,5.928534140689712,70.34613,-162.05704,,,
S1P1,2019-11-11 02:30:00,0.6451669671758099,5928.534140689712,5.928534140689712,70.34613,-162.05704,,,
S1P1,2019-11-11 03:00:00,0.6654322992569605,5928.534140689712,5.928534140689712,70.34613,-162.05704,,,
S1P1,2019-11-11 03:30:00,0.7259542778211966,5928.534140689712,5.928534140689712,70.34613,-162.05704,,,
S1P1,2019-11-11 04:00:00,0.693101552458812,5928.534140689712,5.928534140689712,70.34613,-162.05704,,,
S1P1,2019-11-11 04:30:00,0.5894753374470134,5928.534140689712,5.928534140689712,70.34613,-162.05704,,,
S1P1,2019-11-11 05:00:00,0.6158953349826435,5928.534140689712,5.928534140689712,70.34613,-162.05704,,,
S1P1,2019-11-11 05:30:00,0.5766791221515105,5928.534140689712,5.928534140689712,70.34613,-162.05704,,,
S1P1,2019-11-11 06:00:00,0.5725610861430576,5928.534140689712,5.928534140689712,70.34613,-162.05704,,,
S1P1,2019-11-11 06:30:00,0.49032684389428555,5928.534140689712,5.928534140689712,70.34613,-162.05704,,,
S1P1,2019-11-11 07:00:00,0.5595385364131864,5928.534140689712,5.928534140689712,70.34613,-162.05704,,,
S1P1,2019-11-11 07:30:00,0.5146621750839193,5928.534140689712,5.928534140689712,70.34613,-162.05704,,,
S1P1,2019-11-11 08:00:00,0.472031442707367,5928.534140689712,5.928534140689712,70.34613,-162.05704,,,
S1P1,2019-11-11 08:30:00,0.48224817646743456,5928.534140689712,5.928534140689712,70.34613,-162.05704,,,
S1P1,2019-11-11 09:00:00,0.4481311355559482,5928.534140689712,5.928534140689712,70.34613,-162.05704,,,
S1P1,2019-11-11 09:30:00,0.43072690951803533,5928.534140689712,5.928534140689712,70.34613,-162.05704,,,
S1P1,2019-11-11 10:00:00,0.38859121720768375,5928.534140689712,5.928534140689712,70.34613,-162.05704,,,
S1P1,2019-11-11 10:30:00,0.3520890906145076,5928.534140689712,5.928534140689712,70.34613,-162.05704,,,
S1P1,2019-11-11 11:00:00,0.37221612530543985,5928.534140689712,5.928534140689712,70.34613,-162.05704,,,
S1P1,2019-11-11 11:30:00,0.3411418656198375,5928.534140689712,5.928534140689712,70.34613,-162.05704,,,
S1P1,2019-11-11 12:00:00,0.2931940188199932,5928.534140689712,5.928534140689712,70.34613,-162.05704,,,
S1P1,2019-11-11 12:30:00,0.294628744693114,5928.534140689712,5.928534140689712,70.34613,-162.05704,,,
S1P1,2019-11-11 13:00:00,0.2847916990743447,5928.534140689712,5.928534140689712,70.34613,-162.05704,,,
S1P1,2019-11-11 13:30:00,0.29676131355235263,5928.534140689712,5.928534140689712,70.34613,-162.05704,,,
S1P1,2019-11-11 14:00:00,0.28726560044897725,5928.534140689712,5.928534140689712,70.34613,-162.05704,,,
S1P1,2019-11-11 14:30:00,0.3183064532682598,5928.534140689712,5.928534140689712,70.34613,-162.05704,,,
S1P1,2019-11-11 15:00:00,0.3661078783550719,5928.534140689712,5.928534140689712,70.34613,-162.05704,,,
S1P1,2019-11-11 15:30:00,0.47341947823224445,5928.534140689712,5.928534140689712,70.34613,-162.05704,,,
S1P1,2019-11-11 16:00:00,0.48661388193725996,5928.534140689712,5.928534140689712,70.34613,-162.05704,,,
S1P1,2019-11-11 16:30:00,0.549990566479296,5928.534140689712,5.928534140689712,70.34613,-162.05704,,,
S1P1,2019-11-11 17:00:00,0.6166886949539552,5928.534140689712,5.928534140689712,70.34613,-162.05704,,,
S1P1,2019-11-11 17:30:00,0.8877055113957507,5928.534140689712,5.928534140689712,70.34613,-162.05704,,,
S1P1,2019-11-11 18:00:00,1.2245640820101642,5928.534140689712,5.928534140689712,70.34613,-162.05704,,,
S1P1,2019-11-11 18:30:00,1.173272748272151,5928.534140689712,5.928534140689712,70.34613,-162.05704,,,
S1P1,2019-11-11 19:00:00,1.3292988076272152,5928.534140689712,5.928534140689712,70.34613,-162.05704,,,
S1P1,2019-11-11 19:30:00,1.5428300814113214,5928.534140689712,5.928534140689712,70.34613,-162.05704,,,
S1P1,2019-11-11 20:00:00,1.6700279115808312,5928.534140689712,5.928534140689712,70.34613,-162.05704,,,
S1P1,2019-11-11 20:30:00,1.7058891917059633,5928.534140689712,5.928534140689712,70.34613,-162.05704,,,
S1P1,2019-11-11 21:00:00,1.7083984338519937,5928.534140689712,5.928534140689712,70.34613,-162.05704,,,
S1P1,2019-11-11 21:30:00,1.7589222921526033,5928.534140689712,5.928534140689712,70.34613,-162.05704,,,
S1P1,2019-11-11 22:00:00,1.6252057572031222,5928.534140689712,5.928534140689712,70.34613,-162.05704,,,
S1P1,2019-11-11 22:30:00,1.684219155057758,5928.534140689712,5.928534140689712,70.34613,-162.05704,,,
S1P1,2019-11-11 23:00:00,1.6829914816560378,5928.534140689712,5.928534140689712,70.34613,-162.05704,,,
S1P1,2019-11-11 23:30:00,1.6275112370227363,5928.534140689712,5.928534140689712,70.34613,-162.05704,,,
S1P1,2019-11-12 00:00:00,1.621214272951825,5928.534140689712,5.928534140689712,70.34613,-162.05704,,,
S1P1,2019-11-12 00:30:00,1.6744526541926414,5928.534140689712,5.928534140689712,70.34613,-162.05704,,,
S1P1,2019-11-12 01:00:00,1.5634267995762003,5928.534140689712,5.928534140689712,70.34613,-162.05704,,,
S1P1,2019-11-12 01:30:00,1.86215951765442,5928.534140689712,5.928534140689712,70.34613,-162.05704,,,
S1P1,2019-11-12 02:00:00,1.6902209067324443,5928.534140689712,5.928534140689712,70.34613,-162.05704,,,
S1P1,2019-11-12 02:30:00,1.7021468296013238,5928.534140689712,5.928534140689712,70.34613,-162.05704,,,
S1P1,2019-11-12 03:00:00,1.9874057733001935,5928.534140689712,5.928534140689712,70.34613,-162.05704,,,
S1P1,2019-11-12 03:30:00,1.7546008525898993,5928.534140689712,5.928534140689712,70.34613,-162.05704,,,
S1P1,2019-11-12 04:00:00,1.9859510378203153,5928.534140689712,5.928534140689712,70.34613,-162.05704,,,
S1P1,2019-11-12 04:30:00,1.913592758443257,5928.534140689712,5.928534140689712,70.34613,-162.05704,,,
S1P1,2019-11-12 05:00:00,2.0589561635811937,5928.534140689712,5.928534140689712,70.34613,-162.05704,,,
S1P1,2019-11-12 05:30:00,2.0271561638016573,5928.534140689712,5.928534140689712,70.34613,-162.05704,,,
S1P1,2019-11-12 06:00:00,1.897431908287723,5928.534140689712,5.928534140689712,70.34613,-162.05704,,,
S1P1,2019-11-12 06:30:00,2.167979434378941,5928.534140689712,5.928534140689712,70.34613,-162.05704,,,
S1P1,2019-11-12 07:00:00,2.133426538119906,5928.534140689712,5.928534140689712,70.34613,-162.05704,,,
S1P1,2019-11-12 07:30:00,2.18550323435852,5928.534140689712,5.928534140689712,70.34613,-162.05704,,,
S1P1,2019-11-12 08:00:00,2.0043530235505176,5928.534140689712,5.928534140689712,70.34613,-162.05704,,,
S1P1,2019-11-12 08:30:00,2.0879834518160747,5928.534140689712,5.928534140689712,70.34613,-162.05704,,,
S1P1,2019-11-12 09:00:00,2.2040025658067286,5928.534140689712,5.928534140689712,70.34613,-162.05704,,,
S1P1,2019-11-12 09:30:00,2.0383959447064153,5928.534140689712,5.928534140689712,70.34613,-162.05704,,,
S1P1,2019-11-12 10:00:00,1.921547293987325,5928.534140689712,5.928534140689712,70.34613,-162.05704,,,
S1P1,2019-11-12 10:30:00,2.18690137612528,5928.534140689712,5.928534140689712,70.34613,-162.05704,,,
S1P1,2019-11-12 11:00:00,2.1758037145379023,5928.534140689712,5.928534140689712,70.34613,-162.05704,,,
S1P1,2019-11-12 11:30:00,2.260988370723023,5928.534140689712,5.928534140689712,70.34613,-162.05704,,,
S1P1,2019-11-12 12:00:00,2.4405403450057275,5928.534140689712,5.928534140689712,70.34613,-162.05704,,,
S1P1,2019-11-12 12:30:00,2.276865064388888,5928.534140689712,5.928534140689712,70.34613,-162.05704,,,
S1P1,2019-11-12 13:00:00,2.238939892324762,5928.534140689712,5.928534140689712,70.34613,-162.05704,,,
S1P1,2019-11-12 13:30:00,2.0872104978521753,5928.534140689712,5.928534140689712,70.34613,-162.05704,,,
S1P1,2019-11-12 14:00:00,2.079131152483587,5928.534140689712,5.928534140689712,70.34613,-162.05704,,,
S1P1,2019-11-12 14:30:00,2.094575883559943,5928.534140689712,5.928534140689712,70.34613,-162.05704,,,
S1P1,2019-11-12 15:00:00,1.992533843720807,5928.534140689712,5.928534140689712,70.34613,-162.05704,,,
S1P1,2019-11-12 15:30:00,1.8894960388036073,5928.534140689712,5.928534140689712,70.34613,-162.05704,,,
S1P1,2019-11-12 16:00:00,1.9818494742151898,5928.534140689712,5.928534140689712,70.34613,-162.05704,,,
S1P1,2019-11-12 16:30:00,1.6988365737300968,5928.534140689712,5.928534140689712,70.34613,-162.05704,,,
S1P1,2019-11-12 17:00:00,1.872158419760145,5928.534140689712,5.928534140689712,70.34613,-162.05704,,,
S1P1,2019-11-12 17:30:00,1.812423200079368,5928.534140689712,5.928534140689712,70.34613,-162.05704,,,
S1P1,2019-11-12 18:00:00,1.8904943663034794,5928.534140689712,5.928534140689712,70.34613,-162.05704,,,
S1P1,2019-11-12 18:30:00,1.772708513100404,5928.534140689712,5.928534140689712,70.34613,-162.05704,,,
S1P1,2019-11-12 19:00:00,1.9966768615361217,5928.534140689712,5.928534140689712,70.34613,-162.05704,,,
S1P1,2019-11-12 19:30:00,1.9684077043911699,5928.534140689712,5.928534140689712,70.34613,-162.05704,,,
S1P1,2019-11-12 20:00:00,1.8208574195356688,5928.534140689712,5.928534140689712,70.34613,-162.05704,,,
S1P1,2019-11-12 20:30:00,1.8957402333668674,5928.534140689712,5.928534140689712,70.34613,-162.05704,,,
S1P1,2019-11-12 21:00:00,1.807111344771821,5928.534140689712,5.928534140689712,70.34613,-162.05704,,,
S1P1,2019-11-12 21:30:00,1.7522071002633188,5928.534140689712,5.928534140689712,70.34613,-162.05704,,,
S1P1,2019-11-12 22:00:00,1.7528512746259146,5928.534140689712,5.928534140689712,70.34613,-162.05704,,,
S1P1,2019-11-12 22:30:00,1.4305886442363636,5928.534140689712,5.928534140689712,70.34613,-162.05704,,,
S1P1,2019-11-12 23:00:00,1.451252096096315,5928.534140689712,5.928534140689712,70.34613,-162.05704,,,
S1P1,2019-11-12 23:30:00,1.4896607160678559,5928.534140689712,5.928534140689712,70.34613,-162.05704,,,
S1P1,2019-11-13 00:00:00,1.5539897667929863,5928.534140689712,5.928534140689712,70.34613,-162.05704,,,
S1P1,2019-11-13 00:30:00,1.5173057884109362,5928.534140689712,5.928534140689712,70.34613,-162.05704,,,
S1P1,2019-11-13 01:00:00,1.3904782005426937,5928.534140689712,5.928534140689712,70.34613,-162.05704,,,
S1P1,2019-11-13 01:30:00,1.318549502436593,5928.534140689712,5.928534140689712,70.34613,-162.05704,,,
S1P1,2019-11-13 02:00:00,1.3807475285174984,5928.534140689712,5.928534140689712,70.34613,-162.05704,,,
S1P1,2019-11-13 02:30:00,1.5046303241379635,5928.534140689712,5.928534140689712,70.34613,-162.05704,,,
S1P1,2019-11-13 03:00:00,1.3493837165507392,5928.534140689712,5.928534140689712,70.34613,-162.05704,,,
S1P1,2019-11-13 03:30:00,1.4249163511803495,5928.534140689712,5.928534140689712,70.34613,-162.05704,,,
S1P1,2019-11-13 04:00:00,1.567753865618348,5928.534140689712,5.928534140689712,70.34613,-162.05704,,,
S1P1,2019-11-13 04:30:00,1.5646387358789577,5928.534140689712,5.928534140689712,70.34613,-162.05704,,,
S1P1,2019-11-13 05:00:00,1.5240474602434388,5928.534140689712,5.928534140689712,70.34613,-162.05704,,,
S1P1,2019-11-13 05:30:00,1.5402679262885741,5928.534140689712,5.928534140689712,70.34613,-162.05704,,,
S1P1,2019-11-13 06:00:00,1.4385342160820522,5928.534140689712,5.928534140689712,70.34613,-162.05704,,,
S1P1,2019-11-13 06:30:00,1.5320389451947545,5928.534140689712,5.928534140689712,70.34613,-162.05704,,,
S1P1,2019-11-13 07:00:00,1.5296536133265488,5928.534140689712,5.928534140689712,70.34613,-162.05704,,,
S1P1,2019-11-13 07:30:00,1.4048745622157603,5928.534140689712,5.928534140689712,70.34613,-162.05704,,,
S1P1,2019-11-13 08:00:00,1.571653586706072,5928.534140689712,5.928534140689712,70.34613,-162.05704,,,
S1P1,2019-11-13 08:30:00,1.4939612441017476,5928.534140689712,5.928534140689712,70.34613,-162.05704,,,
S1P1,2019-11-13 09:00:00,1.5541605602954387,5928.534140689712,5.928534140689712,70.34613,-162.05704,,,
S1P1,2019-11-13 09:30:00,1.5540285936308726,5928.534140689712,5.928534140689712,70.34613,-162.05704,,,
S1P1,2019-11-13 10:00:00,1.3388039877889786,5928.534140689712,5.928534140689712,70.34613,-162.05704,,,
S1P1,2019-11-13 10:30:00,1.356364424922916,5928.534140689712,5.928534140689712,70.34613,-162.05704,,,
S1P1,2019-11-13 11:00:00,1.4083742002473154,5928.534140689712,5.928534140689712,70.34613,-162.05704,,,
S1P1,2019-11-13 11:30:00,1.3141859611101874,5928.534140689712,5.928534140689712,70.34613,-162.05704,,,
S1P1,2019-11-13 12:00:00,1.284159294483171,5928.534140689712,5.928534140689712,70.34613,-162.05704,,,
S1P1,2019-11-13 12:30:00,1.2928911849701104,5928.534140689712,5.928534140689712,70.34613,-162.05704,,,
S1P1,2019-11-13 13:00:00,1.2277833390913115,5928.534140689712,5.928534140689712,70.34613,-162.05704,,,
S1P1,2019-11-13 13:30:00,1.2626377749981186,5928.534140689712,5.928534140689712,70.34613,-162.05704,,,
S1P1,2019-11-13 14:00:00,1.1890939464521364,5928.534140689712,5.928534140689712,70.34613,-162.05704,,,
S1P1,2019-11-13 14:30:00,1.0793496495303816,5928.534140689712,5.928534140689712,70.34613,-162.05704,,,
S1P1,2019-11-13 15:00:00,1.0619780627240314,5928.534140689712,5.928534140689712,70.34613,-162.05704,,,
S1P1,2019-11-13 15:30:00,1.036274899467795,5928.534140689712,5.928534140689712,70.34613,-162.05704,,,
S1P1,2019-11-13 16:00:00,1.0507856391084809,5928.534140689712,5.928534140689712,70.34613,-162.05704,,,
S1P1,2019-11-13 16:30:00,1.0128428311411806,5928.534140689712,5.928534140689712,70.34613,-162.05704,,,
S1P1,2019-11-13 17:00:00,1.0050069148098681,5928.534140689712,5.928534140689712,70.34613,-162.05704,,,
S1P1,2019-11-13 17:30:00,0.9277801220107552,5928.534140689712,5.928534140689712,70.34613,-162.05704,,,
S1P1,2019-11-13 18:00:00,0.9566668148733088,5928.534140689712,5.928534140689712,70.34613,-162.05704,,,
S1P1,2019-11-13 18:30:00,1.0001041719923183,5928.534140689712,5.928534140689712,70.34613,-162.05704,,,
S1P1,2019-11-13 19:00:00,1.064027286260871,5928.534140689712,5.928534140689712,70.34613,-162.05704,,,
S1P1,2019-11-13 19:30:00,0.8772712149367377,5928.534140689712,5.928534140689712,70.34613,-162.05704,,,
S1P1,2019-11-13 20:00:00,1.0960137383622675,5928.534140689712,5.928534140689712,70.34613,-162.05704,,,
S1P1,2019-11-13 20:30:00,1.178070215501957,5928.534140689712,5.928534140689712,70.34613,-162.05704,,,
S1P1,2019-11-13 21:00:00,1.4550211880933255,5928.534140689712,5.928534140689712,70.34613,-162.05704,,,
S1P1,2019-11-13 21:30:00,1.5985032700300874,5928.534140689712,5.928534140689712,70.34613,-162.05704,,,
S1P1,2019-11-13 22:00:00,1.4741483976936582,5928.534140689712,5.928534140689712,70.34613,-162.05704,,,
S1P1,2019-11-13 22:30:00,1.4497187261147413,5928.534140689712,5.928534140689712,70.34613,-162.05704,,,
S1P1,2019-11-13 23:00:00,1.5913651174886476,5928.534140689712,5.928534140689712,70.34613,-162.05704,,,
S1P1,2019-11-13 23:30:00,1.5601689311187676,5928.534140689712,5.928534140689712,70.34613,-162.05704,,,
S1P1,2019-11-14 00:00:00,1.5028276997882128,5928.534140689712,5.928534140689712,70.34613,-162.05704,,,
S1P1,2019-11-14 00:30:00,1.57645635037781,5928.534140689712,5.928534140689712,70.34613,-162.05704,,,
S1P1,2019-11-14 01:00:00,1.4950484240726665,5928.534140689712,5.928534140689712,70.34613,-162.05704,,,
S1P1,2019-11-14 01:30:00,1.4417816618844157,5928.534140689712,5.928534140689712,70.34613,-162.05704,,,
S1P1,2019-11-14 02:00:00,1.513011443849871,5928.534140689712,5.928534140689712,70.34613,-162.05704,,,
S1P1,2019-11-14 02:30:00,1.338240143148795,5928.534140689712,5.928534140689712,70.34613,-162.05704,,,
S1P1,2019-11-14 03:00:00,1.326622210071991,5928.534140689712,5.928534140689712,70.34613,-162.05704,,,
S1P1,2019-11-14 03:30:00,1.2872605354335453,5928.534140689712,5.928534140689712,70.34613,-162.05704,,,
S1P1,2019-11-14 04:00:00,1.2834101122459105,5928.534140689712,5.928534140689712,70.34613,-162.05704,,,
S1P1,2019-11-14 04:30:00,1.2532856757167996,5928.534140689712,5.928534140689712,70.34613,-162.05704,,,
S1P1,2019-11-14 05:00:00,1.2445948576190062,5928.534140689712,5.928534140689712,70.34613,-162.05704,,,
S1P1,2019-11-14 05:30:00,1.2221367417323714,5928.534140689712,5.928534140689712,70.34613,-162.05704,,,
S1P1,2019-11-14 06:00:00,1.2186963407660094,5928.534140689712,5.928534140689712,70.34613,-162.05704,,,
S1P1,2019-11-14 06:30:00,1.1864311828256475,5928.534140689712,5.928534140689712,70.34613,-162.05704,,,
S1P1,2019-11-14 07:00:00,1.1613284186755057,5928.534140689712,5.928534140689712,70.34613,-162.05704,,,
S1P1,2019-11-14 07:30:00,1.1068698514948918,5928.534140689712,5.928534140689712,70.34613,-162.05704,,,
S1P1,2019-11-14 08:00:00,1.1547413359571348,5928.534140689712,5.928534140689712,70.34613,-162.05704,,,
S1P1,2019-11-14 08:30:00,1.1702558722493215,5928.534140689712,5.928534140689712,70.34613,-162.05704,,,
S1P1,2019-11-14 09:00:00,1.1075369805563355,5928.534140689712,5.928534140689712,70.34613,-162.05704,,,
S1P1,2019-11-14 09:30:00,1.0594554890805594,5928.534140689712,5.928534140689712,70.34613,-162.05704,,,
S1P1,2019-11-14 10:00:00,0.989226243988296,5928.534140689712,5.928534140689712,70.34613,-162.05704,,,
S1P1,2019-11-14 10:30:00,1.011521827667532,5928.534140689712,5.928534140689712,70.34613,-162.05704,,,
S1P1,2019-11-14 11:00:00,1.0244788555984068,5928.534140689712,5.928534140689712,70.34613,-162.05704,,,
S1P1,2019-11-14 11:30:00,1.0061540918778038,5928.534140689712,5.928534140689712,70.34613,-162.05704,,,
S1P1,2019-11-14 12:00:00,1.0430152053279698,5928.534140689712,5.928534140689712,70.34613,-162.05704,,,
S1P1,2019-11-14 12:30:00,1.053426898663316,5928.534140689712,5.928534140689712,70.34613,-162.05704,,,
S1P1,2019-11-14 13:00:00,0.9789894057980733,5928.534140689712,5.928534140689712,70.34613,-162.05704,,,
S1P1,2019-11-14 13:30:00,0.9225368161163865,5928.534140689712,5.928534140689712,70.34613,-162.05704,,,
S1P1,2019-11-14 14:00:00,1.048513841010623,5928.534140689712,5.928534140689712,70.34613,-162.05704,,,
S1P1,2019-11-14 14:30:00,1.128112202784908,5928.534140689712,5.928534140689712,70.34613,-162.05704,,,
S1P1,2019-11-14 15:00:00,1.0981756006772776,5928.534140689712,5.928534140689712,70.34613,-162.05704,,,
S1P1,2019-11-14 15:30:00,1.145354330955468,5928.534140689712,5.928534140689712,70.34613,-162.05704,,,
S1P1,2019-11-14 16:00:00,1.066285641535387,5928.534140689712,5.928534140689712,70.34613,-162.05704,,,
S1P1,2019-11-14 16:30:00,1.0273285469391644,5928.534140689712,5.928534140689712,70.34613,-162.05704,,,
S1P1,2019-11-14 17:00:00,0.9953037148710154,5928.534140689712,5.928534140689712,70.34613,-162.05704,,,
S1P1,2019-11-14 17:30:00,1.059018309469363,5928.534140689712,5.928534140689712,70.34613,-162.05704,,,
S1P1,2019-11-14 18:00:00,1.1013700426775817,5928.534140689712,5.928534140689712,70.34613,-162.05704,,,
S1P1,2019-11-14 18:30:00,1.0952488385895331,5928.534140689712,5.928534140689712,70.34613,-162.05704,,,
S1P1,2019-11-14 19:00:00,0.990644401762041,5928.534140689712,5.928534140689712,70.34613,-162.05704,,,
S1P1,2019-11-14 19:30:00,1.0850578169461567,5928.534140689712,5.928534140689712,70.34613,-162.05704,,,
S1P1,2019-11-14 20:00:00,1.0992650871236145,5928.534140689712,5.928534140689712,70.34613,-162.05704,,,
S1P1,2019-11-14 20:30:00,1.047584986806001,5928.534140689712,5.928534140689712,70.34613,-162.05704,,,
S1P1,2019-11-14 21:00:00,0.9485566878701555,5928.534140689712,5.928534140689712,70.34613,-162.05704,,,
S1P1,2019-11-14 21:30:00,0.9654822116552201,5928.534140689712,5.928534140689712,70.34613,-162.05704,,,
S1P1,2019-11-14 22:00:00,0.8722229995446976,5928.534140689712,5.928534140689712,70.34613,-162.05704,,,
S1P1,2019-11-14 22:30:00,0.9647897000149908,5928.534140689712,5.928534140689712,70.34613,-162.05704,,,
S1P1,2019-11-14 23:00:00,0.8785609317581224,5928.534140689712,5.928534140689712,70.34613,-162.05704,,,
S1P1,2019-11-14 23:30:00,1.0356995386470516,5928.534140689712,5.928534140689712,70.34613,-162.05704,,,
S1P1,2019-11-15 00:00:00,1.0249234854518146,5928.534140689712,5.928534140689712,70.34613,-162.05704,,,
S1P1,2019-11-15 00:30:00,1.1968457097828682,5928.534140689712,5.928534140689712,70.34613,-162.05704,,,
S1P1,2019-11-15 01:00:00,1.1208707457450076,5928.534140689712,5.928534140689712,70.34613,-162.05704,,,
S1P1,2019-11-15 01:30:00,1.171500902624178,5928.534140689712,5.928534140689712,70.34613,-162.05704,,,
S1P1,2019-11-15 02:00:00,1.1100765536135484,5928.534140689712,5.928534140689712,70.34613,-162.05704,,,
S1P1,2019-11-15 02:30:00,1.2081294602214376,5928.534140689712,5.928534140689712,70.34613,-162.05704,,,
S1P1,2019-11-15 03:00:00,1.0513786723998557,5928.534140689712,5.928534140689712,70.34613,-162.05704,,,
S1P1,2019-11-15 03:30:00,0.9583920310978279,5928.534140689712,5.928534140689712,70.34613,-162.05704,3802.467631617543,3.8024676316175428,-2126.0665090721695
S1P1,2019-11-15 04:00:00,0.9842288183117643,5928.534140689712,5.928534140689712,70.34613,-162.05704,3802.467631617543,3.8024676316175428,-2126.0665090721695
S1P1,2019-11-15 04:30:00,0.8928044932558558,5928.534140689712,5.928534140689712,70.34613,-162.05704,3802.467631617543,3.8024676316175428,-2126.0665090721695
S1P1,2019-11-15 05:00:00,0.8398038257076708,5928.534140689712,5.928534140689712,70.34613,-162.05704,3802.467631617543,3.8024676316175428,-2126.0665090721695
S1P1,2019-11-15 05:30:00,0.7339026183188165,5928.534140689712,5.928534140689712,70.34613,-162.05704,4044.219783948208,,-1884.3143567415045
S1P1,2019-11-15 06:00:00,0.6998870430584015,5928.534140689712,5.928534140689712,70.34613,-162.05704,4285.971936278873,,-1642.5622044108395
S1P1,2019-11-15 06:30:00,0.6842050968980095,5928.534140689712,5.928534140689712,70.34613,-162.05704,4527.724088609538,,-1400.8100520801745
S1P1,2019-11-15 07:00:00,0.6829243420645964,5928.534140689712,5.928534140689712,70.34613,-162.05704,4769.476240940203,,-1159.0578997495095
S1P1,2019-11-15 07:30:00,0.6960812289170957,5928.534140689712,5.928534140689712,70.34613,-162.05704,5011.228393270868,,-917.3057474188445
S1P1,2019-11-15 08:00:00,0.627350898930402,5928.534140689712,5.928534140689712,70.34613,-162.05704,5252.980545601533,,-675.5535950881795
S1P1,2019-11-15 08:30:00,0.6358054273449791,5928.534140689712,5.928534140689712,70.34613,-162.05704,5494.732697932198,,-433.80144275751445
S1P1,2019-11-15 09:00:00,0.618367554069442,5928.534140689712,5.928534140689712,70.34613,-162.05704,5736.484850262863,,-192.04929042684944
S1P1,2019-11-15 09:30:00,0.5831141850385458,5928.534140689712,5.928534140689712,70.34613,-162.05704,5978.237002593528,,49.702861903815574
S1P1,2019-11-15 10:00:00,0.6191007558885192,5928.534140689712,5.928534140689712,70.34613,-162.05704,6219.989154924193,,291.4550142344806
S1P1,2019-11-15 10:30:00,0.5953818099913099,5928.534140689712,5.928534140689712,70.34613,-162.05704,6461.741307254857,,533.2071665651447
S1P1,2019-11-15 11:00:00,0.6087484870151371,5928.534140689712,5.928534140689712,70.34613,-162.05704,6703.493459585523,,774.9593188958106
S1P1,2019-11-15 11:30:00,0.5874856899101558,5928.534140689712,5.928534140689712,70.34613,-162.05704,6945.245611916187,,1016.7114712264747
S1P1,2019-11-15 12:00:00,0.5929031426006605,5928.534140689712,5.928534140689712,70.34613,-162.05704,7186.997764246853,,1258.4636235571406
S1P1,2019-11-15 12:30:00,0.5939261064399751,5928.534140689712,5.928534140689712,70.34613,-162.05704,7428.749916577517,,1500.2157758878047
S1P1,2019-11-15 13:00:00,0.5997666334104979,5928.534140689712,5.928534140689712,70.34613,-162.05704,7670.502068908183,,1741.9679282184707
S1P1,2019-11-15 13:30:00,0.5412454701264399,5928.534140689712,5.928534140689712,70.34613,-162.05704,7912.254221238848,,1983.7200805491357
S1P1,2019-11-15 14:00:00,0.561667640424139,5928.534140689712,5.928534140689712,70.34613,-162.05704,8154.006373569513,,2225.4722328798007
S1P1,2019-11-15 14:30:00,0.49709904896076457,5928.534140689712,5.928534140689712,70.34613,-162.05704,8395.758525900179,,2467.2243852104666
S1P1,2019-11-15 15:00:00,0.5196213174831382,5928.534140689712,5.928534140689712,70.34613,-162.05704,8637.510678230843,,2708.9765375411307
S1P1,2019-11-15 15:30:00,0.4841115037590384,5928.534140689712,5.928534140689712,70.34613,-162.05704,8879.262830561507,,2950.728689871795
S1P1,2019-11-15 16:00:00,0.5074345140204939,5928.534140689712,5.928534140689712,70.34613,-162.05704,9121.014982892171,,3192.480842202459
S1P1,2019-11-15 16:30:00,0.4787643002258682,5928.534140689712,5.928534140689712,70.34613,-162.05704,9362.767135222837,,3434.232994533125
S1P1,2019-11-15 17:00:00,0.43960025759101967,5928.534140689712,5.928534140689712,70.34613,-162.05704,9604.519287553503,,3675.9851468637908
S1P1,2019-11-15 17:30:00,0.48107196183834955,5928.534140689712,5.928534140689712,70.34613,-162.05704,9846.271439884167,,3917.737299194455
S1P1,2019-11-15 18:00:00,0.4997154012307317,5928.534140689712,5.928534140689712,70.34613,-162.05704,10088.023592214831,,4159.489451525119
S1P1,2019-11-15 18:30:00,0.4841280071398067,5928.534140689712,5.928534140689712,70.34613,-162.05704,10329.775744545497,,4401.241603855785
S1P1,2019-11-15 19:00:00,0.5419543849429074,5928.534140689712,5.928534140689712,70.34613,-162.05704,10571.527896876163,,4642.993756186451
S1P1,2019-11-15 19:30:00,0.5614862678969449,5928.534140689712,5.928534140689712,70.34613,-162.05704,10813.280049206827,,4884.745908517115
S1P1,2019-11-15 20:00:00,0.48707544596951124,5928.534140689712,5.928534140689712,70.34613,-162.05704,11055.032201537491,,5126.498060847779
S1P1,2019-11-15 20:30:00,0.5698807710537956,5928.534140689712,5.928534140689712,70.34613,-162.05704,11296.784353868157,,5368.250213178445
S1P1,2019-11-15 21:00:00,0.5753030186552849,5928.534140689712,5.928534140689712,70.34613,-162.05704,11538.536506198823,,5610.002365509111
S1P1,2019-11-15 21:30:00,0.6065576401268671,5928.534140689712,5.928534140689712,70.34613,-162.05704,11780.288658529487,,5851.754517839775
S1P1,2019-11-15 22:00:00,0.6338812199224736,5928.534140689712,5.928534140689712,70.34613,-162.05704,12022.040810860153,,6093.506670170441
S1P1,2019-11-15 22:30:00,0.614918187829954,5928.534140689712,5.928534140689712,70.34613,-162.05704,12263.792963190817,,6335.258822501105
S1P1,2019-11-15 23:00:00,0.6687313082393193,5928.534140689712,5.928534140689712,70.34613,-162.05704,12505.545115521483,,6577.010974831771
S1P1,2019-11-15 23:30:00,0.6534588640707808,5928.534140689712,5.928534140689712,70.34613,-162.05704,12747.297267852147,,6818.763127162435
S1P1,2019-11-16 00:00:00,0.6374299264923089,5928.534140689712,5.928534140689712,70.34613,-162.05704,12989.049420182813,,7060.515279493101
S1P1,2019-11-16 00:30:00,0.6752807991871949,5928.534140689712,5.928534140689712,70.34613,-162.05704,13230.801572513477,,7302.267431823765
S1P1,2019-11-16 01:00:00,0.6999026432177579,5928.534140689712,5.928534140689712,70.34613,-162.05704,13472.553724844141,,7544.019584154429
S1P1,2019-11-16 01:30:00,0.641208046569513,5928.534140689712,5.928534140689712,70.34613,-162.05704,13714.305877174807,,7785.771736485095
S1P1,2019-11-16 02:00:00,0.6310488912693109,5928.534140689712,5.928534140689712,70.34613,-162.05704,13956.058029505471,,8027.523888815759
S1P1,2019-11-16 02:30:00,0.6462589301089299,5928.534140689712,5.928534140689712,70.34613,-162.05704,14197.810181836137,,8269.276041146426
S1P1,2019-11-16 03:00:00,0.6560608408130278,5928.534140689712,5.928534140689712,70.34613,-162.05704,14439.562334166802,14.439562334166801,8511.02819347709
S1P1,2019-11-16 03:30:00,0.5952477940377497,5928.534140689712,5.928534140689712,70.34613,-162.05704,14439.562334166802,14.439562334166801,8511.02819347709
S1P1,2019-11-16 04:00:00,0.6652926620145148,5928.534140689712,5.928534140689712,70.34613,-162.05704,14439.562334166802,14.439562334166801,8511.02819347709
S1P1,2019-11-16 04:30:00,0.6448369238907905,5928.534140689712,5.928534140689712,70.34613,-162.05704,14439.562334166802,14.439562334166801,8511.02819347709
S1P1,2019-11-16 05:00:00,0.6688435498530211,5928.534140689712,5.928534140689712,70.34613,-162.05704,14329.591518451785,,8401.057377762074
S1P1,2019-11-16 05:30:00,0.6141854804793568,5928.534140689712,5.928534140689712,70.34613,-162.05704,14219.620702736769,,8291.086562047058
S1P1,2019-11-16 06:00:00,0.599705801523834,5928.534140689712,5.928534140689712,70.34613,-162.05704,14109.649887021753,,8181.1157463320405
S1P1,2019-11-16 06:30:00,0.5982002135075927,5928.534140689712,5.928534140689712,70.34613,-162.05704,13999.679071306737,,8071.144930617024
S1P1,2019-11-16 07:00:00,0.5766960327206547,5928.534140689712,5.928534140689712,70.34613,-162.05704,13889.70825559172,,7961.174114902008
S1P1,2019-11-16 07:30:00,0.5065171924488299,5928.534140689712,5.928534140689712,70.34613,-162.05704,13779.737439876704,,7851.203299186992
S1P1,2019-11-16 08:00:00,0.5666664466060937,5928.534140689712,5.928534140689712,70.34613,-162.05704,13669.766624161688,,7741.232483471976
S1P1,2019-11-16 08:30:00,0.5448708558568698,5928.534140689712,5.928534140689712,70.34613,-162.05704,13559.795808446672,,7631.2616677569595
S1P1,2019-11-16 09:00:00,0.5032271370871855,5928.534140689712,5.928534140689712,70.34613,-162.05704,13449.824992731656,,7521.290852041943
S1P1,2019-11-16 09:30:00,0.519515273830196,5928.534140689712,5.928534140689712,70.34613,-162.05704,13339.85417701664,,7411.320036326927
S1P1,2019-11-16 10:00:00,0.5630098769693243,5928.534140689712,5.928534140689712,70.34613,-162.05704,13229.883361301621,,7301.349220611909
S1P1,2019-11-16 10:30:00,0.5090010299947308,5928.534140689712,5.928534140689712,70.34613,-162.05704,13119.912545586605,,7191.378404896893
S1P1,2019-11-16 11:00:00,0.5031514125167562,5928.534140689712,5.928534140689712,70.34613,-162.05704,13009.941729871589,,7081.407589181877
S1P1,2019-11-16 11:30:00,0.49253861486319495,5928.534140689712,5.928534140689712,70.34613,-162.05704,12899.970914156573,,6971.43677346686
S1P1,2019-11-16 12:00:00,0.5071716689938635,5928.534140689712,5.928534140689712,70.34613,-162.05704,12790.000098441556,,6861.465957751844
S1P1,2019-11-16 12:30:00,0.4954408309801487,5928.534140689712,5.928534140689712,70.34613,-162.05704,12680.02928272654,,6751.495142036828
S1P1,2019-11-16 13:00:00,0.4638220654156923,5928.534140689712,5.928534140689712,70.34613,-162.05704,12570.058467011524,,6641.524326321812
S1P1,2019-11-16 13:30:00,0.45491822736718945,5928.534140689712,5.928534140689712,70.34613,-162.05704,12460.087651296508,,6531.5535106067955
S1P1,2019-11-16 14:00:00,0.45220878059691816,5928.534140689712,5.928534140689712,70.34613,-162.05704,12350.116835581492,,6421.582694891779
S1P1,2019-11-16 14:30:00,0.41285624012010175,5928.534140689712,5.928534140689712,70.34613,-162.05704,12240.146019866475,,6311.611879176763
S1P1,2019-11-16 15:00:00,0.3906917151429739,5928.534140689712,5.928534140689712,70.34613,-162.05704,12130.17520415146,,6201.641063461747
S1P1,2019-11-16 15:30:00,0.37940160563425596,5928.534140689712,5.928534140689712,70.34613,-162.05704,12020.204388436443,,6091.670247746731
S1P1,2019-11-16 16:00:00,0.3726694406442525,5928.534140689712,5.928534140689712,70.34613,-162.05704,11910.233572721427,,5981.699432031714
S1P1,2019-11-16 16:30:00,0.3960695975295536,5928.534140689712,5.928534140689712,70.34613,-162.05704,11800.26275700641,,5871.728616316698
S1P1,2019-11-16 17:00:00,0.4007316264752923,5928.534140689712,5.928534140689712,70.34613,-162.05704,11690.291941291394,,5761.757800601682
S1P1,2019-11-16 17:30:00,0.36726457924451966,5928.534140689712,5.928534140689712,70.34613,-162.05704,11580.321125576378,,5651.786984886666
S1P1,2019-11-16 18:00:00,0.3487348512983422,5928.534140689712,5.928534140689712,70.34613,-162.05704,11470.350309861362,,5541.81616917165
S1P1,2019-11-16 18:30:00,0.35215851211403326,5928.534140689712,5.928534140689712,70.34613,-162.05704,11360.379494146346,,5431.845353456633
S1P1,2019-11-16 19:00:00,0.3196722371650308,5928.534140689712,5.928534140689712,70.34613,-162.05704,11250.40867843133,,5321.874537741617
S1P1,2019-11-16 19:30:00,0.33348756853901623,5928.534140689712,5.928534140689712,70.34613,-162.05704,11140.437862716313,,5211.903722026601
S1P1,2019-11-16 20:00:00,0.2831573829334789,5928.534140689712,5.928534140689712,70.34613,-162.05704,11030.467047001297,,5101.932906311585
S1P1,2019-11-16 20:30:00,0.30032278220287917,5928.534140689712,5.928534140689712,70.34613,-162.05704,10920.49623128628,,4991.9620905965685
S1P1,2019-11-16 21:00:00,0.31047302511457175,5928.534140689712,5.928534140689712,70.34613,-162.05704,10810.525415571265,,4881.991274881552
S1P1,2019-11-16 21:30:00,0.29314842716574985,5928.534140689712,5.928534140689712,70.34613,-162.05704,10700.554599856248,,4772.020459166536
S1P1,2019-11-16 22:00:00,0.28729628352115716,5928.534140689712,5.928534140689712,70.34613,-162.05704,10590.583784141232,,4662.04964345152
S1P1,2019-11-16 22:30:00,0.2724703330326133,5928.534140689712,5.928534140689712,70.34613,-162.05704,10480.612968426216,,4552.078827736504
S1P1,2019-11-16 23:00:00,0.26860488581166087,5928.534140689712,5.928534140689712,70.34613,-162.05704,10370.6421527112,,4442.108012021487
S1P1,2019-11-16 23:30:00,0.26554040707453874,5928.534140689712,5.928534140689712,70.34613,-162.05704,10260.671336996184,,4332.137196306471
S1P1,2019-11-17 00:00:00,0.2557949968373736,5928.534140689712,5.928534140689712,70.34613,-162.05704,10150.700521281167,,4222.166380591455
S1P1,2019-11-17 00:30:00,0.2456341401242736,5928.534140689712,5.928534140689712,70.34613,-162.05704,10040.729705566151,,4112.195564876439
S1P1,2019-11-17 01:00:00,0.23290617768072117,5928.534140689712,5.928534140689712,70.34613,-162.05704,9930.758889851135,,4002.2247491614226
S1P1,2019-11-17 01:30:00,0.2208551705075156,5928.534140689712,5.928534140689712,70.34613,-162.05704,9820.788074136119,,3892.2539334464063
S1P1,2019-11-17 02:00:00,0.20164983974092365,5928.534140689712,5.928534140689712,70.34613,-162.05704,9710.817258421102,,3782.28311773139
S1P1,2019-11-17 02:30:00,0.2248892017362562,5928.534140689712,5.928534140689712,70.34613,-162.05704,9600.846442706084,,3672.312302016372
S1P1,2019-11-17 03:00:00,0.21002139335848471,5928.534140689712,5.928534140689712,70.34613,-162.05704,9490.875626991068,,3562.341486301356
S1P1,2019-11-17 03:30:00,0.2152361306489126,5928.534140689712,5.928534140689712,70.34613,-162.05704,9380.904811276052,,3452.3706705863397
S1P1,2019-11-17 04:00:00,0.2056648392694536,5928.534140689712,5.928534140689712,70.34613,-162.05704,9270.933995561036,,3342.3998548713234
S1P1,2019-11-17 04:30:00,0.1964257366660895,5928.534140689712,5.928534140689712,70.34613,-162.05704,9160.96317984602,,3232.429039156307
S1P1,2019-11-17 05:00:00,0.18885618633311113,5928.534140689712,5.928534140689712,70.34613,-162.05704,9050.992364131003,,3122.458223441291
S1P1,2019-11-17 05:30:00,0.17138500632324688,5928.534140689712,5.928534140689712,70.34613,-162.05704,8941.021548415987,,3012.487407726275
S1P1,2019-11-17 06:00:00,0.1596817733534861,5928.534140689712,5.928534140689712,70.34613,-162.05704,8831.050732700971,,2902.5165920112586
S1P1,2019-11-17 06:30:00,0.1415368057873048,5928.534140689712,5.928534140689712,70.34613,-162.05704,8721.079916985955,,2792.5457762962424
S1P1,2019-11-17 07:00:00,0.13796172557492445,5928.534140689712,5.928534140689712,70.34613,-162.05704,8611.109101270938,,2682.574960581226
S1P1,2019-11-17 07:30:00,0.1169681793059109,5928.534140689712,5.928534140689712,70.34613,-162.05704,8501.138285555922,,2572.60414486621
S1P1,2019-11-17 08:00:00,0.11033941429528656,5928.534140689712,5.928534140689712,70.34613,-162.05704,8391.167469840906,,2462.6333291511937
S1P1,2019-11-17 08:30:00,0.11100878727597427,5928.534140689712,5.928534140689712,70.34613,-162.05704,8281.196654125888,,2352.6625134361757
S1P1,2019-11-17 09:00:00,0.10468385423492899,5928.534140689712,5.928534140689712,70.34613,-162.05704,8171.225838410873,,2242.6916977211604
S1P1,2019-11-17 09:30:00,0.10126520200060815,5928.534140689712,5.928534140689712,70.34613,-162.05704,8061.2550226958565,,2132.720882006144
S1P1,2019-11-17 10:00:00,,5928.534140689712,5.928534140689712,70.34613,-162.05704,7951.28420698084,,2022.750066291128
S1P1,2019-11-17 10:30:00,,5928.534140689712,5.928534140689712,70.34613,-162.05704,7841.313391265824,,1912.7792505761117
S1P1,2019-11-17 11:00:00,,5928.534140689712,5.928534140689712,70.34613,-162.05704,7731.342575550808,,1802.8084348610955
S1P1,2019-11-17 11:30:00,0.08224451433199677,5928.534140689712,5.928534140689712,70.34613,-162.05704,7621.371759835792,,1692.8376191460793
S1P1,2019-11-17 12:00:00,,5928.534140689712,5.928534140689712,70.34613,-162.05704,7511.400944120775,,1582.866803431063
S1P1,2019-11-17 12:30:00,0.09989540006676123,5928.534140689712,5.928534140689712,70.34613,-162.05704,7401.430128405759,,1472.8959877160469
S1P1,2019-11-17 13:00:00,,5928.534140689712,5.928534140689712,70.34613,-162.05704,7291.459312690743,,1362.9251720010307
S1P1,2019-11-17 13:30:00,0.08851190416264225,5928.534140689712,5.928534140689712,70.34613,-162.05704,7181.488496975727,,1252.9543562860144
S1P1,2019-11-17 14:00:00,0.08273142170120341,5928.534140689712,5.928534140689712,70.34613,-162.05704,7071.517681260711,,1142.9835405709982
S1P1,2019-11-17 14:30:00,0.08783835570276294,5928.534140689712,5.928534140689712,70.34613,-162.05704,6961.546865545693,,1033.012724855981
S1P1,2019-11-17 15:00:00,,5928.534140689712,5.928534140689712,70.34613,-162.05704,6851.576049830677,,923.0419091409649
S1P1,2019-11-17 15:30:00,0.0928433231659928,5928.534140689712,5.928534140689712,70.34613,-162.05704,6741.605234115661,,813.0710934259487
S1P1,2019-11-17 16:00:00,,5928.534140689712,5.928534140689712,70.34613,-162.05704,6631.634418400645,,703.1002777109325
S1P1,2019-11-17 16:30:00,0.09605877461537704,5928.534140689712,5.928534140689712,70.34613,-162.05704,6521.663602685629,,593.1294619959162
S1P1,2019-11-17 17:00:00,0.103826197463929,5928.534140689712,5.928534140689712,70.34613,-162.05704,6411.692786970612,,483.15864628090003
S1P1,2019-11-17 17:30:00,0.09499198610457948,5928.534140689712,5.928534140689712,70.34613,-162.05704,6301.721971255596,,373.1878305658838
S1P1,2019-11-17 18:00:00,0.10359672704588235,5928.534140689712,5.928534140689712,70.34613,-162.05704,6191.75115554058,,263.2170148508676
S1P1,2019-11-17 18:30:00,0.09422603562674564,5928.534140689712,5.928534140689712,70.34613,-162.05704,6081.780339825564,,153.24619913585138
S1P1,2019-11-17 19:00:00,0.09941343650138927,5928.534140689712,5.928534140689712,70.34613,-162.05704,5971.8095241105475,,43.27538342083517
S1P1,2019-11-17 19:30:00,0.09807883794587859,5928.534140689712,5.928534140689712,70.34613,-162.05704,5861.838708395531,,-66.69543229418105
S1P1,2019-11-17 20:00:00,0.08947377704334686,5928.534140689712,5.928534140689712,70.34613,-162.05704,5751.867892680515,,-176.66624800919726
S1P1,2019-11-17 20:30:00,0.09094094815081566,5928.534140689712,5.928534140689712,70.34613,-162.05704,5641.897076965499,,-286.6370637242135
S1P1,2019-11-17 21:00:00,0.08469315920837021,5928.534140689712,5.928534140689712,70.34613,-162.05704,5531.926261250483,,-396.6078794392297
S1P1,2019-11-17 21:30:00,0.08829135389996105,5928.534140689712,5.928534140689712,70.34613,-162.05704,5421.955445535466,,-506.5786951542459
S1P1,2019-11-17 22:00:00,0.09352020594927556,5928.534140689712,5.928534140689712,70.34613,-162.05704,5311.98462982045,,-616.5495108692621
S1P1,2019-11-17 22:30:00,0.09917883095590159,5928.534140689712,5.928534140689712,70.34613,-162.05704,5202.013814105434,,-726.5203265842783
S1P1,2019-11-17 23:00:00,0.1112845962976239,5928.534140689712,5.928534140689712,70.34613,-162.05704,5092.042998390418,,-836.4911422992946
S1P1,2019-11-17 23:30:00,0.10543628797202177,5928.534140689712,5.928534140689712,70.34613,-162.05704,4982.072182675402,,-946.4619580143108
S1P1,2019-11-18 00:00:00,0.12009085018414146,5928.534140689712,5.928534140689712,70.34613,-162.05704,4872.1013669603835,,-1056.4327737293288
S1P1,2019-11-18 00:30:00,0.1395439572941299,5928.534140689712,5.928534140689712,70.34613,-162.05704,4762.130551245367,,-1166.403589444345
S1P1,2019-11-18 01:00:00,0.17438576469939998,5928.534140689712,5.928534140689712,70.34613,-162.05704,4652.159735530351,,-1276.3744051593612
S1P1,2019-11-18 01:30:00,0.18029578884888176,5928.534140689712,5.928534140689712,70.34613,-162.05704,4542.188919815335,,-1386.3452208743774
S1P1,2019-11-18 02:00:00,0.1954026250053636,5928.534140689712,5.928534140689712,70.34613,-162.05704,4432.218104100319,,-1496.3160365893937
S1P1,2019-11-18 02:30:00,0.2241330835798923,5928.534140689712,5.928534140689712,70.34613,-162.05704,4322.247288385302,,-1606.2868523044099
S1P1,2019-11-18 03:00:00,0.22936584745288277,5928.534140689712,5.928534140689712,70.34613,-162.05704,4212.276472670286,,-1716.257668019426
S1P1,2019-11-18 03:30:00,0.2392377701534183,5928.534140689712,5.928534140689712,70.34613,-162.05704,4102.30565695527,4.10230565695527,-1826.2284837344423
S1P1,2019-11-18 04:00:00,0.25140748385213296,5928.534140689712,5.928534140689712,70.34613,-162.05704,4102.30565695527,4.10230565695527,-1826.2284837344423
S1P1,2019-11-18 04:30:00,0.2649992958862251,5928.534140689712,5.928534140689712,70.34613,-162.05704,4102.30565695527,4.10230565695527,-1826.2284837344423
S1P1,2019-11-18 05:00:00,0.297457896955483,5928.534140689712,5.928534140689712,70.34613,-162.05704,4102.30565695527,4.10230565695527,-1826.2284837344423
S1P1,2019-11-18 05:30:00,0.2511323892063937,5928.534140689712,5.928534140689712,70.34613,-162.05704,4113.615920291439,,-1814.9182203982737
S1P1,2019-11-18 06:00:00,0.25718797186506287,5928.534140689712,5.928534140689712,70.34613,-162.05704,4124.926183627607,,-1803.607957062105
S1P1,2019-11-18 06:30:00,0.29211806436787746,5928.534140689712,5.928534140689712,70.34613,-162.05704,4136.236446963776,,-1792.2976937259364
S1P1,2019-11-18 07:00:00,0.27964675792522453,5928.534140689712,5.928534140689712,70.34613,-162.05704,4147.546710299945,,-1780.9874303897677
S1P1,2019-11-18 07:30:00,0.3122527023306277,5928.534140689712,5.928534140689712,70.34613,-162.05704,4158.856973636113,,-1769.677167053599
S1P1,2019-11-18 08:00:00,0.29840696586677967,5928.534140689712,5.928534140689712,70.34613,-162.05704,4170.167236972282,,-1758.3669037174304
S1P1,2019-11-18 08:30:00,0.34463494411194145,5928.534140689712,5.928534140689712,70.34613,-162.05704,4181.4775003084505,,-1747.0566403812618
S1P1,2019-11-18 09:00:00,0.37844412602832106,5928.534140689712,5.928534140689712,70.34613,-162.05704,4192.787763644619,,-1735.7463770450931
S1P1,2019-11-18 09:30:00,0.38961218916222384,5928.534140689712,5.928534140689712,70.34613,-162.05704,4204.098026980788,,-1724.4361137089245
S1P1,2019-11-18 10:00:00,0.42867404294047473,5928.534140689712,5.928534140689712,70.34613,-162.05704,4215.4082903169565,,-1713.1258503727558
S1P1,2019-11-18 10:30:00,0.4188081888170833,5928.534140689712,5.928534140689712,70.34613,-162.05704,4226.718553653125,,-1701.8155870365872
S1P1,2019-11-18 11:00:00,0.4153662362006454,5928.534140689712,5.928534140689712,70.34613,-162.05704,4238.028816989294,,-1690.5053237004186
S1P1,2019-11-18 11:30:00,0.43608867937711476,5928.534140689712,5.928534140689712,70.34613,-162.05704,4249.339080325462,,-1679.19506036425
S1P1,2019-11-18 12:00:00,0.40198034600878,5928.534140689712,5.928534140689712,70.34613,-162.05704,4260.649343661631,,-1667.8847970280813
S1P1,2019-11-18 12:30:00,0.4300091295017086,5928.534140689712,5.928534140689712,70.34613,-162.05704,4271.9596069978,,-1656.5745336919126
S1P1,2019-11-18 13:00:00,0.4670471163735972,5928.534140689712,5.928534140689712,70.34613,-162.05704,4283.269870333968,,-1645.264270355744
S1P1,2019-11-18 13:30:00,0.42338239504967057,5928.534140689712,5.928534140689712,70.34613,-162.05704,4294.580133670137,,-1633.9540070195753
S1P1,2019-11-18 14:00:00,0.49196245552319245,5928.534140689712,5.928534140689712,70.34613,-162.05704,4305.890397006306,,-1622.6437436834067
S1P1,2019-11-18 14:30:00,0.4129107855482021,5928.534140689712,5.928534140689712,70.34613,-162.05704,4317.200660342474,,-1611.333480347238
S1P1,2019-11-18 15:00:00,0.4110078452239701,5928.534140689712,5.928534140689712,70.34613,-162.05704,4328.510923678643,,-1600.0232170110694
S1P1,2019-11-18 15:30:00,0.4148286824247792,5928.534140689712,5.928534140689712,70.34613,-162.05704,4339.821187014812,,-1588.7129536749007
S1P1,2019-11-18 16:00:00,0.3822627578861563,5928.534140689712,5.928534140689712,70.34613,-162.05704,4351.13145035098,,-1577.402690338732
S1P1,2019-11-18 16:30:00,0.4053926218063326,5928.534140689712,5.928534140689712,70.34613,-162.05704,4362.441713687149,,-1566.0924270025635
S1P1,2019-11-18 17:00:00,0.3254342297585746,5928.534140689712,5.928534140689712,70.34613,-162.05704,4373.7519770233175,,-1554.7821636663948
S1P1,2019-11-18 17:30:00,0.3716428448496699,5928.534140689712,5.928534140689712,70.34613,-162.05704,4385.062240359486,,-1543.4719003302262
S1P1,2019-11-18 18:00:00,0.3202160028693716,5928.534140689712,5.928534140689712,70.34613,-162.05704,4396.372503695655,,-1532.1616369940575
S1P1,2019-11-18 18:30:00,0.3472087243390509,5928.534140689712,5.928534140689712,70.34613,-162.05704,4407.6827670318235,,-1520.8513736578889
S1P1,2019-11-18 19:00:00,0.36996974361647106,5928.534140689712,5.928534140689712,70.34613,-162.05704,4418.993030367992,,-1509.5411103217202
S1P1,2019-11-18 19:30:00,0.3783073974799857,5928.534140689712,5.928534140689712,70.34613,-162.05704,4430.303293704161,,-1498.2308469855516
S1P1,2019-11-18 20:00:00,0.33669087292289074,5928.534140689712,5.928534140689712,70.34613,-162.05704,4441.613557040329,,-1486.920583649383
S1P1,2019-11-18 20:30:00,0.38282725683451957,5928.534140689712,5.928534140689712,70.34613,-162.05704,4452.923820376498,,-1475.6103203132143
S1P1,2019-11-18 21:00:00,0.3787439878499416,5928.534140689712,5.928534140689712,70.34613,-162.05704,4464.234083712667,,-1464.3000569770456
S1P1,2019-11-18 21:30:00,0.3868727927906374,5928.534140689712,5.928534140689712,70.34613,-162.05704,4475.544347048835,,-1452.989793640877
S1P1,2019-11-18 22:00:00,0.39975991352627915,5928.534140689712,5.928534140689712,70.34613,-162.05704,4486.854610385004,,-1441.6795303047084
S1P1,2019-11-18 22:30:00,0.47535192408979465,5928.534140689712,5.928534140689712,70.34613,-162.05704,4498.164873721173,,-1430.3692669685397
S1P1,2019-11-18 23:00:00,0.44585991308986883,5928.534140689712,5.928534140689712,70.34613,-162.05704,4509.475137057341,,-1419.059003632371
S1P1,2019-11-18 23:30:00,0.5557062077993397,5928.534140689712,5.928534140689712,70.34613,-162.05704,4520.78540039351,,-1407.7487402962024
S1P1,2019-11-19 00:00:00,0.504957614226099,5928.534140689712,5.928534140689712,70.34613,-162.05704,4532.095663729679,,-1396.4384769600338
S1P1,2019-11-19 00:30:00,0.5522128562116937,5928.534140689712,5.928534140689712,70.34613,-162.05704,4543.405927065847,,-1385.1282136238651
S1P1,2019-11-19 01:00:00,0.5962601855019842,5928.534140689712,5.928534140689712,70.34613,-162.05704,4554.716190402016,,-1373.8179502876965
S1P1,2019-11-19 01:30:00,0.6473115827858763,5928.534140689712,5.928534140689712,70.34613,-162.05704,4566.0264537381845,,-1362.5076869515278
S1P1,2019-11-19 02:00:00,0.6543691647899798,5928.534140689712,5.928534140689712,70.34613,-162.05704,4577.336717074353,,-1351.1974236153592
S1P1,2019-11-19 02:30:00,0.7228544094946083,5928.534140689712,5.928534140689712,70.34613,-162.05704,4588.646980410522,,-1339.8871602791905
S1P1,2019-11-19 03:00:00,0.6986792417921165,5928.534140689712,5.928534140689712,70.34613,-162.05704,4599.95724374669,,-1328.576896943022
S1P1,2019-11-19 03:30:00,0.8126884178673917,5928.534140689712,5.928534140689712,70.34613,-162.05704,4611.267507082859,,-1317.2666336068532
S1P1,2019-11-19 04:00:00,0.7816324221366002,5928.534140689712,5.928534140689712,70.34613,-162.05704,4622.577770419028,,-1305.9563702706846
S1P1,2019-11-19 04:30:00,0.860984485175775,5928.534140689712,5.928534140689712,70.34613,-162.05704,4633.888033755196,,-1294.646106934516
S1P1,2019-11-19 05:00:00,0.8387102163268232,5928.534140689712,5.928534140689712,70.34613,-162.05704,4645.198297091365,,-1283.3358435983473
S1P1,2019-11-19 05:30:00,0.7215648949593773,5928.534140689712,5.928534140689712,70.34613,-162.05704,4656.508560427534,,-1272.0255802621787
S1P1,2019-11-19 06:00:00,0.7192576766891946,5928.534140689712,5.928534140689712,70.34613,-162.05704,4667.818823763702,,-1260.71531692601
S1P1,2019-11-19 06:30:00,0.6333058050285685,5928.534140689712,5.928534140689712,70.34613,-162.05704,4679.129087099871,,-1249.4050535898414
S1P1,2019-11-19 07:00:00,0.7054063901499289,5928.534140689712,5.928534140689712,70.34613,-162.05704,4690.43935043604,,-1238.0947902536727
S1P1,2019-11-19 07:30:00,0.624955560869574,5928.534140689712,5.928534140689712,70.34613,-162.05704,4701.749613772208,,-1226.784526917504
S1P1,2019-11-19 08:00:00,0.7069903896368769,5928.534140689712,5.928534140689712,70.34613,-162.05704,4713.059877108377,,-1215.4742635813354
S1P1,2019-11-19 08:30:00,0.7446186750163444,5928.534140689712,5.928534140689712,70.34613,-162.05704,4724.3701404445455,,-1204.1640002451668
S1P1,2019-11-19 09:00:00,0.7336572654744984,5928.534140689712,5.928534140689712,70.34613,-162.05704,4735.680403780714,,-1192.8537369089981
S1P1,2019-11-19 09:30:00,0.7010838493630221,5928.534140689712,5.928534140689712,70.34613,-162.05704,4746.990667116883,,-1181.5434735728295
S1P1,2019-11-19 10:00:00,0.6201871896695738,5928.534140689712,5.928534140689712,70.34613,-162.05704,4758.3009304530515,,-1170.2332102366609
S1P1,2019-11-19 10:30:00,0.689522531538785,5928.534140689712,5.928534140689712,70.34613,-162.05704,4769.61119378922,,-1158.9229469004922
S1P1,2019-11-19 11:00:00,0.6939997520041195,5928.534140689712,5.928534140689712,70.34613,-162.05704,4780.921457125389,,-1147.6126835643236
S1P1,2019-11-19 11:30:00,0.7372429515568741,5928.534140689712,5.928534140689712,70.34613,-162.05704,4792.231720461557,,-1136.302420228155
S1P1,2019-11-19 12:00:00,0.6858296649149571,5928.534140689712,5.928534140689712,70.34613,-162.05704,4803.541983797726,,-1124.9921568919863
S1P1,2019-11-19 12:30:00,0.6664231192413506,5928.534140689712,5.928534140689712,70.34613,-162.05704,4814.852247133895,,-1113.6818935558176
S1P1,2019-11-19 13:00:00,0.678492552994125,5928.534140689712,5.928534140689712,70.34613,-162.05704,4826.162510470063,,-1102.371630219649
S1P1,2019-11-19 13:30:00,0.7313873214833319,5928.534140689712,5.928534140689712,70.34613,-162.05704,4837.472773806232,,-1091.0613668834803
S1P1,2019-11-19 14:00:00,0.6922814717734539,5928.534140689712,5.928534140689712,70.34613,-162.05704,4848.783037142401,,-1079.7511035473117
S1P1,2019-11-19 14:30:00,0.5943772984612693,5928.534140689712,5.928534140689712,70.34613,-162.05704,4860.093300478569,,-1068.440840211143
S1P1,2019-11-19 15:00:00,0.5324702206845388,5928.534140689712,5.928534140689712,70.34613,-162.05704,4871.403563814738,,-1057.1305768749744
S1P1,2019-11-19 15:30:00,0.6222467811101396,5928.534140689712,5.928534140689712,70.34613,-162.05704,4882.713827150907,,-1045.8203135388057
S1P1,2019-11-19 16:00:00,0.624686352267348,5928.534140689712,5.928534140689712,70.34613,-162.05704,4894.024090487075,,-1034.510050202637
S1P1,2019-11-19 16:30:00,0.5971694753322281,5928.534140689712,5.928534140689712,70.34613,-162.05704,4905.334353823244,,-1023.1997868664685
S1P1,2019-11-19 17:00:00,0.5366366784662779,5928.534140689712,5.928534140689712,70.34613,-162.05704,4916.6446171594125,4.916644617159412,-1011.8895235302998
S1P1,2019-11-19 17:30:00,0.5900085808726692,5928.534140689712,5.928534140689712,70.34613,-162.05704,4916.6446171594125,4.916644617159412,-1011.8895235302998
S1P1,2019-11-19 18:00:00,0.5466489422161008,5928.534140689712,5.928534140689712,70.34613,-162.05704,4916.6446171594125,4.916644617159412,-1011.8895235302998
S1P1,2019-11-19 18:30:00,0.49015142451442356,5928.534140689712,5.928534140689712,70.34613,-162.05704,4916.6446171594125,4.916644617159412,-1011.8895235302998
S1P1,2019-11-19 19:00:00,0.4753258162071925,5928.534140689712,5.928534140689712,70.34613,-162.05704,4973.613364511624,,-954.9207761780881
S1P1,2019-11-19 19:30:00,0.48660946802241034,5928.534140689712,5.928534140689712,70.34613,-162.05704,5030.582111863836,,-897.9520288258764
S1P1,2019-11-19 20:00:00,0.4980750248385088,5928.534140689712,5.928534140689712,70.34613,-162.05704,5087.550859216048,,-840.9832814736646
S1P1,2019-11-19 20:30:00,0.5160932680540413,5928.534140689712,5.928534140689712,70.34613,-162.05704,5144.519606568259,,-784.0145341214529
S1P1,2019-11-19 21:00:00,0.5290885384554188,5928.534140689712,5.928534140689712,70.34613,-162.05704,5201.488353920471,,-727.0457867692412
S1P1,2019-11-19 21:30:00,0.5187606136890414,5928.534140689712,5.928534140689712,70.34613,-162.05704,5258.457101272683,,-670.0770394170295
S1P1,2019-11-19 22:00:00,0.483997857646583,5928.534140689712,5.928534140689712,70.34613,-162.05704,5315.425848624895,,-613.1082920648178
S1P1,2019-11-19 22:30:00,0.5170239245339673,5928.534140689712,5.928534140689712,70.34613,-162.05704,5372.394595977106,,-556.139544712606
S1P1,2019-11-19 23:00:00,0.46698933879494364,5928.534140689712,5.928534140689712,70.34613,-162.05704,5429.363343329317,,-499.1707973603952
S1P1,2019-11-19 23:30:00,0.4663630100228591,5928.534140689712,5.928534140689712,70.34613,-162.05704,5486.332090681529,,-442.2020500081835
S1P1,2019-11-20 00:00:00,0.45468549889515164,5928.534140689712,5.928534140689712,70.34613,-162.05704,5543.300838033741,,-385.2333026559718
S1P1,2019-11-20 00:30:00,0.4506458548242747,5928.534140689712,5.928534140689712,70.34613,-162.05704,5600.269585385952,,-328.26455530376006
S1P1,2019-11-20 01:00:00,0.47700913465207695,5928.534140689712,5.928534140689712,70.34613,-162.05704,5657.238332738164,,-271.29580795154834
S1P1,2019-11-20 01:30:00,0.4673069808918119,5928.534140689712,5.928534140689712,70.34613,-162.05704,5714.207080090376,,-214.32706059933662
S1P1,2019-11-20 02:00:00,0.4686992919978328,5928.534140689712,5.928534140689712,70.34613,-162.05704,5771.175827442587,,-157.3583132471249
S1P1,2019-11-20 02:30:00,0.43761899384639447,5928.534140689712,5.928534140689712,70.34613,-162.05704,5828.144574794799,,-100.38956589491318
S1P1,2019-11-20 03:00:00,0.38523180072967167,5928.534140689712,5.928534140689712,70.34613,-162.05704,5885.113322147011,,-43.420818542701454
S1P1,2019-11-20 03:30:00,0.40507442221506773,5928.534140689712,5.928534140689712,70.34613,-162.05704,5942.082069499223,,13.547928809510267
S1P1,2019-11-20 04:00:00,0.3766584413466656,5928.534140689712,5.928534140689712,70.34613,-162.05704,5999.050816851434,,70.51667616172199
S1P1,2019-11-20 04:30:00,0.35495494884571827,5928.534140689712,5.928534140689712,70.34613,-162.05704,6056.019564203646,,127.48542351393371
S1P1,2019-11-20 05:00:00,0.3442691686545203,5928.534140689712,5.928534140689712,70.34613,-162.05704,6112.988311555858,,184.45417086614543
S1P1,2019-11-20 05:30:00,0.3481218840556794,5928.534140689712,5.928534140689712,70.34613,-162.05704,6169.957058908069,,241.42291821835624
S1P1,2019-11-20 06:00:00,0.314374872848832,5928.534140689712,5.928534140689712,70.34613,-162.05704,6226.92580626028,,298.39166557056797
S1P1,2019-11-20 06:30:00,0.27243957476617825,5928.534140689712,5.928534140689712,70.34613,-162.05704,6283.894553612492,,355.3604129227797
S1P1,2019-11-20 07:00:00,0.2776553383104613,5928.534140689712,5.928534140689712,70.34613,-162.05704,6340.863300964704,,412.3291602749914
S1P1,2019-11-20 07:30:00,0.2734195007981119,5928.534140689712,5.928534140689712,70.34613,-162.05704,6397.8320483169155,,469.29790762720313
S1P1,2019-11-20 08:00:00,0.34799907801568714,5928.534140689712,5.928534140689712,70.34613,-162.05704,6454.800795669127,,526.2666549794149
S1P1,2019-11-20 08:30:00,0.5218522862312824,5928.534140689712,5.928534140689712,70.34613,-162.05704,6511.769543021339,,583.2354023316266
S1P1,2019-11-20 09:00:00,0.60985752653572,5928.534140689712,5.928534140689712,70.34613,-162.05704,6568.738290373551,,640.2041496838383
S1P1,2019-11-20 09:30:00,0.6926092459381323,5928.534140689712,5.928534140689712,70.34613,-162.05704,6625.707037725762,,697.17289703605
S1P1,2019-11-20 10:00:00,0.7594810821591079,5928.534140689712,5.928534140689712,70.34613,-162.05704,6682.675785077974,,754.1416443882617
S1P1,2019-11-20 10:30:00,0.7962857478907001,5928.534140689712,5.928534140689712,70.34613,-162.05704,6739.644532430186,,811.1103917404735
S1P1,2019-11-20 11:00:00,0.8203135964036539,5928.534140689712,5.928534140689712,70.34613,-162.05704,6796.6132797823975,,868.0791390926852
S1P1,2019-11-20 11:30:00,0.761397740916929,5928.534140689712,5.928534140689712,70.34613,-162.05704,6853.582027134609,,925.0478864448969
S1P1,2019-11-20 12:00:00,0.7528553676604752,5928.534140689712,5.928534140689712,70.34613,-162.05704,6910.550774486821,,982.0166337971086
S1P1,2019-11-20 12:30:00,0.7383809828262485,5928.534140689712,5.928534140689712,70.34613,-162.05704,6967.519521839033,,1038.9853811493203
S1P1,2019-11-20 13:00:00,0.6987111767194947,5928.534140689712,5.928534140689712,70.34613,-162.05704,7024.488269191244,,1095.954128501532
S1P1,2019-11-20 13:30:00,0.6534522110080375,5928.534140689712,5.928534140689712,70.34613,-162.05704,7081.457016543456,,1152.9228758537438
S1P1,2019-11-20 14:00:00,0.6426721037521961,5928.534140689712,5.928534140689712,70.34613,-162.05704,7138.425763895668,,1209.8916232059555
S1P1,2019-11-20 14:30:00,0.621372331884371,5928.534140689712,5.928534140689712,70.34613,-162.05704,7195.39451124788,,1266.8603705581672
S1P1,2019-11-20 15:00:00,0.6357382167869172,5928.534140689712,5.928534140689712,70.34613,-162.05704,7252.363258600091,,1323.829117910379
S1P1,2019-11-20 15:30:00,0.6005507451405455,5928.534140689712,5.928534140689712,70.34613,-162.05704,7309.332005952303,,1380.7978652625907
S1P1,2019-11-20 16:00:00,0.6257739509306759,5928.534140689712,5.928534140689712,70.34613,-162.05704,7366.300753304514,,1437.7666126148015
S1P1,2019-11-20 16:30:00,0.5895620754505468,5928.534140689712,5.928534140689712,70.34613,-162.05704,7423.2695006567255,,1494.7353599670132
S1P1,2019-11-20 17:00:00,0.5547997174426043,5928.534140689712,5.928534140689712,70.34613,-162.05704,7480.238248008937,7.480238248008937,1551.704107319225
S1P1,2019-11-20 17:30:00,0.5159341894505225,5928.534140689712,5.928534140689712,70.34613,-162.05704,7480.238248008937,7.480238248008937,1551.704107319225
S1P1,2019-11-20 18:00:00,0.5832498737434524,5928.534140689712,5.928534140689712,70.34613,-162.05704,7480.238248008937,7.480238248008937,1551.704107319225
S1P1,2019-11-20 18:30:00,0.5456470106254332,5928.534140689712,5.928534140689712,70.34613,-162.05704,7480.238248008937,7.480238248008937,1551.704107319225
S1P1,2019-11-20 19:00:00,0.5377144836528847,5928.534140689712,5.928534140689712,70.34613,-162.05704,7524.205387320624,,1595.6712466309118
S1P1,2019-11-20 19:30:00,0.5713266203781675,5928.534140689712,5.928534140689712,70.34613,-162.05704,7568.172526632311,,1639.6383859425987
S1P1,2019-11-20 20:00:00,0.6046742736052043,5928.534140689712,5.928534140689712,70.34613,-162.05704,7612.139665943998,,1683.6055252542856
S1P1,2019-11-20 20:30:00,0.680174488408847,5928.534140689712,5.928534140689712,70.34613,-162.05704,7656.106805255685,,1727.5726645659724
S1P1,2019-11-20 21:00:00,0.6750753134852935,5928.534140689712,5.928534140689712,70.34613,-162.05704,7700.073944567372,,1771.5398038776593
S1P1,2019-11-20 21:30:00,0.6885569951091849,5928.534140689712,5.928534140689712,70.34613,-162.05704,7744.0410838790585,,1815.5069431893462
S1P1,2019-11-20 22:00:00,0.6828297217808091,5928.534140689712,5.928534140689712,70.34613,-162.05704,7788.008223190745,,1859.474082501033
S1P1,2019-11-20 22:30:00,0.6333233610022247,5928.534140689712,5.928534140689712,70.34613,-162.05704,7831.975362502433,,1903.4412218127209
S1P1,2019-11-20 23:00:00,0.6530538416649303,5928.534140689712,5.928534140689712,70.34613,-162.05704,7875.94250181412,,1947.4083611244077
S1P1,2019-11-20 23:30:00,0.5907913141941765,5928.534140689712,5.928534140689712,70.34613,-162.05704,7919.909641125807,,1991.3755004360946
S1P1,2019-11-21 00:00:00,0.6096199558242109,5928.534140689712,5.928534140689712,70.34613,-162.05704,7963.876780437494,,2035.3426397477815
S1P1,2019-11-21 00:30:00,0.6107162243937426,5928.534140689712,5.928534140689712,70.34613,-162.05704,8007.843919749181,,2079.3097790594684
S1P1,2019-11-21 01:00:00,0.5961487264495667,5928.534140689712,5.928534140689712,70.34613,-162.05704,8051.811059060868,,2123.2769183711553
S1P1,2019-11-21 01:30:00,0.7762979415165863,5928.534140689712,5.928534140689712,70.34613,-162.05704,8095.7781983725545,,2167.244057682842
S1P1,2019-11-21 02:00:00,0.7596991146462589,5928.534140689712,5.928534140689712,70.34613,-162.05704,8139.745337684241,,2211.211196994529
S1P1,2019-11-21 02:30:00,0.6535494885711502,5928.534140689712,5.928534140689712,70.34613,-162.05704,8183.712476995928,,2255.178336306216
S1P1,2019-11-21 03:00:00,0.7139261959566658,5928.534140689712,5.928534140689712,70.34613,-162.05704,8227.679616307616,,2299.1454756179037
S1P1,2019-11-21 03:30:00,0.8042308761825375,5928.534140689712,5.928534140689712,70.34613,-162.05704,8271.646755619302,,2343.1126149295897
S1P1,2019-11-21 04:00:00,0.9030592559224537,5928.534140689712,5.928534140689712,70.34613,-162.05704,8315.61389493099,,2387.0797542412774
S1P1,2019-11-21 04:30:00,0.775650861930527,5928.534140689712,5.928534140689712,70.34613,-162.05704,8359.581034242676,,2431.0468935529634
S1P1,2019-11-21 05:00:00,0.7609210704025362,5928.534140689712,5.928534140689712,70.34613,-162.05704,8403.548173554364,,2475.014032864651
S1P1,2019-11-21 05:30:00,0.7861781422171787,5928.534140689712,5.928534140689712,70.34613,-162.05704,8447.51531286605,,2518.981172176337
S1P1,2019-11-21 06:00:00,0.6580161441053475,5928.534140689712,5.928534140689712,70.34613,-162.05704,8491.482452177737,,2562.948311488025
S1P1,2019-11-21 06:30:00,0.5948001533911316,5928.534140689712,5.928534140689712,70.34613,-162.05704,8535.449591489423,,2606.915450799711
S1P1,2019-11-21 07:00:00,0.5292363430875647,5928.534140689712,5.928534140689712,70.34613,-162.05704,8579.416730801111,,2650.8825901113987
S1P1,2019-11-21 07:30:00,0.4901336872912197,5928.534140689712,5.928534140689712,70.34613,-162.05704,8623.383870112797,,2694.8497294230847
S1P1,2019-11-21 08:00:00,0.38850906420291165,5928.534140689712,5.928534140689712,70.34613,-162.05704,8667.351009424485,,2738.8168687347725
S1P1,2019-11-21 08:30:00,0.45034560300842597,5928.534140689712,5.928534140689712,70.34613,-162.05704,8711.318148736173,,2782.7840080464603
S1P1,2019-11-21 09:00:00,0.4872695031172849,5928.534140689712,5.928534140689712,70.34613,-162.05704,8755.285288047859,,2826.751147358146
S1P1,2019-11-21 09:30:00,0.4888337974188142,5928.534140689712,5.928534140689712,70.34613,-162.05704,8799.252427359546,,2870.718286669834
S1P1,2019-11-21 10:00:00,0.46511528583456435,5928.534140689712,5.928534140689712,70.34613,-162.05704,8843.219566671232,,2914.68542598152
S1P1,2019-11-21 10:30:00,0.41055449061994725,5928.534140689712,5.928534140689712,70.34613,-162.05704,8887.18670598292,,2958.6525652932078
S1P1,2019-11-21 11:00:00,0.39479104861847686,5928.534140689712,5.928534140689712,70.34613,-162.05704,8931.153845294606,,3002.6197046048937
S1P1,2019-11-21 11:30:00,0.43845333484599947,5928.534140689712,5.928534140689712,70.34613,-162.05704,8975.120984606294,,3046.5868439165815
S1P1,2019-11-21 12:00:00,0.5528975043882601,5928.534140689712,5.928534140689712,70.34613,-162.05704,9019.08812391798,,3090.5539832282675
S1P1,2019-11-21 12:30:00,0.7266417750785495,5928.534140689712,5.928534140689712,70.34613,-162.05704,9063.055263229668,,3134.5211225399553
S1P1,2019-11-21 13:00:00,0.806944638664826,5928.534140689712,5.928534140689712,70.34613,-162.05704,9107.022402541354,,3178.4882618516413
S1P1,2019-11-21 13:30:00,0.7474703495197356,5928.534140689712,5.928534140689712,70.34613,-162.05704,9150.989541853041,,3222.455401163329
S1P1,2019-11-21 14:00:00,0.8135161683874604,5928.534140689712,5.928534140689712,70.34613,-162.05704,9194.956681164727,,3266.422540475015
S1P1,2019-11-21 14:30:00,1.0750658041194743,5928.534140689712,5.928534140689712,70.34613,-162.05704,9238.923820476415,,3310.389679786703
S1P1,2019-11-21 15:00:00,1.1520277413379545,5928.534140689712,5.928534140689712,70.34613,-162.05704,9282.890959788103,,3354.3568190983906
S1P1,2019-11-21 15:30:00,1.216917003282536,5928.534140689712,5.928534140689712,70.34613,-162.05704,9326.858099099789,,3398.3239584100766
S1P1,2019-11-21 16:00:00,1.380783157433814,5928.534140689712,5.928534140689712,70.34613,-162.05704,9370.825238411477,,3442.2910977217643
S1P1,2019-11-21 16:30:00,1.5621562880859405,5928.534140689712,5.928534140689712,70.34613,-162.05704,9414.792377723163,,3486.2582370334503
S1P1,2019-11-21 17:00:00,1.7936184790454577,5928.534140689712,5.928534140689712,70.34613,-162.05704,9458.75951703485,,3530.225376345138
S1P1,2019-11-21 17:30:00,1.6567316133744914,5928.534140689712,5.928534140689712,70.34613,-162.05704,9502.726656346536,,3574.192515656824
S1P1,2019-11-21 18:00:00,1.5868434814130445,5928.534140689712,5.928534140689712,70.34613,-162.05704,9546.693795658224,,3618.159654968512
S1P1,2019-11-21 18:30:00,1.8857539351214103,5928.534140689712,5.928534140689712,70.34613,-162.05704,9590.66093496991,,3662.126794280198
S1P1,2019-11-21 19:00:00,1.7358654644985076,5928.534140689712,5.928534140689712,70.34613,-162.05704,9634.628074281598,,3706.0939335918856
S1P1,2019-11-21 19:30:00,1.7147489491031431,5928.534140689712,5.928534140689712,70.34613,-162.05704,9678.595213593284,,3750.0610729035716
S1P1,2019-11-21 20:00:00,1.8938818327298035,5928.534140689712,5.928534140689712,70.34613,-162.05704,9722.562352904972,,3794.0282122152594
S1P1,2019-11-21 20:30:00,1.7279955458054346,5928.534140689712,5.928534140689712,70.34613,-162.05704,9766.529492216658,,3837.9953515269453
S1P1,2019-11-21 21:00:00,1.5772505113104525,5928.534140689712,5.928534140689712,70.34613,-162.05704,9810.496631528345,,3881.962490838633
S1P1,2019-11-21 21:30:00,1.7565986209662068,5928.534140689712,5.928534140689712,70.34613,-162.05704,9854.463770840033,,3925.929630150321
S1P1,2019-11-21 22:00:00,1.622915226579633,5928.534140689712,5.928534140689712,70.34613,-162.05704,9898.43091015172,,3969.896769462007
S1P1,2019-11-21 22:30:00,1.790588718224872,5928.534140689712,5.928534140689712,70.34613,-162.05704,9942.398049463405,,4013.863908773693
S1P1,2019-11-21 23:00:00,1.6812351722393308,5928.534140689712,5.928534140689712,70.34613,-162.05704,9986.365188775093,,4057.8310480853806
S1P1,2019-11-21 23:30:00,1.765649056980236,5928.534140689712,5.928534140689712,70.34613,-162.05704,10030.33232808678,,4101.798187397068
S1P1,2019-11-22 00:00:00,1.7726539778233992,5928.534140689712,5.928534140689712,70.34613,-162.05704,10074.299467398467,,4145.765326708754
S1P1,2019-11-22 00:30:00,1.6852709088666216,5928.534140689712,5.928534140689712,70.34613,-162.05704,10118.266606710155,,4189.732466020442
S1P1,2019-11-22 01:00:00,1.7603793628537683,5928.534140689712,5.928534140689712,70.34613,-162.05704,10162.23374602184,,4233.699605332128
S1P1,2019-11-22 01:30:00,1.7492098374850407,5928.534140689712,5.928534140689712,70.34613,-162.05704,10206.200885333528,,4277.666744643816
S1P1,2019-11-22 02:00:00,1.7969170590102954,5928.534140689712,5.928534140689712,70.34613,-162.05704,10250.168024645214,,4321.633883955502
S1P1,2019-11-22 02:30:00,1.5929256755990329,5928.534140689712,5.928534140689712,70.34613,-162.05704,10294.135163956902,,4365.60102326719
S1P1,2019-11-22 03:00:00,1.83496639425535,5928.534140689712,5.928534140689712,70.34613,-162.05704,10338.102303268588,,4409.568162578876
S1P1,2019-11-22 03:30:00,1.7252499021482026,5928.534140689712,5.928534140689712,70.34613,-162.05704,10382.069442580276,10.382069442580276,4453.5353018905635
S1P1,2019-11-22 04:00:00,1.760143533599316,5928.534140689712,5.928534140689712,70.34613,-162.05704,10382.069442580276,10.382069442580276,4453.5353018905635
S1P1,2019-11-22 04:30:00,1.7104095508807893,5928.534140689712,5.928534140689712,70.34613,-162.05704,10382.069442580276,10.382069442580276,4453.5353018905635
S1P1,2019-11-22 05:00:00,1.7179759022109948,5928.534140689712,5.928534140689712,70.34613,-162.05704,10382.069442580276,10.382069442580276,4453.5353018905635
S1P1,2019-11-22 05:30:00,1.7334647581673546,5928.534140689712,5.928534140689712,70.34613,-162.05704,10323.030676229526,,4394.4965355398135
S1P1,2019-11-22 06:00:00,1.5973103711312095,5928.534140689712,5.928534140689712,70.34613,-162.05704,10263.991909878776,,4335.457769189064
S1P1,2019-11-22 06:30:00,1.631838956559409,5928.534140689712,5.928534140689712,70.34613,-162.05704,10204.953143528026,,4276.419002838314
S1P1,2019-11-22 07:00:00,1.5250016857611421,5928.534140689712,5.928534140689712,70.34613,-162.05704,10145.914377177276,,4217.380236487564
S1P1,2019-11-22 07:30:00,1.5371975585281514,5928.534140689712,5.928534140689712,70.34613,-162.05704,10086.875610826526,,4158.341470136814
S1P1,2019-11-22 08:00:00,1.5656967660531027,5928.534140689712,5.928534140689712,70.34613,-162.05704,10027.836844475776,,4099.302703786064
S1P1,2019-11-22 08:30:00,1.5972851414891711,5928.534140689712,5.928534140689712,70.34613,-162.05704,9968.798078125026,,4040.263937435314
S1P1,2019-11-22 09:00:00,1.4020228218332629,5928.534140689712,5.928534140689712,70.34613,-162.05704,9909.759311774276,,3981.225171084564
S1P1,2019-11-22 09:30:00,1.4693016460236306,5928.534140689712,5.928534140689712,70.34613,-162.05704,9850.720545423526,,3922.186404733814
S1P1,2019-11-22 10:00:00,1.3474116415623008,5928.534140689712,5.928534140689712,70.34613,-162.05704,9791.681779072776,,3863.147638383064
S1P1,2019-11-22 10:30:00,1.3259825968747618,5928.534140689712,5.928534140689712,70.34613,-162.05704,9732.643012722028,,3804.108872032316
S1P1,2019-11-22 11:00:00,1.2941811696956274,5928.534140689712,5.928534140689712,70.34613,-162.05704,9673.604246371278,,3745.070105681566
S1P1,2019-11-22 11:30:00,1.2414603965042506,5928.534140689712,5.928534140689712,70.34613,-162.05704,9614.565480020528,,3686.031339330816
S1P1,2019-11-22 12:00:00,1.3075543582891158,5928.534140689712,5.928534140689712,70.34613,-162.05704,9555.526713669778,,3626.992572980066
S1P1,2019-11-22 12:30:00,1.3123100628115685,5928.534140689712,5.928534140689712,70.34613,-162.05704,9496.487947319029,,3567.953806629316
S1P1,2019-11-22 13:00:00,1.3117381646829833,5928.534140689712,5.928534140689712,70.34613,-162.05704,9437.449180968279,,3508.9150402785663
S1P1,2019-11-22 13:30:00,1.3534112768380442,5928.534140689712,5.928534140689712,70.34613,-162.05704,9378.410414617529,,3449.8762739278163
S1P1,2019-11-22 14:00:00,1.2156730323121412,5928.534140689712,5.928534140689712,70.34613,-162.05704,9319.371648266779,,3390.8375075770664
S1P1,2019-11-22 14:30:00,1.2219665200411733,5928.534140689712,5.928534140689712,70.34613,-162.05704,9260.332881916029,,3331.7987412263165
S1P1,2019-11-22 15:00:00,1.2477680344482591,5928.534140689712,5.928534140689712,70.34613,-162.05704,9201.294115565279,,3272.7599748755665
S1P1,2019-11-22 15:30:00,1.2176872606890856,5928.534140689712,5.928534140689712,70.34613,-162.05704,9142.255349214529,,3213.7212085248166
S1P1,2019-11-22 16:00:00,1.2560748640657173,5928.534140689712,5.928534140689712,70.34613,-162.05704,9083.216582863779,,3154.6824421740666
S1P1,2019-11-22 16:30:00,1.2528378318032238,5928.534140689712,5.928534140689712,70.34613,-162.05704,9024.177816513029,,3095.6436758233167
S1P1,2019-11-22 17:00:00,1.3939775092493036,5928.534140689712,5.928534140689712,70.34613,-162.05704,8965.13905016228,,3036.6049094725668
S1P1,2019-11-22 17:30:00,1.2935693232385528,5928.534140689712,5.928534140689712,70.34613,-162.05704,8906.10028381153,,2977.566143121817
S1P1,2019-11-22 18:00:00,1.3706033881171626,5928.534140689712,5.928534140689712,70.34613,-162.05704,8847.06151746078,,2918.527376771067
S1P1,2019-11-22 18:30:00,1.474427831778822,5928.534140689712,5.928534140689712,70.34613,-162.05704,8788.02275111003,,2859.488610420317
S1P1,2019-11-22 19:00:00,1.3480551216469518,5928.534140689712,5.928534140689712,70.34613,-162.05704,8728.983984759281,,2800.449844069569
S1P1,2019-11-22 19:30:00,1.2414011699512433,5928.534140689712,5.928534140689712,70.34613,-162.05704,8669.945218408531,,2741.411077718819
S1P1,2019-11-22 20:00:00,1.2786271750468492,5928.534140689712,5.928534140689712,70.34613,-162.05704,8610.906452057781,,2682.372311368069
S1P1,2019-11-22 20:30:00,1.3098179108832368,5928.534140689712,5.928534140689712,70.34613,-162.05704,8551.867685707031,,2623.333545017319
S1P1,2019-11-22 21:00:00,1.2838528840677348,5928.534140689712,5.928534140689712,70.34613,-162.05704,8492.828919356281,,2564.294778666569
S1P1,2019-11-22 21:30:00,1.1899049962266741,5928.534140689712,5.928534140689712,70.34613,-162.05704,8433.790153005531,,2505.256012315819
S1P1,2019-11-22 22:00:00,1.210039379542071,5928.534140689712,5.928534140689712,70.34613,-162.05704,8374.751386654782,,2446.217245965069
S1P1,2019-11-22 22:30:00,1.2931626478254554,5928.534140689712,5.928534140689712,70.34613,-162.05704,8315.712620304032,,2387.1784796143193
S1P1,2019-11-22 23:00:00,1.3401902596031872,5928.534140689712,5.928534140689712,70.34613,-162.05704,8256.673853953282,,2328.1397132635693
S1P1,2019-11-22 23:30:00,1.3019577901778163,5928.534140689712,5.928534140689712,70.34613,-162.05704,8197.635087602532,,2269.1009469128194
S1P1,2019-11-23 00:00:00,1.337656177192873,5928.534140689712,5.928534140689712,70.34613,-162.05704,8138.596321251782,,2210.0621805620694
S1P1,2019-11-23 00:30:00,1.3061049374328344,5928.534140689712,5.928534140689712,70.34613,-162.05704,8079.557554901032,,2151.0234142113195
S1P1,2019-11-23 01:00:00,1.4697553725063723,5928.534140689712,5.928534140689712,70.34613,-162.05704,8020.518788550282,,2091.9846478605696
S1P1,2019-11-23 01:30:00,1.361644711571831,5928.534140689712,5.928534140689712,70.34613,-162.05704,7961.480022199532,,2032.9458815098196
S1P1,2019-11-23 02:00:00,1.432034380923912,5928.534140689712,5.928534140689712,70.34613,-162.05704,7902.441255848782,,1973.9071151590697
S1P1,2019-11-23 02:30:00,1.384892078084322,5928.534140689712,5.928534140689712,70.34613,-162.05704,7843.402489498032,,1914.8683488083198
S1P1,2019-11-23 03:00:00,1.4625469685820638,5928.534140689712,5.928534140689712,70.34613,-162.05704,7784.363723147282,,1855.8295824575698
S1P1,2019-11-23 03:30:00,1.5035991266338193,5928.534140689712,5.928534140689712,70.34613,-162.05704,7725.324956796532,,1796.7908161068199
S1P1,2019-11-23 04:00:00,1.4853627168275365,5928.534140689712,5.928534140689712,70.34613,-162.05704,7666.286190445783,,1737.7520497560708
S1P1,2019-11-23 04:30:00,1.3705275062553033,5928.534140689712,5.928534140689712,70.34613,-162.05704,7607.247424095033,,1678.713283405321
S1P1,2019-11-23 05:00:00,1.4324098048678304,5928.534140689712,5.928534140689712,70.34613,-162.05704,7548.208657744283,,1619.674517054571
S1P1,2019-11-23 05:30:00,1.564946849705011,5928.534140689712,5.928534140689712,70.34613,-162.05704,7489.169891393533,,1560.635750703821
S1P1,2019-11-23 06:00:00,1.5438989118702102,5928.534140689712,5.928534140689712,70.34613,-162.05704,7430.131125042783,,1501.596984353071
S1P1,2019-11-23 06:30:00,1.5948705403363717,5928.534140689712,5.928534140689712,70.34613,-162.05704,7371.092358692034,,1442.558218002322
S1P1,2019-11-23 07:00:00,1.5508587325411205,5928.534140689712,5.928534140689712,70.34613,-162.05704,7312.0535923412845,,1383.5194516515721
S1P1,2019-11-23 07:30:00,1.539977405734023,5928.534140689712,5.928534140689712,70.34613,-162.05704,7253.0148259905345,,1324.4806853008222
S1P1,2019-11-23 08:00:00,1.5198848635268345,5928.534140689712,5.928534140689712,70.34613,-162.05704,7193.976059639785,,1265.4419189500722
S1P1,2019-11-23 08:30:00,1.505010673003799,5928.534140689712,5.928534140689712,70.34613,-162.05704,7134.937293289035,,1206.4031525993223
S1P1,2019-11-23 09:00:00,1.4297303091901916,5928.534140689712,5.928534140689712,70.34613,-162.05704,7075.898526938285,,1147.3643862485724
S1P1,2019-11-23 09:30:00,1.4277201876175023,5928.534140689712,5.928534140689712,70.34613,-162.05704,7016.859760587535,,1088.3256198978224
S1P1,2019-11-23 10:00:00,1.3972795649221543,5928.534140689712,5.928534140689712,70.34613,-162.05704,6957.820994236785,,1029.2868535470725
S1P1,2019-11-23 10:30:00,1.539059697496586,5928.534140689712,5.928534140689712,70.34613,-162.05704,6898.782227886035,,970.2480871963226
S1P1,2019-11-23 11:00:00,1.4835521840749146,5928.534140689712,5.928534140689712,70.34613,-162.05704,6839.743461535285,,911.2093208455726
S1P1,2019-11-23 11:30:00,1.5919503940229853,5928.534140689712,5.928534140689712,70.34613,-162.05704,6780.704695184535,,852.1705544948227
S1P1,2019-11-23 12:00:00,1.4587138363384138,5928.534140689712,5.928534140689712,70.34613,-162.05704,6721.665928833785,,793.1317881440727
S1P1,2019-11-23 12:30:00,1.4217999674300126,5928.534140689712,5.928534140689712,70.34613,-162.05704,6662.627162483035,,734.0930217933228
S1P1,2019-11-23 13:00:00,1.4502473722828138,5928.534140689712,5.928534140689712,70.34613,-162.05704,6603.588396132285,,675.0542554425729
S1P1,2019-11-23 13:30:00,1.3980096624263467,5928.534140689712,5.928534140689712,70.34613,-162.05704,6544.549629781536,,616.0154890918238
S1P1,2019-11-23 14:00:00,1.5038256091222797,5928.534140689712,5.928534140689712,70.34613,-162.05704,6485.510863430786,,556.9767227410739
S1P1,2019-11-23 14:30:00,1.576361276184727,5928.534140689712,5.928534140689712,70.34613,-162.05704,6426.472097080036,,497.93795639032396
S1P1,2019-11-23 15:00:00,1.504408542317789,5928.534140689712,5.928534140689712,70.34613,-162.05704,6367.433330729286,,438.899190039574
S1P1,2019-11-23 15:30:00,1.6662762228442134,5928.534140689712,5.928534140689712,70.34613,-162.05704,6308.394564378536,,379.8604236888241
S1P1,2019-11-23 16:00:00,1.7222873524588902,5928.534140689712,5.928534140689712,70.34613,-162.05704,6249.3557980277865,,320.82165733807415
S1P1,2019-11-23 16:30:00,1.5632876952985018,5928.534140689712,5.928534140689712,70.34613,-162.05704,6190.3170316770365,,261.7828909873242
S1P1,2019-11-23 17:00:00,1.5383877633928857,5928.534140689712,5.928534140689712,70.34613,-162.05704,6131.2782653262875,,202.74412463657518
S1P1,2019-11-23 17:30:00,1.5115507071492624,5928.534140689712,5.928534140689712,70.34613,-162.05704,6072.239498975538,,143.70535828582524
S1P1,2019-11-23 18:00:00,1.4841229110636673,5928.534140689712,5.928534140689712,70.34613,-162.05704,6013.200732624788,,84.6665919350753
S1P1,2019-11-23 18:30:00,1.374966337007505,5928.534140689712,5.928534140689712,70.34613,-162.05704,5954.161966274038,,25.627825584325365
S1P1,2019-11-23 19:00:00,1.3808435255675091,5928.534140689712,5.928534140689712,70.34613,-162.05704,5895.123199923288,,-33.410940766424574
S1P1,2019-11-23 19:30:00,1.5919380620609298,5928.534140689712,5.928534140689712,70.34613,-162.05704,5836.084433572538,,-92.44970711717451
S1P1,2019-11-23 20:00:00,1.53490563646822,5928.534140689712,5.928534140689712,70.34613,-162.05704,5777.045667221788,,-151.48847346792445
S1P1,2019-11-23 20:30:00,1.5449459490652546,5928.534140689712,5.928534140689712,70.34613,-162.05704,5718.006900871038,,-210.5272398186744
S1P1,2019-11-23 21:00:00,1.6018110690485496,5928.534140689712,5.928534140689712,70.34613,-162.05704,5658.968134520288,,-269.5660061694243
S1P1,2019-11-23 21:30:00,1.5486420572390158,5928.534140689712,5.928534140689712,70.34613,-162.05704,5599.929368169538,,-328.60477252017427
S1P1,2019-11-23 22:00:00,1.6007875244874217,5928.534140689712,5.928534140689712,70.34613,-162.05704,5540.890601818789,,-387.6435388709233
S1P1,2019-11-23 22:30:00,1.528594820618427,5928.534140689712,5.928534140689712,70.34613,-162.05704,5481.851835468039,,-446.68230522167323
S1P1,2019-11-23 23:00:00,1.6594999149487666,5928.534140689712,5.928534140689712,70.34613,-162.05704,5422.813069117289,,-505.72107157242317
S1P1,2019-11-23 23:30:00,1.5505992408403597,5928.534140689712,5.928534140689712,70.34613,-162.05704,5363.774302766539,,-564.7598379231731
S1P1,2019-11-24 00:00:00,1.4917309202420566,5928.534140689712,5.928534140689712,70.34613,-162.05704,5304.735536415789,,-623.798604273923
S1P1,2019-11-24 00:30:00,1.598157408701759,5928.534140689712,5.928534140689712,70.34613,-162.05704,5245.696770065039,,-682.837370624673
S1P1,2019-11-24 01:00:00,1.6051349483542288,5928.534140689712,5.928534140689712,70.34613,-162.05704,5186.658003714289,,-741.8761369754229
S1P1,2019-11-24 01:30:00,1.5708355038638655,5928.534140689712,5.928534140689712,70.34613,-162.05704,5127.6192373635395,,-800.9149033261729
S1P1,2019-11-24 02:00:00,1.4861856883608582,5928.534140689712,5.928534140689712,70.34613,-162.05704,5068.5804710127895,,-859.9536696769228
S1P1,2019-11-24 02:30:00,1.5639900539930285,5928.534140689712,5.928534140689712,70.34613,-162.05704,5009.5417046620405,,-918.9924360276718
S1P1,2019-11-24 03:00:00,1.6730160623945896,5928.534140689712,5.928534140689712,70.34613,-162.05704,4950.502938311291,,-978.0312023784218
S1P1,2019-11-24 03:30:00,1.5090262866964392,5928.534140689712,5.928534140689712,70.34613,-162.05704,4891.464171960541,,-1037.0699687291717
S1P1,2019-11-24 04:00:00,1.4858347024496137,5928.534140689712,5.928534140689712,70.34613,-162.05704,4832.425405609791,,-1096.1087350799216
S1P1,2019-11-24 04:30:00,1.6949751157099513,5928.534140689712,5.928534140689712,70.34613,-162.05704,4773.386639259041,,-1155.1475014306716
S1P1,2019-11-24 05:00:00,1.5722674196577837,5928.534140689712,5.928534140689712,70.34613,-162.05704,4714.347872908291,,-1214.1862677814215
S1P1,2019-11-24 05:30:00,1.6723811352485154,5928.534140689712,5.928534140689712,70.34613,-162.05704,4655.309106557541,,-1273.2250341321715
S1P1,2019-11-24 06:00:00,1.5995541055536475,5928.534140689712,5.928534140689712,70.34613,-162.05704,4596.270340206791,,-1332.2638004829214
S1P1,2019-11-24 06:30:00,1.6791380497925952,5928.534140689712,5.928534140689712,70.34613,-162.05704,4537.231573856041,,-1391.3025668336713
S1P1,2019-11-24 07:00:00,1.6962031982563304,5928.534140689712,5.928534140689712,70.34613,-162.05704,4478.192807505291,,-1450.3413331844213
S1P1,2019-11-24 07:30:00,1.6698335468495378,5928.534140689712,5.928534140689712,70.34613,-162.05704,4419.154041154542,,-1509.3800995351703
S1P1,2019-11-24 08:00:00,1.7369474479719316,5928.534140689712,5.928534140689712,70.34613,-162.05704,4360.115274803792,,-1568.4188658859202
S1P1,2019-11-24 08:30:00,1.5784149325416028,5928.534140689712,5.928534140689712,70.34613,-162.05704,4301.076508453042,,-1627.4576322366702
S1P1,2019-11-24 09:00:00,1.7173877822304786,5928.534140689712,5.928534140689712,70.34613,-162.05704,4242.037742102292,,-1686.4963985874201
S1P1,2019-11-24 09:30:00,1.7017289369407933,5928.534140689712,5.928534140689712,70.34613,-162.05704,4182.998975751542,,-1745.53516493817
S1P1,2019-11-24 10:00:00,1.7773681384047515,5928.534140689712,5.928534140689712,70.34613,-162.05704,4123.960209400792,,-1804.57393128892
S1P1,2019-11-24 10:30:00,1.7313059896867995,5928.534140689712,5.928534140689712,70.34613,-162.05704,4064.9214430500424,,-1863.61269763967
S1P1,2019-11-24 11:00:00,1.6705467883680325,5928.534140689712,5.928534140689712,70.34613,-162.05704,4005.8826766992925,,-1922.6514639904199
S1P1,2019-11-24 11:30:00,1.6731686129785532,5928.534140689712,5.928534140689712,70.34613,-162.05704,3946.8439103485425,,-1981.6902303411698
S1P1,2019-11-24 12:00:00,1.8720505918771888,5928.534140689712,5.928534140689712,70.34613,-162.05704,3887.8051439977926,,-2040.7289966919197
S1P1,2019-11-24 12:30:00,1.841826587946711,5928.534140689712,5.928534140689712,70.34613,-162.05704,3828.7663776470436,,-2099.767763042669
S1P1,2019-11-24 13:00:00,1.9030198650278978,5928.534140689712,5.928534140689712,70.34613,-162.05704,3769.7276112962936,,-2158.8065293934187
S1P1,2019-11-24 13:30:00,1.7236378361025995,5928.534140689712,5.928534140689712,70.34613,-162.05704,3710.6888449455437,,-2217.8452957441687
S1P1,2019-11-24 14:00:00,1.783932053238936,5928.534140689712,5.928534140689712,70.34613,-162.05704,3651.6500785947937,,-2276.8840620949186
S1P1,2019-11-24 14:30:00,1.8116470601445194,5928.534140689712,5.928534140689712,70.34613,-162.05704,3592.611312244044,,-2335.9228284456685
S1P1,2019-11-24 15:00:00,1.987758178223809,5928.534140689712,5.928534140689712,70.34613,-162.05704,3533.572545893294,,-2394.9615947964185
S1P1,2019-11-24 15:30:00,1.749767605928199,5928.534140689712,5.928534140689712,70.34613,-162.05704,3474.533779542544,,-2454.0003611471684
S1P1,2019-11-24 16:00:00,1.763663020926412,5928.534140689712,5.928534140689712,70.34613,-162.05704,3415.495013191794,,-2513.0391274979183
S1P1,2019-11-24 16:30:00,1.8772133853530695,5928.534140689712,5.928534140689712,70.34613,-162.05704,3356.456246841044,,-2572.0778938486683
S1P1,2019-11-24 17:00:00,1.8118278919634612,5928.534140689712,5.928534140689712,70.34613,-162.05704,3297.417480490295,,-2631.1166601994173
S1P1,2019-11-24 17:30:00,1.7576119673562196,5928.534140689712,5.928534140689712,70.34613,-162.05704,3238.378714139545,,-2690.1554265501672
S1P1,2019-11-24 18:00:00,1.7694960960312378,5928.534140689712,5.928534140689712,70.34613,-162.05704,3179.339947788795,,-2749.194192900917
S1P1,2019-11-24 18:30:00,1.617868098046831,5928.534140689712,5.928534140689712,70.34613,-162.05704,3120.301181438045,,-2808.232959251667
S1P1,2019-11-24 19:00:00,1.826942132650128,5928.534140689712,5.928534140689712,70.34613,-162.05704,3061.2624150872953,,-2867.271725602417
S1P1,2019-11-24 19:30:00,,5928.534140689712,5.928534140689712,70.34613,-162.05704,3002.2236487365453,,-2926.310491953167
S1P1,2019-11-24 20:00:00,,5928.534140689712,5.928534140689712,70.34613,-162.05704,2943.1848823857954,,-2985.349258303917
S1P1,2019-11-24 20:30:00,,5928.534140689712,5.928534140689712,70.34613,-162.05704,2884.1461160350455,,-3044.388024654667
S1P1,2019-11-24 21:00:00,,5928.534140689712,5.928534140689712,70.34613,-162.05704,2825.1073496842955,,-3103.426791005417
S1P1,2019-11-24 21:30:00,,5928.534140689712,5.928534140689712,70.34613,-162.05704,2766.0685833335456,,-3162.4655573561668
S1P1,2019-11-24 22:00:00,,5928.534140689712,5.928534140689712,70.34613,-162.05704,2707.0298169827965,,-3221.504323706916
S1P1,2019-11-24 22:30:00,,5928.534140689712,5.928534140689712,70.34613,-162.05704,2647.9910506320466,,-3280.5430900576657
S1P1,2019-11-24 23:00:00,,5928.534140689712,5.928534140689712,70.34613,-162.05704,2588.9522842812967,,-3339.5818564084157
S1P1,2019-11-24 23:30:00,,5928.534140689712,5.928534140689712,70.34613,-162.05704,2529.9135179305467,,-3398.6206227591656
S1P1,2019-11-25 00:00:00,,5928.534140689712,5.928534140689712,70.34613,-162.05704,2470.874751579797,,-3457.6593891099155
S1P1,2019-11-25 00:30:00,,5928.534140689712,5.928534140689712,70.34613,-162.05704,2411.835985229047,,-3516.6981554606655
S1P1,2019-11-25 01:00:00,,5928.534140689712,5.928534140689712,70.34613,-162.05704,2352.797218878297,,-3575.7369218114154
S1P1,2019-11-25 01:30:00,,5928.534140689712,5.928534140689712,70.34613,-162.05704,2293.758452527547,,-3634.7756881621654
S1P1,2019-11-25 02:00:00,,5928.534140689712,5.928534140689712,70.34613,-162.05704,2234.719686176797,,-3693.8144545129153
S1P1,2019-11-25 02:30:00,,5928.534140689712,5.928534140689712,70.34613,-162.05704,2175.680919826047,,-3752.8532208636652
S1P1,2019-11-25 03:00:00,,5928.534140689712,5.928534140689712,70.34613,-162.05704,2116.642153475297,,-3811.891987214415
S1P1,2019-11-25 03:30:00,,5928.534140689712,5.928534140689712,70.34613,-162.05704,2057.6033871245477,2.057603387124548,-3870.9307535651647
S1P1,2019-11-25 04:00:00,,5928.534140689712,5.928534140689712,70.34613,-162.05704,2057.6033871245477,2.057603387124548,-3870.9307535651647
S1P1,2019-11-25 04:30:00,,5928.534140689712,5.928534140689712,70.34613,-162.05704,2057.6033871245477,2.057603387124548,-3870.9307535651647
S1P1,2019-11-25 05:00:00,,5928.534140689712,5.928534140689712,70.34613,-162.05704,2057.6033871245477,2.057603387124548,-3870.9307535651647
S1P1,2019-11-25 05:30:00,,5928.534140689712,5.928534140689712,70.34613,-162.05704,2228.357283093756,,-3700.1768575959563
S1P1,2019-11-25 06:00:00,,5928.534140689712,5.928534140689712,70.34613,-162.05704,2399.1111790629643,,-3529.422961626748
S1P1,2019-11-25 06:30:00,,5928.534140689712,5.928534140689712,70.34613,-162.05704,2569.8650750321726,,-3358.6690656575397
S1P1,2019-11-25 07:00:00,,5928.534140689712,5.928534140689712,70.34613,-162.05704,2740.6189710013814,,-3187.915169688331
S1P1,2019-11-25 07:30:00,,5928.534140689712,5.928534140689712,70.34613,-162.05704,2911.3728669705897,,-3017.1612737191226
S1P1,2019-11-25 08:00:00,,5928.534140689712,5.928534140689712,70.34613,-162.05704,3082.126762939798,,-2846.4073777499143
S1P1,2019-11-25 08:30:00,,5928.534140689712,5.928534140689712,70.34613,-162.05704,3252.8806589090063,,-2675.653481780706
S1P1,2019-11-25 09:00:00,,5928.534140689712,5.928534140689712,70.34613,-162.05704,3423.6345548782147,,-2504.8995858114977
S1P1,2019-11-25 09:30:00,,5928.534140689712,5.928534140689712,70.34613,-162.05704,3594.388450847423,,-2334.1456898422894
S1P1,2019-11-25 10:00:00,,5928.534140689712,5.928534140689712,70.34613,-162.05704,3765.1423468166313,,-2163.391793873081
S1P1,2019-11-25 10:30:00,,5928.534140689712,5.928534140689712,70.34613,-162.05704,3935.8962427858396,,-1992.6378979038727
S1P1,2019-11-25 11:00:00,,5928.534140689712,5.928534140689712,70.34613,-162.05704,4106.650138755048,,-1821.8840019346644
S1P1,2019-11-25 11:30:00,,5928.534140689712,5.928534140689712,70.34613,-162.05704,4277.404034724256,,-1651.130105965456
S1P1,2019-11-25 12:00:00,,5928.534140689712,5.928534140689712,70.34613,-162.05704,4448.157930693465,,-1480.3762099962478
S1P1,2019-11-25 12:30:00,,5928.534140689712,5.928534140689712,70.34613,-162.05704,4618.911826662674,,-1309.6223140270386
S1P1,2019-11-25 13:00:00,,5928.534140689712,5.928534140689712,70.34613,-162.05704,4789.665722631882,,-1138.8684180578302
S1P1,2019-11-25 13:30:00,,5928.534140689712,5.928534140689712,70.34613,-162.05704,4960.41961860109,,-968.1145220886219
S1P1,2019-11-25 14:00:00,,5928.534140689712,5.928534140689712,70.34613,-162.05704,5131.173514570299,,-797.3606261194136
S1P1,2019-11-25 14:30:00,,5928.534140689712,5.928534140689712,70.34613,-162.05704,5301.927410539507,,-626.6067301502053
S1P1,2019-11-25 15:00:00,,5928.534140689712,5.928534140689712,70.34613,-162.05704,5472.681306508715,,-455.852834180997
S1P1,2019-11-25 15:30:00,,5928.534140689712,5.928534140689712,70.34613,-162.05704,5643.435202477924,,-285.09893821178866
S1P1,2019-11-25 16:00:00,,5928.534140689712,5.928534140689712,70.34613,-162.05704,5814.189098447132,,-114.34504224258035
S1P1,2019-11-25 16:30:00,,5928.534140689712,5.928534140689712,70.34613,-162.05704,5984.94299441634,,56.40885372662797
S1P1,2019-11-25 17:00:00,,5928.534140689712,5.928534140689712,70.34613,-162.05704,6155.696890385549,,227.16274969583628
S1P1,2019-11-25 17:30:00,,5928.534140689712,5.928534140689712,70.34613,-162.05704,6326.450786354757,,397.9166456650446
S1P1,2019-11-25 18:00:00,,5928.534140689712,5.928534140689712,70.34613,-162.05704,6497.204682323965,,568.6705416342529
S1P1,2019-11-25 18:30:00,,5928.534140689712,5.928534140689712,70.34613,-162.05704,6667.958578293174,,739.4244376034612
S1P1,2019-11-25 19:00:00,,5928.534140689712,5.928534140689712,70.34613,-162.05704,6838.712474262382,,910.1783335726695
S1P1,2019-11-25 19:30:00,,5928.534140689712,5.928534140689712,70.34613,-162.05704,7009.46637023159,,1080.9322295418779
S1P1,2019-11-25 20:00:00,,5928.534140689712,5.928534140689712,70.34613,-162.05704,7180.2202662007985,,1251.6861255110862
S1P1,2019-11-25 20:30:00,,5928.534140689712,5.928534140689712,70.34613,-162.05704,7350.974162170007,,1422.4400214802945
S1P1,2019-11-25 21:00:00,,5928.534140689712,5.928534140689712,70.34613,-162.05704,7521.728058139215,,1593.1939174495028
S1P1,2019-11-25 21:30:00,,5928.534140689712,5.928534140689712,70.34613,-162.05704,7692.481954108423,,1763.9478134187111
S1P1,2019-11-25 22:00:00,,5928.534140689712,5.928534140689712,70.34613,-162.05704,7863.235850077632,,1934.7017093879194
S1P1,2019-11-25 22:30:00,,5928.534140689712,5.928534140689712,70.34613,-162.05704,8033.98974604684,,2105.4556053571278
S1P1,2019-11-25 23:00:00,,5928.534140689712,5.928534140689712,70.34613,-162.05704,8204.743642016048,,2276.209501326336
S1P1,2019-11-25 23:30:00,,5928.534140689712,5.928534140689712,70.34613,-162.05704,8375.497537985257,,2446.9633972955444
S1P1,2019-11-26 00:00:00,,5928.534140689712,5.928534140689712,70.34613,-162.05704,8546.251433954465,,2617.7172932647527
S1P1,2019-11-26 00:30:00,,5928.534140689712,5.928534140689712,70.34613,-162.05704,8717.005329923673,,2788.471189233961
S1P1,2019-11-26 01:00:00,,5928.534140689712,5.928534140689712,70.34613,-162.05704,8887.759225892882,,2959.2250852031693
S1P1,2019-11-26 01:30:00,,5928.534140689712,5.928534140689712,70.34613,-162.05704,9058.51312186209,,3129.9789811723776
S1P1,2019-11-26 02:00:00,,5928.534140689712,5.928534140689712,70.34613,-162.05704,9229.267017831298,,3300.732877141586
S1P1,2019-11-26 02:30:00,,5928.534140689712,5.928534140689712,70.34613,-162.05704,9400.020913800507,,3471.4867731107943
S1P1,2019-11-26 03:00:00,,5928.534140689712,5.928534140689712,70.34613,-162.05704,9570.774809769715,9.570774809769715,3642.2406690800026
S1P1,2019-11-26 03:30:00,,5928.534140689712,5.928534140689712,70.34613,-162.05704,9570.774809769715,9.570774809769715,3642.2406690800026
S1P1,2019-11-26 04:00:00,,5928.534140689712,5.928534140689712,70.34613,-162.05704,9570.774809769715,9.570774809769715,3642.2406690800026
S1P1,2019-11-26 04:30:00,,5928.534140689712,5.928534140689712,70.34613,-162.05704,9570.774809769715,9.570774809769715,3642.2406690800026
S1P1,2019-11-26 05:00:00,,5928.534140689712,5.928534140689712,70.34613,-162.05704,9570.774809769715,9.570774809769715,3642.2406690800026
S1P1,2019-11-26 05:30:00,,5928.534140689712,5.928534140689712,70.34613,-162.05704,,,
S1P1,2019-11-26 06:00:00,,5928.534140689712,5.928534140689712,70.34613,-162.05704,,,
S1P1,2019-11-26 06:30:00,,5928.534140689712,5.928534140689712,70.34613,-162.05704,,,
S1P1,2019-11-26 07:00:00,,5928.534140689712,5.928534140689712,70.34613,-162.05704,,,
S1P1,2019-11-26 07:30:00,,5928.534140689712,5.928534140689712,70.34613,-162.05704,,,
S1P1,2019-11-26 08:00:00,,5928.534140689712,5.928534140689712,70.34613,-162.05704,,,
S1P1,2019-11-26 08:30:00,,5928.534140689712,5.928534140689712,70.34613,-162.05704,,,
S1P1,2019-11-26 09:00:00,,5928.534140689712,5.928534140689712,70.34613,-162.05704,,,
S1P1,2019-11-26 09:30:00,,5928.534140689712,5.928534140689712,70.34613,-162.05704,,,
S1P1,2019-11-26 10:00:00,,5928.534140689712,5.928534140689712,70.34613,-162.05704,,,
S1P1,2019-11-26 10:30:00,,5928.534140689712,5.928534140689712,70.34613,-162.05704,,,
S1P1,2019-11-26 11:00:00,,5928.534140689712,5.928534140689712,70.34613,-162.05704,,,
S1P1,2019-11-26 11:30:00,,5928.534140689712,5.928534140689712,70.34613,-162.05704,,,
S1P1,2019-11-26 12:00:00,,5928.534140689712,5.928534140689712,70.34613,-162.05704,,,
S1P1,2019-11-26 12:30:00,,5928.534140689712,5.928534140689712,70.34613,-162.05704,,,
S1P1,2019-11-26 13:00:00,,5928.534140689712,5.928534140689712,70.34613,-162.05704,,,
S1P1,2019-11-26 13:30:00,,5928.534140689712,5.928534140689712,70.34613,-162.05704,,,
S1P1,2019-11-26 14:00:00,,5928.534140689712,5.928534140689712,70.34613,-162.05704,,,
S1P1,2019-11-26 14:30:00,,5928.534140689712,5.928534140689712,70.34613,-162.05704,,,
S1P1,2019-11-26 15:00:00,,5928.534140689712,5.928534140689712,70.34613,-162.05704,,,
S1P1,2019-11-26 15:30:00,,5928.534140689712,5.928534140689712,70.34613,-162.05704,,,
S1P1,2019-11-26 16:00:00,,5928.534140689712,5.928534140689712,70.34613,-162.05704,,,
S1P1,2019-11-26 16:30:00,,5928.534140689712,5.928534140689712,70.34613,-162.05704,,,
S1P1,2019-11-26 17:00:00,,5928.534140689712,5.928534140689712,70.34613,-162.05704,,,
S1P1,2019-11-26 17:30:00,,5928.534140689712,5.928534140689712,70.34613,-162.05704,,,
S1P1,2019-11-26 18:00:00,,5928.534140689712,5.928534140689712,70.34613,-162.05704,,,
S1P1,2019-11-26 18:30:00,,5928.534140689712,5.928534140689712,70.34613,-162.05704,,,
S1P1,2019-11-26 19:00:00,,5928.534140689712,5.928534140689712,70.34613,-162.05704,,,
S1P1,2019-11-26 19:30:00,,5928.534140689712,5.928534140689712,70.34613,-162.05704,,,
S1P1,2019-11-26 20:00:00,,5928.534140689712,5.928534140689712,70.34613,-162.05704,,,
S1P1,2019-11-26 20:30:00,,5928.534140689712,5.928534140689712,70.34613,-162.05704,,,
S1P1,2019-11-26 21:00:00,,5928.534140689712,5.928534140689712,70.34613,-162.05704,,,
S1P1,2019-11-26 21:30:00,,5928.534140689712,5.928534140689712,70.34613,-162.05704,,,
S1P1,2019-11-26 22:00:00,,5928.534140689712,5.928534140689712,70.34613,-162.05704,,,
S1P1,2019-11-26 22:30:00,,5928.534140689712,5.928534140689712,70.34613,-162.05704,,,
S1P1,2019-11-26 23:00:00,,5928.534140689712,5.928534140689712,70.34613,-162.05704,,,
S1P1,2019-11-26 23:30:00,,5928.534140689712,5.928534140689712,70.34613,-162.05704,,,
S1P1,2019-11-27 00:00:00,,5928.534140689712,5.928534140689712,70.34613,-162.05704,,,
S1P1,2019-11-27 00:30:00,,5928.534140689712,5.928534140689712,70.34613,-162.05704,,,
S1P1,2019-11-27 01:00:00,,5928.534140689712,5.928534140689712,70.34613,-162.05704,,,
S1P1,2019-11-27 01:30:00,,5928.534140689712,5.928534140689712,70.34613,-162.05704,,,
S1P1,2019-11-27 02:00:00,,5928.534140689712,5.928534140689712,70.34613,-162.05704,,,
S1P1,2019-11-27 02:30:00,,5928.534140689712,5.928534140689712,70.34613,-162.05704,,,
S1P1,2019-11-27 03:00:00,,5928.534140689712,5.928534140689712,70.34613,-162.05704,,,
S1P1,2019-11-27 03:30:00,,5928.534140689712,5.928534140689712,70.34613,-162.05704,,,
S1P1,2019-11-27 04:00:00,,5928.534140689712,5.928534140689712,70.34613,-162.05704,,,
S1P1,2019-11-27 04:30:00,,5928.534140689712,5.928534140689712,70.34613,-162.05704,,,
S1P1,2019-11-27 05:00:00,,5928.534140689712,5.928534140689712,70.34613,-162.05704,,,
S1P1,2019-11-27 05:30:00,,5928.534140689712,5.928534140689712,70.34613,-162.05704,,,
S1P1,2019-11-27 06:00:00,,5928.534140689712,5.928534140689712,70.34613,-162.05704,,,
S1P1,2019-11-27 06:30:00,,5928.534140689712,5.928534140689712,70.34613,-162.05704,,,
S1P1,2019-11-27 07:00:00,,5928.534140689712,5.928534140689712,70.34613,-162.05704,,,
S1P1,2019-11-27 07:30:00,,5928.534140689712,5.928534140689712,70.34613,-162.05704,,,
S1P1,2019-11-27 08:00:00,,5928.534140689712,5.928534140689712,70.34613,-162.05704,,,
S1P1,2019-11-27 08:30:00,,5928.534140689712,5.928534140689712,70.34613,-162.05704,,,
S1P1,2019-11-27 09:00:00,,5928.534140689712,5.928534140689712,70.34613,-162.05704,,,
S1P1,2019-11-27 09:30:00,,5928.534140689712,5.928534140689712,70.34613,-162.05704,,,
S1P1,2019-11-27 10:00:00,,5928.534140689712,5.928534140689712,70.34613,-162.05704,,,
S1P1,2019-11-27 10:30:00,,5928.534140689712,5.928534140689712,70.34613,-162.05704,,,
S1P1,2019-11-27 11:00:00,,5928.534140689712,5.928534140689712,70.34613,-162.05704,,,
S1P1,2019-11-27 11:30:00,,5928.534140689712,5.928534140689712,70.34613,-162.05704,,,
S1P1,2019-11-27 12:00:00,,5928.534140689712,5.928534140689712,70.34613,-162.05704,,,
S1P1,2019-11-27 12:30:00,,5928.534140689712,5.928534140689712,70.34613,-162.05704,,,
S1P1,2019-11-27 13:00:00,,5928.534140689712,5.928534140689712,70.34613,-162.05704,,,
S1P1,2019-11-27 13:30:00,,5928.534140689712,5.928534140689712,70.34613,-162.05704,,,
S1P1,2019-11-27 14:00:00,,5928.534140689712,5.928534140689712,70.34613,-162.05704,,,
S1P1,2019-11-27 14:30:00,,5928.534140689712,5.928534140689712,70.34613,-162.05704,,,
S1P1,2019-11-27 15:00:00,,5928.534140689712,5.928534140689712,70.34613,-162.05704,,,
S1P1,2019-11-27 15:30:00,,5928.534140689712,5.928534140689712,70.34613,-162.05704,,,
S1P1,2019-11-27 16:00:00,,5928.534140689712,5.928534140689712,70.34613,-162.05704,,,
S1P1,2019-11-27 16:30:00,,5928.534140689712,5.928534140689712,70.34613,-162.05704,,,
S1P1,2019-11-27 17:00:00,,5928.534140689712,5.928534140689712,70.34613,-162.05704,,,
S1P1,2019-11-27 17:30:00,,5928.534140689712,5.928534140689712,70.34613,-162.05704,,,
S1P1,2019-11-27 18:00:00,,5928.534140689712,5.928534140689712,70.34613,-162.05704,,,
S1P1,2019-11-27 18:30:00,,5928.534140689712,5.928534140689712,70.34613,-162.05704,,,
S1P1,2019-11-27 19:00:00,,5928.534140689712,5.928534140689712,70.34613,-162.05704,,,
S1P1,2019-11-27 19:30:00,,5928.534140689712,5.928534140689712,70.34613,-162.05704,,,
S1P1,2019-11-27 20:00:00,,5928.534140689712,5.928534140689712,70.34613,-162.05704,,,
S1P1,2019-11-27 20:30:00,,5928.534140689712,5.928534140689712,70.34613,-162.05704,,,
S1P1,2019-11-27 21:00:00,,5928.534140689712,5.928534140689712,70.34613,-162.05704,,,
S1P1,2019-11-27 21:30:00,,5928.534140689712,5.928534140689712,70.34613,-162.05704,,,
S1P1,2019-11-27 22:00:00,,5928.534140689712,5.928534140689712,70.34613,-162.05704,,,
S1P1,2019-11-27 22:30:00,,5928.534140689712,5.928534140689712,70.34613,-162.05704,,,
S1P1,2019-11-27 23:00:00,,5928.534140689712,5.928534140689712,70.34613,-162.05704,,,
S1P1,2019-11-27 23:30:00,,5928.534140689712,5.928534140689712,70.34613,-162.05704,,,
S1P1,2019-11-28 00:00:00,,5928.534140689712,5.928534140689712,70.34613,-162.05704,,,
S1P1,2019-11-28 00:30:00,,5928.534140689712,5.928534140689712,70.34613,-162.05704,,,
S1P1,2019-11-28 01:00:00,,5928.534140689712,5.928534140689712,70.34613,-162.05704,,,
S1P1,2019-11-28 01:30:00,,5928.534140689712,5.928534140689712,70.34613,-162.05704,,,
S1P1,2019-11-28 02:00:00,,5928.534140689712,5.928534140689712,70.34613,-162.05704,,,
S1P1,2019-11-28 02:30:00,,5928.534140689712,5.928534140689712,70.34613,-162.05704,,,
S1P1,2019-11-28 03:00:00,,5928.534140689712,5.928534140689712,70.34613,-162.05704,,,
S1P1,2019-11-28 03:30:00,,5928.534140689712,5.928534140689712,70.34613,-162.05704,,,
S1P1,2019-11-28 04:00:00,,5928.534140689712,5.928534140689712,70.34613,-162.05704,,,
S1P1,2019-11-28 04:30:00,,5928.534140689712,5.928534140689712,70.34613,-162.05704,,,
S1P1,2019-11-28 05:00:00,,5928.534140689712,5.928534140689712,70.34613,-162.05704,,,
S1P1,2019-11-28 05:30:00,,5928.534140689712,5.928534140689712,70.34613,-162.05704,,,
S1P1,2019-11-28 06:00:00,,5928.534140689712,5.928534140689712,70.34613,-162.05704,,,
S1P1,2019-11-28 06:30:00,,5928.534140689712,5.928534140689712,70.34613,-162.05704,,,
S1P1,2019-11-28 07:00:00,,5928.534140689712,5.928534140689712,70.34613,-162.05704,,,
S1P1,2019-11-28 07:30:00,,5928.534140689712,5.928534140689712,70.34613,-162.05704,,,
S1P1,2019-11-28 08:00:00,,5928.534140689712,5.928534140689712,70.34613,-162.05704,,,
S1P1,2019-11-28 08:30:00,,5928.534140689712,5.928534140689712,70.34613,-162.05704,,,
S1P1,2019-11-28 09:00:00,,5928.534140689712,5.928534140689712,70.34613,-162.05704,,,
S1P1,2019-11-28 09:30:00,,5928.534140689712,5.928534140689712,70.34613,-162.05704,,,
S1P1,2019-11-28 10:00:00,,5928.534140689712,5.928534140689712,70.34613,-162.05704,,,
S1P1,2019-11-28 10:30:00,,5928.534140689712,5.928534140689712,70.34613,-162.05704,,,
S1P1,2019-11-28 11:00:00,,5928.534140689712,5.928534140689712,70.34613,-162.05704,,,
S1P1,2019-11-28 11:30:00,,5928.534140689712,5.928534140689712,70.34613,-162.05704,,,
S1P1,2019-11-28 12:00:00,,5928.534140689712,5.928534140689712,70.34613,-162.05704,,,
S1P1,2019-11-28 12:30:00,,5928.534140689712,5.928534140689712,70.34613,-162.05704,,,
S1P1,2019-11-28 13:00:00,,5928.534140689712,5.928534140689712,70.34613,-162.05704,,,
S1P1,2019-11-28 13:30:00,,5928.534140689712,5.928534140689712,70.34613,-162.05704,,,
S1P1,2019-11-28 14:00:00,,5928.534140689712,5.928534140689712,70.34613,-162.05704,,,
S1P1,2019-11-28 14:30:00,,5928.534140689712,5.928534140689712,70.34613,-162.05704,,,
S1P1,2019-11-28 15:00:00,,5928.534140689712,5.928534140689712,70.34613,-162.05704,,,
S1P1,2019-11-28 15:30:00,,5928.534140689712,5.928534140689712,70.34613,-162.05704,,,
S1P1,2019-11-28 16:00:00,,5928.534140689712,5.928534140689712,70.34613,-162.05704,,,
S1P1,2019-11-28 16:30:00,,5928.534140689712,5.928534140689712,70.34613,-162.05704,,,
S1P1,2019-11-28 17:00:00,,5928.534140689712,5.928534140689712,70.34613,-162.05704,,,
S1P1,2019-11-28 17:30:00,,5928.534140689712,5.928534140689712,70.34613,-162.05704,,,
S1P1,2019-11-28 18:00:00,,5928.534140689712,5.928534140689712,70.34613,-162.05704,,,
S1P1,2019-11-28 18:30:00,,5928.534140689712,5.928534140689712,70.34613,-162.05704,,,
S1P1,2019-11-28 19:00:00,,5928.534140689712,5.928534140689712,70.34613,-162.05704,,,
S1P1,2019-11-28 19:30:00,,5928.534140689712,5.928534140689712,70.34613,-162.05704,,,
S1P1,2019-11-28 20:00:00,,5928.534140689712,5.928534140689712,70.34613,-162.05704,,,
S1P1,2019-11-28 20:30:00,,5928.534140689712,5.928534140689712,70.34613,-162.05704,,,
S1P1,2019-11-28 21:00:00,,5928.534140689712,5.928534140689712,70.34613,-162.05704,,,
S1P1,2019-11-28 21:30:00,,5928.534140689712,5.928534140689712,70.34613,-162.05704,,,
S1P1,2019-11-28 22:00:00,,5928.534140689712,5.928534140689712,70.34613,-162.05704,,,
S1P1,2019-11-28 22:30:00,,5928.534140689712,5.928534140689712,70.34613,-162.05704,,,
S1P1,2019-11-28 23:00:00,,5928.534140689712,5.928534140689712,70.34613,-162.05704,,,
S1P1,2019-11-28 23:30:00,,5928.534140689712,5.928534140689712,70.34613,-162.05704,,,
S1P1,2019-11-29 00:00:00,,5928.534140689712,5.928534140689712,70.34613,-162.05704,,,
S1P1,2019-11-29 00:30:00,,5928.534140689712,5.928534140689712,70.34613,-162.05704,,,
S1P1,2019-11-29 01:00:00,,5928.534140689712,5.928534140689712,70.34613,-162.05704,,,
S1P1,2019-11-29 01:30:00,,5928.534140689712,5.928534140689712,70.34613,-162.05704,,,
S1P1,2019-11-29 02:00:00,,5928.534140689712,5.928534140689712,70.34613,-162.05704,,,
S1P1,2019-11-29 02:30:00,,5928.534140689712,5.928534140689712,70.34613,-162.05704,,,
S1P1,2019-11-29 03:00:00,,5928.534140689712,5.928534140689712,70.34613,-162.05704,,,
S1P1,2019-11-29 03:30:00,,5928.534140689712,5.928534140689712,70.34613,-162.05704,,,
S1P1,2019-11-29 04:00:00,,5928.534140689712,5.928534140689712,70.34613,-162.05704,,,
S1P2,2019-11-09 20:30:00,,12118.866873767438,12.118866873767438,70.39473,-162.13675,,,
S1P2,2019-11-09 21:00:00,,12118.866873767438,12.118866873767438,70.39473,-162.13675,,,
S1P2,2019-11-09 21:30:00,,12118.866873767438,12.118866873767438,70.39473,-162.13675,,,
S1P2,2019-11-09 22:00:00,,12118.866873767438,12.118866873767438,70.39473,-162.13675,,,
S1P2,2019-11-09 22:30:00,,12118.866873767438,12.118866873767438,70.39473,-162.13675,,,
S1P2,2019-11-09 23:00:00,,12118.866873767438,12.118866873767438,70.39473,-162.13675,,,
S1P2,2019-11-09 23:30:00,0.614376650450616,12118.866873767438,12.118866873767438,70.39473,-162.13675,,,
S1P2,2019-11-10 00:00:00,0.6467592388112021,12118.866873767438,12.118866873767438,70.39473,-162.13675,,,
S1P2,2019-11-10 00:30:00,0.6770614993648901,12118.866873767438,12.118866873767438,70.39473,-162.13675,,,
S1P2,2019-11-10 01:00:00,0.6979015780466813,12118.866873767438,12.118866873767438,70.39473,-162.13675,,,
S1P2,2019-11-10 01:30:00,0.8231541157084307,12118.866873767438,12.118866873767438,70.39473,-162.13675,,,
S1P2,2019-11-10 02:00:00,0.8393087375027707,12118.866873767438,12.118866873767438,70.39473,-162.13675,,,
S1P2,2019-11-10 02:30:00,0.8773594409479231,12118.866873767438,12.118866873767438,70.39473,-162.13675,,,
S1P2,2019-11-10 03:00:00,0.8924644063095554,12118.866873767438,12.118866873767438,70.39473,-162.13675,,,
S1P2,2019-11-10 03:30:00,0.8920983063352681,12118.866873767438,12.118866873767438,70.39473,-162.13675,,,
S1P2,2019-11-10 04:00:00,0.9161136552865102,12118.866873767438,12.118866873767438,70.39473,-162.13675,,,
S1P2,2019-11-10 04:30:00,1.0035811643433667,12118.866873767438,12.118866873767438,70.39473,-162.13675,,,
S1P2,2019-11-10 05:00:00,1.0604694874430933,12118.866873767438,12.118866873767438,70.39473,-162.13675,,,
S1P2,2019-11-10 05:30:00,1.155783160046433,12118.866873767438,12.118866873767438,70.39473,-162.13675,,,
S1P2,2019-11-10 06:00:00,1.2350779225866009,12118.866873767438,12.118866873767438,70.39473,-162.13675,,,
S1P2,2019-11-10 06:30:00,1.2312767023978446,12118.866873767438,12.118866873767438,70.39473,-162.13675,,,
S1P2,2019-11-10 07:00:00,1.3283633248747906,12118.866873767438,12.118866873767438,70.39473,-162.13675,,,
S1P2,2019-11-10 07:30:00,1.3750125652507794,12118.866873767438,12.118866873767438,70.39473,-162.13675,,,
S1P2,2019-11-10 08:00:00,1.3829175040137534,12118.866873767438,12.118866873767438,70.39473,-162.13675,,,
S1P2,2019-11-10 08:30:00,1.342845140715639,12118.866873767438,12.118866873767438,70.39473,-162.13675,,,
S1P2,2019-11-10 09:00:00,1.5201752565043967,12118.866873767438,12.118866873767438,70.39473,-162.13675,,,
S1P2,2019-11-10 09:30:00,1.6991725739285004,12118.866873767438,12.118866873767438,70.39473,-162.13675,,,
S1P2,2019-11-10 10:00:00,1.7136391027320264,12118.866873767438,12.118866873767438,70.39473,-162.13675,,,
S1P2,2019-11-10 10:30:00,1.5914500906265965,12118.866873767438,12.118866873767438,70.39473,-162.13675,,,
S1P2,2019-11-10 11:00:00,1.520431319681099,12118.866873767438,12.118866873767438,70.39473,-162.13675,,,
S1P2,2019-11-10 11:30:00,1.4416749569986431,12118.866873767438,12.118866873767438,70.39473,-162.13675,,,
S1P2,2019-11-10 12:00:00,1.3667949833409065,12118.866873767438,12.118866873767438,70.39473,-162.13675,,,
S1P2,2019-11-10 12:30:00,1.4063961944239032,12118.866873767438,12.118866873767438,70.39473,-162.13675,,,
S1P2,2019-11-10 13:00:00,1.4129240914319128,12118.866873767438,12.118866873767438,70.39473,-162.13675,,,
S1P2,2019-11-10 13:30:00,1.5106360262815879,12118.866873767438,12.118866873767438,70.39473,-162.13675,,,
S1P2,2019-11-10 14:00:00,1.475991070780568,12118.866873767438,12.118866873767438,70.39473,-162.13675,,,
S1P2,2019-11-10 14:30:00,1.4428115990538513,12118.866873767438,12.118866873767438,70.39473,-162.13675,,,
S1P2,2019-11-10 15:00:00,1.490900117598639,12118.866873767438,12.118866873767438,70.39473,-162.13675,,,
S1P2,2019-11-10 15:30:00,1.4846719374433093,12118.866873767438,12.118866873767438,70.39473,-162.13675,,,
S1P2,2019-11-10 16:00:00,1.4533839118868919,12118.866873767438,12.118866873767438,70.39473,-162.13675,,,
S1P2,2019-11-10 16:30:00,1.4469643435212733,12118.866873767438,12.118866873767438,70.39473,-162.13675,,,
S1P2,2019-11-10 17:00:00,1.456988436195108,12118.866873767438,12.118866873767438,70.39473,-162.13675,,,
S1P2,2019-11-10 17:30:00,1.34053957788966,12118.866873767438,12.118866873767438,70.39473,-162.13675,,,
S1P2,2019-11-10 18:00:00,1.2404831598048338,12118.866873767438,12.118866873767438,70.39473,-162.13675,,,
S1P2,2019-11-10 18:30:00,1.1985516220110608,12118.866873767438,12.118866873767438,70.39473,-162.13675,,,
S1P2,2019-11-10 19:00:00,1.306672304205801,12118.866873767438,12.118866873767438,70.39473,-162.13675,,,
S1P2,2019-11-10 19:30:00,1.098200142518169,12118.866873767438,12.118866873767438,70.39473,-162.13675,,,
S1P2,2019-11-10 20:00:00,1.1149721903773417,12118.866873767438,12.118866873767438,70.39473,-162.13675,,,
S1P2,2019-11-10 20:30:00,1.0190923031121106,12118.866873767438,12.118866873767438,70.39473,-162.13675,,,
S1P2,2019-11-10 21:00:00,0.975124282033529,12118.866873767438,12.118866873767438,70.39473,-162.13675,,,
S1P2,2019-11-10 21:30:00,0.9393665315540619,12118.866873767438,12.118866873767438,70.39473,-162.13675,,,
S1P2,2019-11-10 22:00:00,1.0092610010800027,12118.866873767438,12.118866873767438,70.39473,-162.13675,,,
S1P2,2019-11-10 22:30:00,0.9351501263780667,12118.866873767438,12.118866873767438,70.39473,-162.13675,,,
S1P2,2019-11-10 23:00:00,0.9598121179850959,12118.866873767438,12.118866873767438,70.39473,-162.13675,,,
S1P2,2019-11-10 23:30:00,0.8664384066862189,12118.866873767438,12.118866873767438,70.39473,-162.13675,,,
S1P2,2019-11-11 00:00:00,0.842395476819966,12118.866873767438,12.118866873767438,70.39473,-162.13675,,,
S1P2,2019-11-11 00:30:00,0.8632750009557658,12118.866873767438,12.118866873767438,70.39473,-162.13675,,,
S1P2,2019-11-11 01:00:00,0.8468655663825262,12118.866873767438,12.118866873767438,70.39473,-162.13675,,,
S1P2,2019-11-11 01:30:00,0.8190910824683827,12118.866873767438,12.118866873767438,70.39473,-162.13675,,,
S1P2,2019-11-11 02:00:00,0.8103510391239631,12118.866873767438,12.118866873767438,70.39473,-162.13675,,,
S1P2,2019-11-11 02:30:00,0.7517972838726343,12118.866873767438,12.118866873767438,70.39473,-162.13675,,,
S1P2,2019-11-11 03:00:00,0.6859841129303884,12118.866873767438,12.118866873767438,70.39473,-162.13675,,,
S1P2,2019-11-11 03:30:00,0.6970666483078468,12118.866873767438,12.118866873767438,70.39473,-162.13675,,,
S1P2,2019-11-11 04:00:00,0.6629781133764681,12118.866873767438,12.118866873767438,70.39473,-162.13675,,,
S1P2,2019-11-11 04:30:00,0.5867000091526352,12118.866873767438,12.118866873767438,70.39473,-162.13675,,,
S1P2,2019-11-11 05:00:00,0.6469830924829866,12118.866873767438,12.118866873767438,70.39473,-162.13675,,,
S1P2,2019-11-11 05:30:00,0.6080774639569004,12118.866873767438,12.118866873767438,70.39473,-162.13675,,,
S1P2,2019-11-11 06:00:00,0.6239188930739208,12118.866873767438,12.118866873767438,70.39473,-162.13675,,,
S1P2,2019-11-11 06:30:00,0.5579635234702871,12118.866873767438,12.118866873767438,70.39473,-162.13675,,,
S1P2,2019-11-11 07:00:00,0.5558180380708523,12118.866873767438,12.118866873767438,70.39473,-162.13675,,,
S1P2,2019-11-11 07:30:00,0.5496032469132143,12118.866873767438,12.118866873767438,70.39473,-162.13675,,,
S1P2,2019-11-11 08:00:00,0.4799621345936045,12118.866873767438,12.118866873767438,70.39473,-162.13675,,,
S1P2,2019-11-11 08:30:00,0.489003568563994,12118.866873767438,12.118866873767438,70.39473,-162.13675,,,
S1P2,2019-11-11 09:00:00,0.45865620224536874,12118.866873767438,12.118866873767438,70.39473,-162.13675,,,
S1P2,2019-11-11 09:30:00,0.41188535786000235,12118.866873767438,12.118866873767438,70.39473,-162.13675,,,
S1P2,2019-11-11 10:00:00,0.39084147122250484,12118.866873767438,12.118866873767438,70.39473,-162.13675,,,
S1P2,2019-11-11 10:30:00,0.3616061657090208,12118.866873767438,12.118866873767438,70.39473,-162.13675,,,
S1P2,2019-11-11 11:00:00,0.3461625133503786,12118.866873767438,12.118866873767438,70.39473,-162.13675,,,
S1P2,2019-11-11 11:30:00,0.2826688102376555,12118.866873767438,12.118866873767438,70.39473,-162.13675,,,
S1P2,2019-11-11 12:00:00,0.33577585480296424,12118.866873767438,12.118866873767438,70.39473,-162.13675,,,
S1P2,2019-11-11 12:30:00,0.26422166835801436,12118.866873767438,12.118866873767438,70.39473,-162.13675,,,
S1P2,2019-11-11 13:00:00,0.2601776431745161,12118.866873767438,12.118866873767438,70.39473,-162.13675,,,
S1P2,2019-11-11 13:30:00,0.27492380836310143,12118.866873767438,12.118866873767438,70.39473,-162.13675,,,
S1P2,2019-11-11 14:00:00,0.31487225753522496,12118.866873767438,12.118866873767438,70.39473,-162.13675,,,
S1P2,2019-11-11 14:30:00,0.42829868062155274,12118.866873767438,12.118866873767438,70.39473,-162.13675,,,
S1P2,2019-11-11 15:00:00,0.477723155615399,12118.866873767438,12.118866873767438,70.39473,-162.13675,,,
S1P2,2019-11-11 15:30:00,0.4499440356306844,12118.866873767438,12.118866873767438,70.39473,-162.13675,,,
S1P2,2019-11-11 16:00:00,0.4638941972847116,12118.866873767438,12.118866873767438,70.39473,-162.13675,,,
S1P2,2019-11-11 16:30:00,0.603505792739416,12118.866873767438,12.118866873767438,70.39473,-162.13675,,,
S1P2,2019-11-11 17:00:00,0.8110434654818885,12118.866873767438,12.118866873767438,70.39473,-162.13675,,,
S1P2,2019-11-11 17:30:00,1.0897449573659912,12118.866873767438,12.118866873767438,70.39473,-162.13675,,,
S1P2,2019-11-11 18:00:00,1.314230335228969,12118.866873767438,12.118866873767438,70.39473,-162.13675,,,
S1P2,2019-11-11 18:30:00,1.4423454018032817,12118.866873767438,12.118866873767438,70.39473,-162.13675,,,
S1P2,2019-11-11 19:00:00,1.630982671128772,12118.866873767438,12.118866873767438,70.39473,-162.13675,,,
S1P2,2019-11-11 19:30:00,1.791903968605662,12118.866873767438,12.118866873767438,70.39473,-162.13675,,,
S1P2,2019-11-11 20:00:00,1.6664916590808279,12118.866873767438,12.118866873767438,70.39473,-162.13675,,,
S1P2,2019-11-11 20:30:00,1.8570192835907928,12118.866873767438,12.118866873767438,70.39473,-162.13675,,,
S1P2,2019-11-11 21:00:00,1.9791074702949658,12118.866873767438,12.118866873767438,70.39473,-162.13675,,,
S1P2,2019-11-11 21:30:00,1.9090190623191046,12118.866873767438,12.118866873767438,70.39473,-162.13675,,,
S1P2,2019-11-11 22:00:00,2.0054017184802833,12118.866873767438,12.118866873767438,70.39473,-162.13675,,,
S1P2,2019-11-11 22:30:00,1.9472006259912182,12118.866873767438,12.118866873767438,70.39473,-162.13675,,,
S1P2,2019-11-11 23:00:00,1.870145337743322,12118.866873767438,12.118866873767438,70.39473,-162.13675,,,
S1P2,2019-11-11 23:30:00,1.9984878064498892,12118.866873767438,12.118866873767438,70.39473,-162.13675,,,
S1P2,2019-11-12 00:00:00,2.0374475588491205,12118.866873767438,12.118866873767438,70.39473,-162.13675,,,
S1P2,2019-11-12 00:30:00,2.0168161102402706,12118.866873767438,12.118866873767438,70.39473,-162.13675,,,
S1P2,2019-11-12 01:00:00,2.1332844418585397,12118.866873767438,12.118866873767438,70.39473,-162.13675,,,
S1P2,2019-11-12 01:30:00,2.226183078858788,12118.866873767438,12.118866873767438,70.39473,-162.13675,,,
S1P2,2019-11-12 02:00:00,2.4239433594127906,12118.866873767438,12.118866873767438,70.39473,-162.13675,,,
S1P2,2019-11-12 02:30:00,2.292667534854535,12118.866873767438,12.118866873767438,70.39473,-162.13675,,,
S1P2,2019-11-12 03:00:00,2.1827227448312123,12118.866873767438,12.118866873767438,70.39473,-162.13675,,,
S1P2,2019-11-12 03:30:00,2.4355821194220053,12118.866873767438,12.118866873767438,70.39473,-162.13675,,,
S1P2,2019-11-12 04:00:00,2.3589691569489686,12118.866873767438,12.118866873767438,70.39473,-162.13675,,,
S1P2,2019-11-12 04:30:00,2.4622610073441322,12118.866873767438,12.118866873767438,70.39473,-162.13675,,,
S1P2,2019-11-12 05:00:00,2.7805104248938304,12118.866873767438,12.118866873767438,70.39473,-162.13675,,,
S1P2,2019-11-12 05:30:00,2.7794663038251515,12118.866873767438,12.118866873767438,70.39473,-162.13675,,,
S1P2,2019-11-12 06:00:00,2.7455821172665744,12118.866873767438,12.118866873767438,70.39473,-162.13675,,,
S1P2,2019-11-12 06:30:00,2.6879039897228534,12118.866873767438,12.118866873767438,70.39473,-162.13675,,,
S1P2,2019-11-12 07:00:00,2.6325591699935136,12118.866873767438,12.118866873767438,70.39473,-162.13675,,,
S1P2,2019-11-12 07:30:00,2.9271417255775143,12118.866873767438,12.118866873767438,70.39473,-162.13675,,,
S1P2,2019-11-12 08:00:00,2.7488126594760525,12118.866873767438,12.118866873767438,70.39473,-162.13675,,,
S1P2,2019-11-12 08:30:00,2.7768606904213233,12118.866873767438,12.118866873767438,70.39473,-162.13675,,,
S1P2,2019-11-12 09:00:00,2.8686699934851476,12118.866873767438,12.118866873767438,70.39473,-162.13675,,,
S1P2,2019-11-12 09:30:00,2.815821927417627,12118.866873767438,12.118866873767438,70.39473,-162.13675,,,
S1P2,2019-11-12 10:00:00,2.9366573787035697,12118.866873767438,12.118866873767438,70.39473,-162.13675,,,
S1P2,2019-11-12 10:30:00,3.0332855754875028,12118.866873767438,12.118866873767438,70.39473,-162.13675,,,
S1P2,2019-11-12 11:00:00,3.036039918474007,12118.866873767438,12.118866873767438,70.39473,-162.13675,,,
S1P2,2019-11-12 11:30:00,2.8429643954562294,12118.866873767438,12.118866873767438,70.39473,-162.13675,,,
S1P2,2019-11-12 12:00:00,2.9753761365104547,12118.866873767438,12.118866873767438,70.39473,-162.13675,,,
S1P2,2019-11-12 12:30:00,2.886972696711368,12118.866873767438,12.118866873767438,70.39473,-162.13675,,,
S1P2,2019-11-12 13:00:00,3.2146038365271714,12118.866873767438,12.118866873767438,70.39473,-162.13675,,,
S1P2,2019-11-12 13:30:00,2.9156269307092164,12118.866873767438,12.118866873767438,70.39473,-162.13675,,,
S1P2,2019-11-12 14:00:00,2.9360578826952124,12118.866873767438,12.118866873767438,70.39473,-162.13675,,,
S1P2,2019-11-12 14:30:00,3.0245849853025035,12118.866873767438,12.118866873767438,70.39473,-162.13675,,,
S1P2,2019-11-12 15:00:00,2.8615028916406056,12118.866873767438,12.118866873767438,70.39473,-162.13675,,,
S1P2,2019-11-12 15:30:00,2.847802067295843,12118.866873767438,12.118866873767438,70.39473,-162.13675,,,
S1P2,2019-11-12 16:00:00,2.385200942783668,12118.866873767438,12.118866873767438,70.39473,-162.13675,,,
S1P2,2019-11-12 16:30:00,2.6490612867448435,12118.866873767438,12.118866873767438,70.39473,-162.13675,,,
S1P2,2019-11-12 17:00:00,2.586829355709093,12118.866873767438,12.118866873767438,70.39473,-162.13675,,,
S1P2,2019-11-12 17:30:00,2.4005714316202815,12118.866873767438,12.118866873767438,70.39473,-162.13675,,,
S1P2,2019-11-12 18:00:00,2.5951721649447252,12118.866873767438,12.118866873767438,70.39473,-162.13675,,,
S1P2,2019-11-12 18:30:00,2.4973652704548557,12118.866873767438,12.118866873767438,70.39473,-162.13675,,,
S1P2,2019-11-12 19:00:00,2.6606642089096835,12118.866873767438,12.118866873767438,70.39473,-162.13675,,,
S1P2,2019-11-12 19:30:00,2.7213678793255287,12118.866873767438,12.118866873767438,70.39473,-162.13675,,,
S1P2,2019-11-12 20:00:00,2.4378530216964385,12118.866873767438,12.118866873767438,70.39473,-162.13675,,,
S1P2,2019-11-12 20:30:00,2.529211715520679,12118.866873767438,12.118866873767438,70.39473,-162.13675,,,
S1P2,2019-11-12 21:00:00,2.3987984967838925,12118.866873767438,12.118866873767438,70.39473,-162.13675,,,
S1P2,2019-11-12 21:30:00,2.438807024152157,12118.866873767438,12.118866873767438,70.39473,-162.13675,,,
S1P2,2019-11-12 22:00:00,2.34070211675045,12118.866873767438,12.118866873767438,70.39473,-162.13675,,,
S1P2,2019-11-12 22:30:00,2.3409151614882626,12118.866873767438,12.118866873767438,70.39473,-162.13675,,,
S1P2,2019-11-12 23:00:00,2.2063537974933167,12118.866873767438,12.118866873767438,70.39473,-162.13675,,,
S1P2,2019-11-12 23:30:00,2.06061156516019,12118.866873767438,12.118866873767438,70.39473,-162.13675,,,
S1P2,2019-11-13 00:00:00,2.1776812235034906,12118.866873767438,12.118866873767438,70.39473,-162.13675,,,
S1P2,2019-11-13 00:30:00,2.060401321860996,12118.866873767438,12.118866873767438,70.39473,-162.13675,,,
S1P2,2019-11-13 01:00:00,1.975507199158552,12118.866873767438,12.118866873767438,70.39473,-162.13675,,,
S1P2,2019-11-13 01:30:00,1.995126531363623,12118.866873767438,12.118866873767438,70.39473,-162.13675,,,
S1P2,2019-11-13 02:00:00,2.0247651828585895,12118.866873767438,12.118866873767438,70.39473,-162.13675,,,
S1P2,2019-11-13 02:30:00,2.038226002597595,12118.866873767438,12.118866873767438,70.39473,-162.13675,,,
S1P2,2019-11-13 03:00:00,2.0564800468964464,12118.866873767438,12.118866873767438,70.39473,-162.13675,,,
S1P2,2019-11-13 03:30:00,1.9477927357703595,12118.866873767438,12.118866873767438,70.39473,-162.13675,,,
S1P2,2019-11-13 04:00:00,1.9727710807398857,12118.866873767438,12.118866873767438,70.39473,-162.13675,,,
S1P2,2019-11-13 04:30:00,1.9825230342634552,12118.866873767438,12.118866873767438,70.39473,-162.13675,,,
S1P2,2019-11-13 05:00:00,2.243987526248033,12118.866873767438,12.118866873767438,70.39473,-162.13675,,,
S1P2,2019-11-13 05:30:00,2.198103953517523,12118.866873767438,12.118866873767438,70.39473,-162.13675,,,
S1P2,2019-11-13 06:00:00,2.0445050389265225,12118.866873767438,12.118866873767438,70.39473,-162.13675,,,
S1P2,2019-11-13 06:30:00,2.049070246472644,12118.866873767438,12.118866873767438,70.39473,-162.13675,,,
S1P2,2019-11-13 07:00:00,2.014448508037904,12118.866873767438,12.118866873767438,70.39473,-162.13675,,,
S1P2,2019-11-13 07:30:00,2.142170012569585,12118.866873767438,12.118866873767438,70.39473,-162.13675,,,
S1P2,2019-11-13 08:00:00,2.1405850902091332,12118.866873767438,12.118866873767438,70.39473,-162.13675,,,
S1P2,2019-11-13 08:30:00,2.191343254476748,12118.866873767438,12.118866873767438,70.39473,-162.13675,,,
S1P2,2019-11-13 09:00:00,2.077066364252132,12118.866873767438,12.118866873767438,70.39473,-162.13675,,,
S1P2,2019-11-13 09:30:00,2.0948860051514524,12118.866873767438,12.118866873767438,70.39473,-162.13675,,,
S1P2,2019-11-13 10:00:00,1.8780564390242247,12118.866873767438,12.118866873767438,70.39473,-162.13675,,,
S1P2,2019-11-13 10:30:00,1.7594324100666787,12118.866873767438,12.118866873767438,70.39473,-162.13675,,,
S1P2,2019-11-13 11:00:00,1.7388843375383405,12118.866873767438,12.118866873767438,70.39473,-162.13675,,,
S1P2,2019-11-13 11:30:00,1.7296115268146477,12118.866873767438,12.118866873767438,70.39473,-162.13675,,,
S1P2,2019-11-13 12:00:00,1.7489045842771012,12118.866873767438,12.118866873767438,70.39473,-162.13675,,,
S1P2,2019-11-13 12:30:00,1.7259340233468592,12118.866873767438,12.118866873767438,70.39473,-162.13675,,,
S1P2,2019-11-13 13:00:00,1.653111046551319,12118.866873767438,12.118866873767438,70.39473,-162.13675,,,
S1P2,2019-11-13 13:30:00,1.3728819824802756,12118.866873767438,12.118866873767438,70.39473,-162.13675,,,
S1P2,2019-11-13 14:00:00,1.399725264494889,12118.866873767438,12.118866873767438,70.39473,-162.13675,,,
S1P2,2019-11-13 14:30:00,1.4221426541528424,12118.866873767438,12.118866873767438,70.39473,-162.13675,,,
S1P2,2019-11-13 15:00:00,1.3081170798353692,12118.866873767438,12.118866873767438,70.39473,-162.13675,,,
S1P2,2019-11-13 15:30:00,1.234846104548688,12118.866873767438,12.118866873767438,70.39473,-162.13675,,,
S1P2,2019-11-13 16:00:00,1.2330294301459768,12118.866873767438,12.118866873767438,70.39473,-162.13675,,,
S1P2,2019-11-13 16:30:00,1.1481791362961924,12118.866873767438,12.118866873767438,70.39473,-162.13675,,,
S1P2,2019-11-13 17:00:00,1.1969305390733271,12118.866873767438,12.118866873767438,70.39473,-162.13675,,,
S1P2,2019-11-13 17:30:00,1.1184985148185396,12118.866873767438,12.118866873767438,70.39473,-162.13675,,,
S1P2,2019-11-13 18:00:00,1.1300806177654266,12118.866873767438,12.118866873767438,70.39473,-162.13675,,,
S1P2,2019-11-13 18:30:00,1.1121754788733729,12118.866873767438,12.118866873767438,70.39473,-162.13675,,,
S1P2,2019-11-13 19:00:00,1.1468804355618782,12118.866873767438,12.118866873767438,70.39473,-162.13675,,,
S1P2,2019-11-13 19:30:00,1.171748799452984,12118.866873767438,12.118866873767438,70.39473,-162.13675,,,
S1P2,2019-11-13 20:00:00,1.4414400013207493,12118.866873767438,12.118866873767438,70.39473,-162.13675,,,
S1P2,2019-11-13 20:30:00,1.6069615002396431,12118.866873767438,12.118866873767438,70.39473,-162.13675,,,
S1P2,2019-11-13 21:00:00,1.910194375203635,12118.866873767438,12.118866873767438,70.39473,-162.13675,,,
S1P2,2019-11-13 21:30:00,2.092803912566786,12118.866873767438,12.118866873767438,70.39473,-162.13675,,,
S1P2,2019-11-13 22:00:00,2.1679862990469845,12118.866873767438,12.118866873767438,70.39473,-162.13675,,,
S1P2,2019-11-13 22:30:00,1.9392600697277873,12118.866873767438,12.118866873767438,70.39473,-162.13675,,,
S1P2,2019-11-13 23:00:00,2.0271707051772796,12118.866873767438,12.118866873767438,70.39473,-162.13675,,,
S1P2,2019-11-13 23:30:00,1.8121447442976604,12118.866873767438,12.118866873767438,70.39473,-162.13675,,,
S1P2,2019-11-14 00:00:00,1.852710619254633,12118.866873767438,12.118866873767438,70.39473,-162.13675,,,
S1P2,2019-11-14 00:30:00,1.8110916681808022,12118.866873767438,12.118866873767438,70.39473,-162.13675,,,
S1P2,2019-11-14 01:00:00,1.9173873794150167,12118.866873767438,12.118866873767438,70.39473,-162.13675,,,
S1P2,2019-11-14 01:30:00,1.8887015996429068,12118.866873767438,12.118866873767438,70.39473,-162.13675,,,
S1P2,2019-11-14 02:00:00,1.8829082041486092,12118.866873767438,12.118866873767438,70.39473,-162.13675,,,
S1P2,2019-11-14 02:30:00,1.9007631428529168,12118.866873767438,12.118866873767438,70.39473,-162.13675,,,
S1P2,2019-11-14 03:00:00,1.7392443674312208,12118.866873767438,12.118866873767438,70.39473,-162.13675,,,
S1P2,2019-11-14 03:30:00,1.8744300530847018,12118.866873767438,12.118866873767438,70.39473,-162.13675,,,
S1P2,2019-11-14 04:00:00,1.7018087440625098,12118.866873767438,12.118866873767438,70.39473,-162.13675,,,
S1P2,2019-11-14 04:30:00,1.7243891625203411,12118.866873767438,12.118866873767438,70.39473,-162.13675,,,
S1P2,2019-11-14 05:00:00,1.7074171791130415,12118.866873767438,12.118866873767438,70.39473,-162.13675,,,
S1P2,2019-11-14 05:30:00,1.5813801376763892,12118.866873767438,12.118866873767438,70.39473,-162.13675,,,
S1P2,2019-11-14 06:00:00,1.6153362546450605,12118.866873767438,12.118866873767438,70.39473,-162.13675,,,
S1P2,2019-11-14 06:30:00,1.6281102930053206,12118.866873767438,12.118866873767438,70.39473,-162.13675,,,
S1P2,2019-11-14 07:00:00,1.6204766268656448,12118.866873767438,12.118866873767438,70.39473,-162.13675,,,
S1P2,2019-11-14 07:30:00,1.4431341275595773,12118.866873767438,12.118866873767438,70.39473,-162.13675,,,
S1P2,2019-11-14 08:00:00,1.4876332359647721,12118.866873767438,12.118866873767438,70.39473,-162.13675,,,
S1P2,2019-11-14 08:30:00,1.3808996443984394,12118.866873767438,12.118866873767438,70.39473,-162.13675,,,
S1P2,2019-11-14 09:00:00,1.4733653253477015,12118.866873767438,12.118866873767438,70.39473,-162.13675,,,
S1P2,2019-11-14 09:30:00,1.387874212901963,12118.866873767438,12.118866873767438,70.39473,-162.13675,,,
S1P2,2019-11-14 10:00:00,1.377344772959792,12118.866873767438,12.118866873767438,70.39473,-162.13675,,,
S1P2,2019-11-14 10:30:00,1.3379785551799188,12118.866873767438,12.118866873767438,70.39473,-162.13675,,,
S1P2,2019-11-14 11:00:00,1.2190897145194368,12118.866873767438,12.118866873767438,70.39473,-162.13675,,,
S1P2,2019-11-14 11:30:00,1.1933188605745417,12118.866873767438,12.118866873767438,70.39473,-162.13675,,,
S1P2,2019-11-14 12:00:00,1.1811571489352484,12118.866873767438,12.118866873767438,70.39473,-162.13675,,,
S1P2,2019-11-14 12:30:00,1.2925324689834965,12118.866873767438,12.118866873767438,70.39473,-162.13675,,,
S1P2,2019-11-14 13:00:00,1.1984919064658837,12118.866873767438,12.118866873767438,70.39473,-162.13675,,,
S1P2,2019-11-14 13:30:00,1.1706169529559602,12118.866873767438,12.118866873767438,70.39473,-162.13675,,,
S1P2,2019-11-14 14:00:00,1.3419396147200022,12118.866873767438,12.118866873767438,70.39473,-162.13675,,,
S1P2,2019-11-14 14:30:00,1.414974489535641,12118.866873767438,12.118866873767438,70.39473,-162.13675,,,
S1P2,2019-11-14 15:00:00,1.4018712602661179,12118.866873767438,12.118866873767438,70.39473,-162.13675,,,
S1P2,2019-11-14 15:30:00,1.3938669948535287,12118.866873767438,12.118866873767438,70.39473,-162.13675,,,
S1P2,2019-11-14 16:00:00,1.4428968519422334,12118.866873767438,12.118866873767438,70.39473,-162.13675,,,
S1P2,2019-11-14 16:30:00,1.3525876595398352,12118.866873767438,12.118866873767438,70.39473,-162.13675,,,
S1P2,2019-11-14 17:00:00,1.284763299971034,12118.866873767438,12.118866873767438,70.39473,-162.13675,,,
S1P2,2019-11-14 17:30:00,1.3988707725857945,12118.866873767438,12.118866873767438,70.39473,-162.13675,,,
S1P2,2019-11-14 18:00:00,1.2341929646152903,12118.866873767438,12.118866873767438,70.39473,-162.13675,,,
S1P2,2019-11-14 18:30:00,1.3311011726412327,12118.866873767438,12.118866873767438,70.39473,-162.13675,,,
S1P2,2019-11-14 19:00:00,1.421527882861863,12118.866873767438,12.118866873767438,70.39473,-162.13675,,,
S1P2,2019-11-14 19:30:00,1.288340343756961,12118.866873767438,12.118866873767438,70.39473,-162.13675,,,
S1P2,2019-11-14 20:00:00,1.3434572497128943,12118.866873767438,12.118866873767438,70.39473,-162.13675,,,
S1P2,2019-11-14 20:30:00,1.169307452397143,12118.866873767438,12.118866873767438,70.39473,-162.13675,,,
S1P2,2019-11-14 21:00:00,1.213481610755903,12118.866873767438,12.118866873767438,70.39473,-162.13675,,,
S1P2,2019-11-14 21:30:00,1.147117084900767,12118.866873767438,12.118866873767438,70.39473,-162.13675,,,
S1P2,2019-11-14 22:00:00,1.0948364993657493,12118.866873767438,12.118866873767438,70.39473,-162.13675,,,
S1P2,2019-11-14 22:30:00,1.0984466107273057,12118.866873767438,12.118866873767438,70.39473,-162.13675,,,
S1P2,2019-11-14 23:00:00,1.0896168228504441,12118.866873767438,12.118866873767438,70.39473,-162.13675,,,
S1P2,2019-11-14 23:30:00,1.2316629138982431,12118.866873767438,12.118866873767438,70.39473,-162.13675,,,
S1P2,2019-11-15 00:00:00,1.4100552719452546,12118.866873767438,12.118866873767438,70.39473,-162.13675,,,
S1P2,2019-11-15 00:30:00,1.4322197073833713,12118.866873767438,12.118866873767438,70.39473,-162.13675,,,
S1P2,2019-11-15 01:00:00,1.5144931272980415,12118.866873767438,12.118866873767438,70.39473,-162.13675,,,
S1P2,2019-11-15 01:30:00,1.4078728328427832,12118.866873767438,12.118866873767438,70.39473,-162.13675,,,
S1P2,2019-11-15 02:00:00,1.4874405922418914,12118.866873767438,12.118866873767438,70.39473,-162.13675,,,
S1P2,2019-11-15 02:30:00,1.4678299080319668,12118.866873767438,12.118866873767438,70.39473,-162.13675,,,
S1P2,2019-11-15 03:00:00,1.2799333720078847,12118.866873767438,12.118866873767438,70.39473,-162.13675,,,
S1P2,2019-11-15 03:30:00,1.2490191820568186,12118.866873767438,12.118866873767438,70.39473,-162.13675,3802.467631617543,3.8024676316175428,-8316.399242149895
S1P2,2019-11-15 04:00:00,1.0939154968635638,12118.866873767438,12.118866873767438,70.39473,-162.13675,3802.467631617543,3.8024676316175428,-8316.399242149895
S1P2,2019-11-15 04:30:00,1.1018704538825697,12118.866873767438,12.118866873767438,70.39473,-162.13675,3802.467631617543,3.8024676316175428,-8316.399242149895
S1P2,2019-11-15 05:00:00,0.9382125734612368,12118.866873767438,12.118866873767438,70.39473,-162.13675,3802.467631617543,3.8024676316175428,-8316.399242149895
S1P2,2019-11-15 05:30:00,0.9140825818073253,12118.866873767438,12.118866873767438,70.39473,-162.13675,4044.219783948208,,-8074.64708981923
S1P2,2019-11-15 06:00:00,0.8965129893316491,12118.866873767438,12.118866873767438,70.39473,-162.13675,4285.971936278873,,-7832.894937488565
S1P2,2019-11-15 06:30:00,0.812551377598101,12118.866873767438,12.118866873767438,70.39473,-162.13675,4527.724088609538,,-7591.1427851579
S1P2,2019-11-15 07:00:00,0.7937677143490358,12118.866873767438,12.118866873767438,70.39473,-162.13675,4769.476240940203,,-7349.390632827235
S1P2,2019-11-15 07:30:00,0.8456000517181393,12118.866873767438,12.118866873767438,70.39473,-162.13675,5011.228393270868,,-7107.63848049657
S1P2,2019-11-15 08:00:00,0.7557587568970837,12118.866873767438,12.118866873767438,70.39473,-162.13675,5252.980545601533,,-6865.886328165905
S1P2,2019-11-15 08:30:00,0.7392700376220149,12118.866873767438,12.118866873767438,70.39473,-162.13675,5494.732697932198,,-6624.13417583524
S1P2,2019-11-15 09:00:00,0.6017009451678333,12118.866873767438,12.118866873767438,70.39473,-162.13675,5736.484850262863,,-6382.382023504575
S1P2,2019-11-15 09:30:00,0.7227223131899209,12118.866873767438,12.118866873767438,70.39473,-162.13675,5978.237002593528,,-6140.62987117391
S1P2,2019-11-15 10:00:00,0.6650534890629466,12118.866873767438,12.118866873767438,70.39473,-162.13675,6219.989154924193,,-5898.877718843245
S1P2,2019-11-15 10:30:00,0.658585890437761,12118.866873767438,12.118866873767438,70.39473,-162.13675,6461.741307254857,,-5657.125566512581
S1P2,2019-11-15 11:00:00,0.6998825845232313,12118.866873767438,12.118866873767438,70.39473,-162.13675,6703.493459585523,,-5415.373414181915
S1P2,2019-11-15 11:30:00,0.6579900303205075,12118.866873767438,12.118866873767438,70.39473,-162.13675,6945.245611916187,,-5173.621261851251
S1P2,2019-11-15 12:00:00,0.6979737640403197,12118.866873767438,12.118866873767438,70.39473,-162.13675,7186.997764246853,,-4931.869109520585
S1P2,2019-11-15 12:30:00,0.638872800716763,12118.866873767438,12.118866873767438,70.39473,-162.13675,7428.749916577517,,-4690.116957189921
S1P2,2019-11-15 13:00:00,0.6436018988641515,12118.866873767438,12.118866873767438,70.39473,-162.13675,7670.502068908183,,-4448.364804859255
S1P2,2019-11-15 13:30:00,0.5917695381050452,12118.866873767438,12.118866873767438,70.39473,-162.13675,7912.254221238848,,-4206.61265252859
S1P2,2019-11-15 14:00:00,0.5969033417876044,12118.866873767438,12.118866873767438,70.39473,-162.13675,8154.006373569513,,-3964.860500197925
S1P2,2019-11-15 14:30:00,0.6131485265490324,12118.866873767438,12.118866873767438,70.39473,-162.13675,8395.758525900179,,-3723.108347867259
S1P2,2019-11-15 15:00:00,0.5781263049729408,12118.866873767438,12.118866873767438,70.39473,-162.13675,8637.510678230843,,-3481.356195536595
S1P2,2019-11-15 15:30:00,0.5436800774936976,12118.866873767438,12.118866873767438,70.39473,-162.13675,8879.262830561507,,-3239.604043205931
S1P2,2019-11-15 16:00:00,0.542043900300025,12118.866873767438,12.118866873767438,70.39473,-162.13675,9121.014982892171,,-2997.8518908752667
S1P2,2019-11-15 16:30:00,0.5382825423330063,12118.866873767438,12.118866873767438,70.39473,-162.13675,9362.767135222837,,-2756.0997385446008
S1P2,2019-11-15 17:00:00,0.5001769644078261,12118.866873767438,12.118866873767438,70.39473,-162.13675,9604.519287553503,,-2514.347586213935
S1P2,2019-11-15 17:30:00,0.5542217351264181,12118.866873767438,12.118866873767438,70.39473,-162.13675,9846.271439884167,,-2272.5954338832707
S1P2,2019-11-15 18:00:00,0.4931765689065805,12118.866873767438,12.118866873767438,70.39473,-162.13675,10088.023592214831,,-2030.8432815526066
S1P2,2019-11-15 18:30:00,0.5060397263966828,12118.866873767438,12.118866873767438,70.39473,-162.13675,10329.775744545497,,-1789.0911292219407
S1P2,2019-11-15 19:00:00,0.5214898277845095,12118.866873767438,12.118866873767438,70.39473,-162.13675,10571.527896876163,,-1547.3389768912748
S1P2,2019-11-15 19:30:00,0.5090492833102306,12118.866873767438,12.118866873767438,70.39473,-162.13675,10813.280049206827,,-1305.5868245606107
S1P2,2019-11-15 20:00:00,0.5310103991686979,12118.866873767438,12.118866873767438,70.39473,-162.13675,11055.032201537491,,-1063.8346722299466
S1P2,2019-11-15 20:30:00,0.4968225700062312,12118.866873767438,12.118866873767438,70.39473,-162.13675,11296.784353868157,,-822.0825198992807
S1P2,2019-11-15 21:00:00,0.5619380691109098,12118.866873767438,12.118866873767438,70.39473,-162.13675,11538.536506198823,,-580.3303675686147
S1P2,2019-11-15 21:30:00,0.5934338985404944,12118.866873767438,12.118866873767438,70.39473,-162.13675,11780.288658529487,,-338.57821523795064
S1P2,2019-11-15 22:00:00,0.6298388807939992,12118.866873767438,12.118866873767438,70.39473,-162.13675,12022.040810860153,,-96.82606290728472
S1P2,2019-11-15 22:30:00,0.6013122358461973,12118.866873767438,12.118866873767438,70.39473,-162.13675,12263.792963190817,,144.92608942337938
S1P2,2019-11-15 23:00:00,0.660660105897337,12118.866873767438,12.118866873767438,70.39473,-162.13675,12505.545115521483,,386.6782417540453
S1P2,2019-11-15 23:30:00,0.6195440412275578,12118.866873767438,12.118866873767438,70.39473,-162.13675,12747.297267852147,,628.4303940847094
S1P2,2019-11-16 00:00:00,0.6832644476794895,12118.866873767438,12.118866873767438,70.39473,-162.13675,12989.049420182813,,870.1825464153753
S1P2,2019-11-16 00:30:00,0.6925886097657351,12118.866873767438,12.118866873767438,70.39473,-162.13675,13230.801572513477,,1111.9346987460394
S1P2,2019-11-16 01:00:00,0.7131814899410004,12118.866873767438,12.118866873767438,70.39473,-162.13675,13472.553724844141,,1353.6868510767035
S1P2,2019-11-16 01:30:00,0.597548907758751,12118.866873767438,12.118866873767438,70.39473,-162.13675,13714.305877174807,,1595.4390034073695
S1P2,2019-11-16 02:00:00,0.6974661792246468,12118.866873767438,12.118866873767438,70.39473,-162.13675,13956.058029505471,,1837.1911557380336
S1P2,2019-11-16 02:30:00,0.6138124589874198,12118.866873767438,12.118866873767438,70.39473,-162.13675,14197.810181836137,,2078.9433080686995
S1P2,2019-11-16 03:00:00,0.6715989745979359,12118.866873767438,12.118866873767438,70.39473,-162.13675,14439.562334166802,14.439562334166801,2320.6954603993636
S1P2,2019-11-16 03:30:00,0.6370494762064337,12118.866873767438,12.118866873767438,70.39473,-162.13675,14439.562334166802,14.439562334166801,2320.6954603993636
S1P2,2019-11-16 04:00:00,0.6781053132355598,12118.866873767438,12.118866873767438,70.39473,-162.13675,14439.562334166802,14.439562334166801,2320.6954603993636
S1P2,2019-11-16 04:30:00,0.6687171745118373,12118.866873767438,12.118866873767438,70.39473,-162.13675,14439.562334166802,14.439562334166801,2320.6954603993636
S1P2,2019-11-16 05:00:00,0.6024899039449662,12118.866873767438,12.118866873767438,70.39473,-162.13675,14329.591518451785,,2210.7246446843474
S1P2,2019-11-16 05:30:00,0.5965583109138418,12118.866873767438,12.118866873767438,70.39473,-162.13675,14219.620702736769,,2100.753828969331
S1P2,2019-11-16 06:00:00,0.6172872823934046,12118.866873767438,12.118866873767438,70.39473,-162.13675,14109.649887021753,,1990.783013254315
S1P2,2019-11-16 06:30:00,0.5343591164127814,12118.866873767438,12.118866873767438,70.39473,-162.13675,13999.679071306737,,1880.8121975392987
S1P2,2019-11-16 07:00:00,0.5791306747216218,12118.866873767438,12.118866873767438,70.39473,-162.13675,13889.70825559172,,1770.8413818242825
S1P2,2019-11-16 07:30:00,0.6035732198638689,12118.866873767438,12.118866873767438,70.39473,-162.13675,13779.737439876704,,1660.8705661092663
S1P2,2019-11-16 08:00:00,0.5399464956125825,12118.866873767438,12.118866873767438,70.39473,-162.13675,13669.766624161688,,1550.89975039425
S1P2,2019-11-16 08:30:00,0.5281486051666602,12118.866873767438,12.118866873767438,70.39473,-162.13675,13559.795808446672,,1440.9289346792339
S1P2,2019-11-16 09:00:00,0.5866511157726103,12118.866873767438,12.118866873767438,70.39473,-162.13675,13449.824992731656,,1330.9581189642176
S1P2,2019-11-16 09:30:00,0.5293032232288858,12118.866873767438,12.118866873767438,70.39473,-162.13675,13339.85417701664,,1220.9873032492014
S1P2,2019-11-16 10:00:00,0.5270997079429733,12118.866873767438,12.118866873767438,70.39473,-162.13675,13229.883361301621,,1111.0164875341834
S1P2,2019-11-16 10:30:00,0.49947457252860544,12118.866873767438,12.118866873767438,70.39473,-162.13675,13119.912545586605,,1001.0456718191672
S1P2,2019-11-16 11:00:00,0.511427470821959,12118.866873767438,12.118866873767438,70.39473,-162.13675,13009.941729871589,,891.074856104151
S1P2,2019-11-16 11:30:00,0.5094807186518958,12118.866873767438,12.118866873767438,70.39473,-162.13675,12899.970914156573,,781.1040403891348
S1P2,2019-11-16 12:00:00,0.4932768146277528,12118.866873767438,12.118866873767438,70.39473,-162.13675,12790.000098441556,,671.1332246741185
S1P2,2019-11-16 12:30:00,0.46695012201728514,12118.866873767438,12.118866873767438,70.39473,-162.13675,12680.02928272654,,561.1624089591023
S1P2,2019-11-16 13:00:00,0.4490903976502683,12118.866873767438,12.118866873767438,70.39473,-162.13675,12570.058467011524,,451.1915932440861
S1P2,2019-11-16 13:30:00,0.4528197200026831,12118.866873767438,12.118866873767438,70.39473,-162.13675,12460.087651296508,,341.2207775290699
S1P2,2019-11-16 14:00:00,0.4583180338841436,12118.866873767438,12.118866873767438,70.39473,-162.13675,12350.116835581492,,231.24996181405368
S1P2,2019-11-16 14:30:00,0.4015648729409516,12118.866873767438,12.118866873767438,70.39473,-162.13675,12240.146019866475,,121.27914609903746
S1P2,2019-11-16 15:00:00,0.3916608937283912,12118.866873767438,12.118866873767438,70.39473,-162.13675,12130.17520415146,,11.308330384021247
S1P2,2019-11-16 15:30:00,0.39687626462913445,12118.866873767438,12.118866873767438,70.39473,-162.13675,12020.204388436443,,-98.66248533099497
S1P2,2019-11-16 16:00:00,0.3728112720323744,12118.866873767438,12.118866873767438,70.39473,-162.13675,11910.233572721427,,-208.63330104601118
S1P2,2019-11-16 16:30:00,0.3833291936137705,12118.866873767438,12.118866873767438,70.39473,-162.13675,11800.26275700641,,-318.6041167610274
S1P2,2019-11-16 17:00:00,0.3608646892579152,12118.866873767438,12.118866873767438,70.39473,-162.13675,11690.291941291394,,-428.5749324760436
S1P2,2019-11-16 17:30:00,0.3166084831303954,12118.866873767438,12.118866873767438,70.39473,-162.13675,11580.321125576378,,-538.5457481910598
S1P2,2019-11-16 18:00:00,0.3510430759651781,12118.866873767438,12.118866873767438,70.39473,-162.13675,11470.350309861362,,-648.516563906076
S1P2,2019-11-16 18:30:00,0.32972809878716325,12118.866873767438,12.118866873767438,70.39473,-162.13675,11360.379494146346,,-758.4873796210923
S1P2,2019-11-16 19:00:00,0.344802030525429,12118.866873767438,12.118866873767438,70.39473,-162.13675,11250.40867843133,,-868.4581953361085
S1P2,2019-11-16 19:30:00,0.3234605536870551,12118.866873767438,12.118866873767438,70.39473,-162.13675,11140.437862716313,,-978.4290110511247
S1P2,2019-11-16 20:00:00,0.3016768836571039,12118.866873767438,12.118866873767438,70.39473,-162.13675,11030.467047001297,,-1088.399826766141
S1P2,2019-11-16 20:30:00,0.3210472051664324,12118.866873767438,12.118866873767438,70.39473,-162.13675,10920.49623128628,,-1198.3706424811571
S1P2,2019-11-16 21:00:00,0.30750911075055054,12118.866873767438,12.118866873767438,70.39473,-162.13675,10810.525415571265,,-1308.3414581961733
S1P2,2019-11-16 21:30:00,0.28489277233488475,12118.866873767438,12.118866873767438,70.39473,-162.13675,10700.554599856248,,-1418.3122739111895
S1P2,2019-11-16 22:00:00,0.27356660820682216,12118.866873767438,12.118866873767438,70.39473,-162.13675,10590.583784141232,,-1528.2830896262058
S1P2,2019-11-16 22:30:00,0.2501830849079554,12118.866873767438,12.118866873767438,70.39473,-162.13675,10480.612968426216,,-1638.253905341222
S1P2,2019-11-16 23:00:00,0.273234408580295,12118.866873767438,12.118866873767438,70.39473,-162.13675,10370.6421527112,,-1748.2247210562382
S1P2,2019-11-16 23:30:00,0.2605055428939663,12118.866873767438,12.118866873767438,70.39473,-162.13675,10260.671336996184,,-1858.1955367712544
S1P2,2019-11-17 00:00:00,0.23786445045707347,12118.866873767438,12.118866873767438,70.39473,-162.13675,10150.700521281167,,-1968.1663524862706
S1P2,2019-11-17 00:30:00,0.24253070208726354,12118.866873767438,12.118866873767438,70.39473,-162.13675,10040.729705566151,,-2078.137168201287
S1P2,2019-11-17 01:00:00,0.23971617039413579,12118.866873767438,12.118866873767438,70.39473,-162.13675,9930.758889851135,,-2188.107983916303
S1P2,2019-11-17 01:30:00,0.25563780219067633,12118.866873767438,12.118866873767438,70.39473,-162.13675,9820.788074136119,,-2298.0787996313193
S1P2,2019-11-17 02:00:00,0.2350290550844928,12118.866873767438,12.118866873767438,70.39473,-162.13675,9710.817258421102,,-2408.0496153463355
S1P2,2019-11-17 02:30:00,0.21501891614402618,12118.866873767438,12.118866873767438,70.39473,-162.13675,9600.846442706084,,-2518.0204310613535
S1P2,2019-11-17 03:00:00,0.2086990048797151,12118.866873767438,12.118866873767438,70.39473,-162.13675,9490.875626991068,,-2627.9912467763697
S1P2,2019-11-17 03:30:00,0.18993592920539604,12118.866873767438,12.118866873767438,70.39473,-162.13675,9380.904811276052,,-2737.962062491386
S1P2,2019-11-17 04:00:00,0.19556902570207935,12118.866873767438,12.118866873767438,70.39473,-162.13675,9270.933995561036,,-2847.932878206402
S1P2,2019-11-17 04:30:00,0.19549182704874965,12118.866873767438,12.118866873767438,70.39473,-162.13675,9160.96317984602,,-2957.9036939214184
S1P2,2019-11-17 05:00:00,0.17508461161015612,12118.866873767438,12.118866873767438,70.39473,-162.13675,9050.992364131003,,-3067.8745096364346
S1P2,2019-11-17 05:30:00,0.1815560088011665,12118.866873767438,12.118866873767438,70.39473,-162.13675,8941.021548415987,,-3177.845325351451
S1P2,2019-11-17 06:00:00,0.15741965278995718,12118.866873767438,12.118866873767438,70.39473,-162.13675,8831.050732700971,,-3287.816141066467
S1P2,2019-11-17 06:30:00,0.1480685574225015,12118.866873767438,12.118866873767438,70.39473,-162.13675,8721.079916985955,,-3397.7869567814832
S1P2,2019-11-17 07:00:00,0.13237317996213036,12118.866873767438,12.118866873767438,70.39473,-162.13675,8611.109101270938,,-3507.7577724964995
S1P2,2019-11-17 07:30:00,0.12927198239128523,12118.866873767438,12.118866873767438,70.39473,-162.13675,8501.138285555922,,-3617.7285882115157
S1P2,2019-11-17 08:00:00,0.12522375800573796,12118.866873767438,12.118866873767438,70.39473,-162.13675,8391.167469840906,,-3727.699403926532
S1P2,2019-11-17 08:30:00,,12118.866873767438,12.118866873767438,70.39473,-162.13675,8281.196654125888,,-3837.67021964155
S1P2,2019-11-17 09:00:00,,12118.866873767438,12.118866873767438,70.39473,-162.13675,8171.225838410873,,-3947.641035356565
S1P2,2019-11-17 09:30:00,,12118.866873767438,12.118866873767438,70.39473,-162.13675,8061.2550226958565,,-4057.6118510715814
S1P2,2019-11-17 10:00:00,,12118.866873767438,12.118866873767438,70.39473,-162.13675,7951.28420698084,,-4167.582666786598
S1P2,2019-11-17 10:30:00,,12118.866873767438,12.118866873767438,70.39473,-162.13675,7841.313391265824,,-4277.553482501614
S1P2,2019-11-17 11:00:00,,12118.866873767438,12.118866873767438,70.39473,-162.13675,7731.342575550808,,-4387.52429821663
S1P2,2019-11-17 11:30:00,,12118.866873767438,12.118866873767438,70.39473,-162.13675,7621.371759835792,,-4497.495113931646
S1P2,2019-11-17 12:00:00,,12118.866873767438,12.118866873767438,70.39473,-162.13675,7511.400944120775,,-4607.4659296466625
S1P2,2019-11-17 12:30:00,,12118.866873767438,12.118866873767438,70.39473,-162.13675,7401.430128405759,,-4717.436745361679
S1P2,2019-11-17 13:00:00,,12118.866873767438,12.118866873767438,70.39473,-162.13675,7291.459312690743,,-4827.407561076695
S1P2,2019-11-17 13:30:00,,12118.866873767438,12.118866873767438,70.39473,-162.13675,7181.488496975727,,-4937.378376791711
S1P2,2019-11-17 14:00:00,,12118.866873767438,12.118866873767438,70.39473,-162.13675,7071.517681260711,,-5047.349192506727
S1P2,2019-11-17 14:30:00,,12118.866873767438,12.118866873767438,70.39473,-162.13675,6961.546865545693,,-5157.3200082217445
S1P2,2019-11-17 15:00:00,,12118.866873767438,12.118866873767438,70.39473,-162.13675,6851.576049830677,,-5267.290823936761
S1P2,2019-11-17 15:30:00,,12118.866873767438,12.118866873767438,70.39473,-162.13675,6741.605234115661,,-5377.261639651777
S1P2,2019-11-17 16:00:00,,12118.866873767438,12.118866873767438,70.39473,-162.13675,6631.634418400645,,-5487.232455366793
S1P2,2019-11-17 16:30:00,,12118.866873767438,12.118866873767438,70.39473,-162.13675,6521.663602685629,,-5597.203271081809
S1P2,2019-11-17 17:00:00,0.11293713348591645,12118.866873767438,12.118866873767438,70.39473,-162.13675,6411.692786970612,,-5707.174086796826
S1P2,2019-11-17 17:30:00,0.11604357674149537,12118.866873767438,12.118866873767438,70.39473,-162.13675,6301.721971255596,,-5817.144902511842
S1P2,2019-11-17 18:00:00,0.11935989160080135,12118.866873767438,12.118866873767438,70.39473,-162.13675,6191.75115554058,,-5927.115718226858
S1P2,2019-11-17 18:30:00,0.09978082257759947,12118.866873767438,12.118866873767438,70.39473,-162.13675,6081.780339825564,,-6037.086533941874
S1P2,2019-11-17 19:00:00,0.10296948695305444,12118.866873767438,12.118866873767438,70.39473,-162.13675,5971.8095241105475,,-6147.05734965689
S1P2,2019-11-17 19:30:00,0.09766333112941737,12118.866873767438,12.118866873767438,70.39473,-162.13675,5861.838708395531,,-6257.028165371907
S1P2,2019-11-17 20:00:00,,12118.866873767438,12.118866873767438,70.39473,-162.13675,5751.867892680515,,-6366.998981086923
S1P2,2019-11-17 20:30:00,0.11120456657482758,12118.866873767438,12.118866873767438,70.39473,-162.13675,5641.897076965499,,-6476.969796801939
S1P2,2019-11-17 21:00:00,0.09042645649660809,12118.866873767438,12.118866873767438,70.39473,-162.13675,5531.926261250483,,-6586.940612516955
S1P2,2019-11-17 21:30:00,0.10066758455371563,12118.866873767438,12.118866873767438,70.39473,-162.13675,5421.955445535466,,-6696.9114282319715
S1P2,2019-11-17 22:00:00,0.0942259413254761,12118.866873767438,12.118866873767438,70.39473,-162.13675,5311.98462982045,,-6806.882243946988
S1P2,2019-11-17 22:30:00,0.09409765136961004,12118.866873767438,12.118866873767438,70.39473,-162.13675,5202.013814105434,,-6916.853059662004
S1P2,2019-11-17 23:00:00,0.10089182219769754,12118.866873767438,12.118866873767438,70.39473,-162.13675,5092.042998390418,,-7026.82387537702
S1P2,2019-11-17 23:30:00,0.11965203332796619,12118.866873767438,12.118866873767438,70.39473,-162.13675,4982.072182675402,,-7136.794691092036
S1P2,2019-11-18 00:00:00,0.1319486914429224,12118.866873767438,12.118866873767438,70.39473,-162.13675,4872.1013669603835,,-7246.765506807054
S1P2,2019-11-18 00:30:00,0.14932285971881867,12118.866873767438,12.118866873767438,70.39473,-162.13675,4762.130551245367,,-7356.736322522071
S1P2,2019-11-18 01:00:00,0.17317313944553359,12118.866873767438,12.118866873767438,70.39473,-162.13675,4652.159735530351,,-7466.707138237087
S1P2,2019-11-18 01:30:00,0.20065224283695388,12118.866873767438,12.118866873767438,70.39473,-162.13675,4542.188919815335,,-7576.677953952103
S1P2,2019-11-18 02:00:00,0.20433716087437262,12118.866873767438,12.118866873767438,70.39473,-162.13675,4432.218104100319,,-7686.648769667119
S1P2,2019-11-18 02:30:00,0.22093543154376383,12118.866873767438,12.118866873767438,70.39473,-162.13675,4322.247288385302,,-7796.6195853821355
S1P2,2019-11-18 03:00:00,0.2403122971999059,12118.866873767438,12.118866873767438,70.39473,-162.13675,4212.276472670286,,-7906.590401097152
S1P2,2019-11-18 03:30:00,0.2618972784304811,12118.866873767438,12.118866873767438,70.39473,-162.13675,4102.30565695527,4.10230565695527,-8016.561216812168
S1P2,2019-11-18 04:00:00,0.2620838484318302,12118.866873767438,12.118866873767438,70.39473,-162.13675,4102.30565695527,4.10230565695527,-8016.561216812168
S1P2,2019-11-18 04:30:00,0.25040304399348096,12118.866873767438,12.118866873767438,70.39473,-162.13675,4102.30565695527,4.10230565695527,-8016.561216812168
S1P2,2019-11-18 05:00:00,0.26831725908580745,12118.866873767438,12.118866873767438,70.39473,-162.13675,4102.30565695527,4.10230565695527,-8016.561216812168
S1P2,2019-11-18 05:30:00,0.24981453441631807,12118.866873767438,12.118866873767438,70.39473,-162.13675,4113.615920291439,,-8005.250953475999
S1P2,2019-11-18 06:00:00,0.30522061094587516,12118.866873767438,12.118866873767438,70.39473,-162.13675,4124.926183627607,,-7993.940690139831
S1P2,2019-11-18 06:30:00,0.2793553102629233,12118.866873767438,12.118866873767438,70.39473,-162.13675,4136.236446963776,,-7982.630426803662
S1P2,2019-11-18 07:00:00,0.2907821239797747,12118.866873767438,12.118866873767438,70.39473,-162.13675,4147.546710299945,,-7971.320163467493
S1P2,2019-11-18 07:30:00,0.28342115462251244,12118.866873767438,12.118866873767438,70.39473,-162.13675,4158.856973636113,,-7960.009900131325
S1P2,2019-11-18 08:00:00,0.3344734943556622,12118.866873767438,12.118866873767438,70.39473,-162.13675,4170.167236972282,,-7948.699636795156
S1P2,2019-11-18 08:30:00,0.3863934921401999,12118.866873767438,12.118866873767438,70.39473,-162.13675,4181.4775003084505,,-7937.389373458987
S1P2,2019-11-18 09:00:00,0.4087356588052729,12118.866873767438,12.118866873767438,70.39473,-162.13675,4192.787763644619,,-7926.079110122819
S1P2,2019-11-18 09:30:00,0.42742882927201953,12118.866873767438,12.118866873767438,70.39473,-162.13675,4204.098026980788,,-7914.76884678665
S1P2,2019-11-18 10:00:00,0.4649636605515995,12118.866873767438,12.118866873767438,70.39473,-162.13675,4215.4082903169565,,-7903.4585834504815
S1P2,2019-11-18 10:30:00,0.4351498690089255,12118.866873767438,12.118866873767438,70.39473,-162.13675,4226.718553653125,,-7892.148320114313
S1P2,2019-11-18 11:00:00,0.42739012502982066,12118.866873767438,12.118866873767438,70.39473,-162.13675,4238.028816989294,,-7880.838056778144
S1P2,2019-11-18 11:30:00,0.4749059598632012,12118.866873767438,12.118866873767438,70.39473,-162.13675,4249.339080325462,,-7869.5277934419755
S1P2,2019-11-18 12:00:00,0.4005216014184376,12118.866873767438,12.118866873767438,70.39473,-162.13675,4260.649343661631,,-7858.217530105807
S1P2,2019-11-18 12:30:00,0.42892894165245854,12118.866873767438,12.118866873767438,70.39473,-162.13675,4271.9596069978,,-7846.907266769638
S1P2,2019-11-18 13:00:00,0.4708096511334144,12118.866873767438,12.118866873767438,70.39473,-162.13675,4283.269870333968,,-7835.59700343347
S1P2,2019-11-18 13:30:00,0.48220840286547356,12118.866873767438,12.118866873767438,70.39473,-162.13675,4294.580133670137,,-7824.286740097301
S1P2,2019-11-18 14:00:00,0.41011216842407616,12118.866873767438,12.118866873767438,70.39473,-162.13675,4305.890397006306,,-7812.976476761132
S1P2,2019-11-18 14:30:00,0.45451261135173654,12118.866873767438,12.118866873767438,70.39473,-162.13675,4317.200660342474,,-7801.666213424964
S1P2,2019-11-18 15:00:00,0.4488168180123489,12118.866873767438,12.118866873767438,70.39473,-162.13675,4328.510923678643,,-7790.355950088795
S1P2,2019-11-18 15:30:00,0.39544390015821784,12118.866873767438,12.118866873767438,70.39473,-162.13675,4339.821187014812,,-7779.045686752626
S1P2,2019-11-18 16:00:00,0.4149226754510683,12118.866873767438,12.118866873767438,70.39473,-162.13675,4351.13145035098,,-7767.735423416458
S1P2,2019-11-18 16:30:00,0.34279517611176824,12118.866873767438,12.118866873767438,70.39473,-162.13675,4362.441713687149,,-7756.425160080289
S1P2,2019-11-18 17:00:00,0.3643622044640945,12118.866873767438,12.118866873767438,70.39473,-162.13675,4373.7519770233175,,-7745.11489674412
S1P2,2019-11-18 17:30:00,0.3459629732957424,12118.866873767438,12.118866873767438,70.39473,-162.13675,4385.062240359486,,-7733.804633407952
S1P2,2019-11-18 18:00:00,0.39546930598014873,12118.866873767438,12.118866873767438,70.39473,-162.13675,4396.372503695655,,-7722.494370071783
S1P2,2019-11-18 18:30:00,0.3299737224369743,12118.866873767438,12.118866873767438,70.39473,-162.13675,4407.6827670318235,,-7711.1841067356145
S1P2,2019-11-18 19:00:00,0.37119292360301687,12118.866873767438,12.118866873767438,70.39473,-162.13675,4418.993030367992,,-7699.873843399446
S1P2,2019-11-18 19:30:00,0.3901380670419775,12118.866873767438,12.118866873767438,70.39473,-162.13675,4430.303293704161,,-7688.563580063277
S1P2,2019-11-18 20:00:00,0.381736640874511,12118.866873767438,12.118866873767438,70.39473,-162.13675,4441.613557040329,,-7677.2533167271085
S1P2,2019-11-18 20:30:00,0.39509754610114856,12118.866873767438,12.118866873767438,70.39473,-162.13675,4452.923820376498,,-7665.94305339094
S1P2,2019-11-18 21:00:00,0.4126417363016694,12118.866873767438,12.118866873767438,70.39473,-162.13675,4464.234083712667,,-7654.632790054771
S1P2,2019-11-18 21:30:00,0.42573070162700494,12118.866873767438,12.118866873767438,70.39473,-162.13675,4475.544347048835,,-7643.322526718603
S1P2,2019-11-18 22:00:00,0.4667387046570114,12118.866873767438,12.118866873767438,70.39473,-162.13675,4486.854610385004,,-7632.012263382434
S1P2,2019-11-18 22:30:00,0.5365777454019866,12118.866873767438,12.118866873767438,70.39473,-162.13675,4498.164873721173,,-7620.702000046265
S1P2,2019-11-18 23:00:00,0.5147566183767047,12118.866873767438,12.118866873767438,70.39473,-162.13675,4509.475137057341,,-7609.391736710097
S1P2,2019-11-18 23:30:00,0.5702392866971221,12118.866873767438,12.118866873767438,70.39473,-162.13675,4520.78540039351,,-7598.081473373928
S1P2,2019-11-19 00:00:00,0.656799818927068,12118.866873767438,12.118866873767438,70.39473,-162.13675,4532.095663729679,,-7586.771210037759
S1P2,2019-11-19 00:30:00,0.7002222086367894,12118.866873767438,12.118866873767438,70.39473,-162.13675,4543.405927065847,,-7575.460946701591
S1P2,2019-11-19 01:00:00,0.8047025638329885,12118.866873767438,12.118866873767438,70.39473,-162.13675,4554.716190402016,,-7564.150683365422
S1P2,2019-11-19 01:30:00,0.7507734539186592,12118.866873767438,12.118866873767438,70.39473,-162.13675,4566.0264537381845,,-7552.840420029253
S1P2,2019-11-19 02:00:00,0.8448001081567781,12118.866873767438,12.118866873767438,70.39473,-162.13675,4577.336717074353,,-7541.530156693085
S1P2,2019-11-19 02:30:00,0.881926300179904,12118.866873767438,12.118866873767438,70.39473,-162.13675,4588.646980410522,,-7530.219893356916
S1P2,2019-11-19 03:00:00,0.7952046917780409,12118.866873767438,12.118866873767438,70.39473,-162.13675,4599.95724374669,,-7518.9096300207475
S1P2,2019-11-19 03:30:00,0.8112381713933534,12118.866873767438,12.118866873767438,70.39473,-162.13675,4611.267507082859,,-7507.599366684579
S1P2,2019-11-19 04:00:00,0.7980185129181686,12118.866873767438,12.118866873767438,70.39473,-162.13675,4622.577770419028,,-7496.28910334841
S1P2,2019-11-19 04:30:00,0.8450802065724541,12118.866873767438,12.118866873767438,70.39473,-162.13675,4633.888033755196,,-7484.978840012242
S1P2,2019-11-19 05:00:00,0.80372136153544,12118.866873767438,12.118866873767438,70.39473,-162.13675,4645.198297091365,,-7473.668576676073
S1P2,2019-11-19 05:30:00,0.8132689640522114,12118.866873767438,12.118866873767438,70.39473,-162.13675,4656.508560427534,,-7462.358313339904
S1P2,2019-11-19 06:00:00,0.7929181098330904,12118.866873767438,12.118866873767438,70.39473,-162.13675,4667.818823763702,,-7451.048050003736
S1P2,2019-11-19 06:30:00,0.6901401326439498,12118.866873767438,12.118866873767438,70.39473,-162.13675,4679.129087099871,,-7439.737786667567
S1P2,2019-11-19 07:00:00,0.7104239985000156,12118.866873767438,12.118866873767438,70.39473,-162.13675,4690.43935043604,,-7428.427523331398
S1P2,2019-11-19 07:30:00,0.7763205282387768,12118.866873767438,12.118866873767438,70.39473,-162.13675,4701.749613772208,,-7417.11725999523
S1P2,2019-11-19 08:00:00,0.7333994567180555,12118.866873767438,12.118866873767438,70.39473,-162.13675,4713.059877108377,,-7405.806996659061
S1P2,2019-11-19 08:30:00,0.8249587158308858,12118.866873767438,12.118866873767438,70.39473,-162.13675,4724.3701404445455,,-7394.496733322892
S1P2,2019-11-19 09:00:00,0.8898076263479908,12118.866873767438,12.118866873767438,70.39473,-162.13675,4735.680403780714,,-7383.186469986724
S1P2,2019-11-19 09:30:00,0.7600830577018055,12118.866873767438,12.118866873767438,70.39473,-162.13675,4746.990667116883,,-7371.876206650555
S1P2,2019-11-19 10:00:00,0.8413037679867803,12118.866873767438,12.118866873767438,70.39473,-162.13675,4758.3009304530515,,-7360.5659433143865
S1P2,2019-11-19 10:30:00,0.7996940874140833,12118.866873767438,12.118866873767438,70.39473,-162.13675,4769.61119378922,,-7349.255679978218
S1P2,2019-11-19 11:00:00,0.8756246650934234,12118.866873767438,12.118866873767438,70.39473,-162.13675,4780.921457125389,,-7337.945416642049
S1P2,2019-11-19 11:30:00,0.8709122848904431,12118.866873767438,12.118866873767438,70.39473,-162.13675,4792.231720461557,,-7326.6351533058805
S1P2,2019-11-19 12:00:00,0.8791721069200402,12118.866873767438,12.118866873767438,70.39473,-162.13675,4803.541983797726,,-7315.324889969712
S1P2,2019-11-19 12:30:00,0.8126115394952469,12118.866873767438,12.118866873767438,70.39473,-162.13675,4814.852247133895,,-7304.014626633543
S1P2,2019-11-19 13:00:00,0.8098640492915838,12118.866873767438,12.118866873767438,70.39473,-162.13675,4826.162510470063,,-7292.704363297375
S1P2,2019-11-19 13:30:00,0.7685675417902057,12118.866873767438,12.118866873767438,70.39473,-162.13675,4837.472773806232,,-7281.394099961206
S1P2,2019-11-19 14:00:00,0.7386408220636357,12118.866873767438,12.118866873767438,70.39473,-162.13675,4848.783037142401,,-7270.083836625037
S1P2,2019-11-19 14:30:00,0.7652298687399749,12118.866873767438,12.118866873767438,70.39473,-162.13675,4860.093300478569,,-7258.773573288869
S1P2,2019-11-19 15:00:00,0.7091074380321297,12118.866873767438,12.118866873767438,70.39473,-162.13675,4871.403563814738,,-7247.4633099527
S1P2,2019-11-19 15:30:00,0.624679138751096,12118.866873767438,12.118866873767438,70.39473,-162.13675,4882.713827150907,,-7236.153046616531
S1P2,2019-11-19 16:00:00,0.6311718149167626,12118.866873767438,12.118866873767438,70.39473,-162.13675,4894.024090487075,,-7224.842783280363
S1P2,2019-11-19 16:30:00,0.6291767489994838,12118.866873767438,12.118866873767438,70.39473,-162.13675,4905.334353823244,,-7213.532519944194
S1P2,2019-11-19 17:00:00,0.5416584628759509,12118.866873767438,12.118866873767438,70.39473,-162.13675,4916.6446171594125,4.916644617159412,-7202.222256608025
S1P2,2019-11-19 17:30:00,0.5787787976906777,12118.866873767438,12.118866873767438,70.39473,-162.13675,4916.6446171594125,4.916644617159412,-7202.222256608025
S1P2,2019-11-19 18:00:00,0.49213672588513047,12118.866873767438,12.118866873767438,70.39473,-162.13675,4916.6446171594125,4.916644617159412,-7202.222256608025
S1P2,2019-11-19 18:30:00,0.44925904408521034,12118.866873767438,12.118866873767438,70.39473,-162.13675,4916.6446171594125,4.916644617159412,-7202.222256608025
S1P2,2019-11-19 19:00:00,0.5032336405576835,12118.866873767438,12.118866873767438,70.39473,-162.13675,4973.613364511624,,-7145.253509255814
S1P2,2019-11-19 19:30:00,0.47999206488183943,12118.866873767438,12.118866873767438,70.39473,-162.13675,5030.582111863836,,-7088.284761903602
S1P2,2019-11-19 20:00:00,0.48404645024467374,12118.866873767438,12.118866873767438,70.39473,-162.13675,5087.550859216048,,-7031.31601455139
S1P2,2019-11-19 20:30:00,0.4700315833706232,12118.866873767438,12.118866873767438,70.39473,-162.13675,5144.519606568259,,-6974.3472671991785
S1P2,2019-11-19 21:00:00,0.47031821333384266,12118.866873767438,12.118866873767438,70.39473,-162.13675,5201.488353920471,,-6917.378519846967
S1P2,2019-11-19 21:30:00,0.44191579144615134,12118.866873767438,12.118866873767438,70.39473,-162.13675,5258.457101272683,,-6860.409772494755
S1P2,2019-11-19 22:00:00,0.4761706176062228,12118.866873767438,12.118866873767438,70.39473,-162.13675,5315.425848624895,,-6803.441025142543
S1P2,2019-11-19 22:30:00,0.43275026876445505,12118.866873767438,12.118866873767438,70.39473,-162.13675,5372.394595977106,,-6746.472277790332
S1P2,2019-11-19 23:00:00,0.4469726065491075,12118.866873767438,12.118866873767438,70.39473,-162.13675,5429.363343329317,,-6689.503530438121
S1P2,2019-11-19 23:30:00,0.4081779254902478,12118.866873767438,12.118866873767438,70.39473,-162.13675,5486.332090681529,,-6632.534783085909
S1P2,2019-11-20 00:00:00,0.4124522483061541,12118.866873767438,12.118866873767438,70.39473,-162.13675,5543.300838033741,,-6575.566035733697
S1P2,2019-11-20 00:30:00,0.4357903045861305,12118.866873767438,12.118866873767438,70.39473,-162.13675,5600.269585385952,,-6518.597288381486
S1P2,2019-11-20 01:00:00,0.45326742093928574,12118.866873767438,12.118866873767438,70.39473,-162.13675,5657.238332738164,,-6461.628541029274
S1P2,2019-11-20 01:30:00,0.4215832186173484,12118.866873767438,12.118866873767438,70.39473,-162.13675,5714.207080090376,,-6404.659793677062
S1P2,2019-11-20 02:00:00,0.41755399072037863,12118.866873767438,12.118866873767438,70.39473,-162.13675,5771.175827442587,,-6347.6910463248505
S1P2,2019-11-20 02:30:00,0.3462232127071902,12118.866873767438,12.118866873767438,70.39473,-162.13675,5828.144574794799,,-6290.722298972639
S1P2,2019-11-20 03:00:00,0.37203167549843585,12118.866873767438,12.118866873767438,70.39473,-162.13675,5885.113322147011,,-6233.753551620427
S1P2,2019-11-20 03:30:00,0.3675968091721088,12118.866873767438,12.118866873767438,70.39473,-162.13675,5942.082069499223,,-6176.784804268215
S1P2,2019-11-20 04:00:00,0.38149456077291805,12118.866873767438,12.118866873767438,70.39473,-162.13675,5999.050816851434,,-6119.816056916004
S1P2,2019-11-20 04:30:00,0.3541807668591505,12118.866873767438,12.118866873767438,70.39473,-162.13675,6056.019564203646,,-6062.847309563792
S1P2,2019-11-20 05:00:00,0.3256885674206161,12118.866873767438,12.118866873767438,70.39473,-162.13675,6112.988311555858,,-6005.87856221158
S1P2,2019-11-20 05:30:00,0.3372958036893358,12118.866873767438,12.118866873767438,70.39473,-162.13675,6169.957058908069,,-5948.909814859369
S1P2,2019-11-20 06:00:00,0.31186719670646496,12118.866873767438,12.118866873767438,70.39473,-162.13675,6226.92580626028,,-5891.941067507158
S1P2,2019-11-20 06:30:00,0.2819794208063736,12118.866873767438,12.118866873767438,70.39473,-162.13675,6283.894553612492,,-5834.972320154946
S1P2,2019-11-20 07:00:00,0.27862662625591533,12118.866873767438,12.118866873767438,70.39473,-162.13675,6340.863300964704,,-5778.003572802734
S1P2,2019-11-20 07:30:00,0.2978754143608177,12118.866873767438,12.118866873767438,70.39473,-162.13675,6397.8320483169155,,-5721.0348254505225
S1P2,2019-11-20 08:00:00,0.3816248567892692,12118.866873767438,12.118866873767438,70.39473,-162.13675,6454.800795669127,,-5664.066078098311
S1P2,2019-11-20 08:30:00,0.532728029615414,12118.866873767438,12.118866873767438,70.39473,-162.13675,6511.769543021339,,-5607.097330746099
S1P2,2019-11-20 09:00:00,0.7236992658409888,12118.866873767438,12.118866873767438,70.39473,-162.13675,6568.738290373551,,-5550.128583393887
S1P2,2019-11-20 09:30:00,0.8113038593474612,12118.866873767438,12.118866873767438,70.39473,-162.13675,6625.707037725762,,-5493.159836041676
S1P2,2019-11-20 10:00:00,0.8614804625291661,12118.866873767438,12.118866873767438,70.39473,-162.13675,6682.675785077974,,-5436.191088689464
S1P2,2019-11-20 10:30:00,0.943974526287445,12118.866873767438,12.118866873767438,70.39473,-162.13675,6739.644532430186,,-5379.222341337252
S1P2,2019-11-20 11:00:00,0.8831004244879407,12118.866873767438,12.118866873767438,70.39473,-162.13675,6796.6132797823975,,-5322.25359398504
S1P2,2019-11-20 11:30:00,0.9911032875994846,12118.866873767438,12.118866873767438,70.39473,-162.13675,6853.582027134609,,-5265.284846632829
S1P2,2019-11-20 12:00:00,0.8802369682156824,12118.866873767438,12.118866873767438,70.39473,-162.13675,6910.550774486821,,-5208.316099280617
S1P2,2019-11-20 12:30:00,0.8531778104674279,12118.866873767438,12.118866873767438,70.39473,-162.13675,6967.519521839033,,-5151.347351928405
S1P2,2019-11-20 13:00:00,0.860555937475045,12118.866873767438,12.118866873767438,70.39473,-162.13675,7024.488269191244,,-5094.3786045761935
S1P2,2019-11-20 13:30:00,0.7682452533020867,12118.866873767438,12.118866873767438,70.39473,-162.13675,7081.457016543456,,-5037.409857223982
S1P2,2019-11-20 14:00:00,0.7749929018455036,12118.866873767438,12.118866873767438,70.39473,-162.13675,7138.425763895668,,-4980.44110987177
S1P2,2019-11-20 14:30:00,0.8159456583999436,12118.866873767438,12.118866873767438,70.39473,-162.13675,7195.39451124788,,-4923.472362519558
S1P2,2019-11-20 15:00:00,0.8183014710409406,12118.866873767438,12.118866873767438,70.39473,-162.13675,7252.363258600091,,-4866.503615167347
S1P2,2019-11-20 15:30:00,0.8129802048211889,12118.866873767438,12.118866873767438,70.39473,-162.13675,7309.332005952303,,-4809.534867815135
S1P2,2019-11-20 16:00:00,0.7791982780830095,12118.866873767438,12.118866873767438,70.39473,-162.13675,7366.300753304514,,-4752.566120462924
S1P2,2019-11-20 16:30:00,0.7517750453645552,12118.866873767438,12.118866873767438,70.39473,-162.13675,7423.2695006567255,,-4695.597373110712
S1P2,2019-11-20 17:00:00,0.7075161290727936,12118.866873767438,12.118866873767438,70.39473,-162.13675,7480.238248008937,7.480238248008937,-4638.628625758501
S1P2,2019-11-20 17:30:00,0.6115468789213528,12118.866873767438,12.118866873767438,70.39473,-162.13675,7480.238248008937,7.480238248008937,-4638.628625758501
S1P2,2019-11-20 18:00:00,0.6770304167686695,12118.866873767438,12.118866873767438,70.39473,-162.13675,7480.238248008937,7.480238248008937,-4638.628625758501
S1P2,2019-11-20 18:30:00,0.6636906631686993,12118.866873767438,12.118866873767438,70.39473,-162.13675,7480.238248008937,7.480238248008937,-4638.628625758501
S1P2,2019-11-20 19:00:00,0.6201390793624207,12118.866873767438,12.118866873767438,70.39473,-162.13675,7524.205387320624,,-4594.661486446814
S1P2,2019-11-20 19:30:00,0.6932243885242055,12118.866873767438,12.118866873767438,70.39473,-162.13675,7568.172526632311,,-4550.694347135127
S1P2,2019-11-20 20:00:00,0.8005034461456295,12118.866873767438,12.118866873767438,70.39473,-162.13675,7612.139665943998,,-4506.72720782344
S1P2,2019-11-20 20:30:00,0.7793694879242289,12118.866873767438,12.118866873767438,70.39473,-162.13675,7656.106805255685,,-4462.760068511753
S1P2,2019-11-20 21:00:00,0.846387158254846,12118.866873767438,12.118866873767438,70.39473,-162.13675,7700.073944567372,,-4418.792929200066
S1P2,2019-11-20 21:30:00,0.9193919017064082,12118.866873767438,12.118866873767438,70.39473,-162.13675,7744.0410838790585,,-4374.825789888379
S1P2,2019-11-20 22:00:00,0.9253360603947505,12118.866873767438,12.118866873767438,70.39473,-162.13675,7788.008223190745,,-4330.8586505766925
S1P2,2019-11-20 22:30:00,0.810588909127795,12118.866873767438,12.118866873767438,70.39473,-162.13675,7831.975362502433,,-4286.891511265005
S1P2,2019-11-20 23:00:00,0.9015672760113758,12118.866873767438,12.118866873767438,70.39473,-162.13675,7875.94250181412,,-4242.924371953318
S1P2,2019-11-20 23:30:00,0.8248737572941922,12118.866873767438,12.118866873767438,70.39473,-162.13675,7919.909641125807,,-4198.957232641631
S1P2,2019-11-21 00:00:00,0.8155442037295669,12118.866873767438,12.118866873767438,70.39473,-162.13675,7963.876780437494,,-4154.990093329944
S1P2,2019-11-21 00:30:00,0.8693378793416586,12118.866873767438,12.118866873767438,70.39473,-162.13675,8007.843919749181,,-4111.022954018257
S1P2,2019-11-21 01:00:00,0.9076166566736202,12118.866873767438,12.118866873767438,70.39473,-162.13675,8051.811059060868,,-4067.0558147065703
S1P2,2019-11-21 01:30:00,1.1584017688413528,12118.866873767438,12.118866873767438,70.39473,-162.13675,8095.7781983725545,,-4023.0886753948835
S1P2,2019-11-21 02:00:00,1.3060473648533562,12118.866873767438,12.118866873767438,70.39473,-162.13675,8139.745337684241,,-3979.1215360831966
S1P2,2019-11-21 02:30:00,1.1179735561717916,12118.866873767438,12.118866873767438,70.39473,-162.13675,8183.712476995928,,-3935.1543967715097
S1P2,2019-11-21 03:00:00,1.1031581907772308,12118.866873767438,12.118866873767438,70.39473,-162.13675,8227.679616307616,,-3891.187257459822
S1P2,2019-11-21 03:30:00,1.0237560876580534,12118.866873767438,12.118866873767438,70.39473,-162.13675,8271.646755619302,,-3847.220118148136
S1P2,2019-11-21 04:00:00,1.2912060053138297,12118.866873767438,12.118866873767438,70.39473,-162.13675,8315.61389493099,,-3803.252978836448
S1P2,2019-11-21 04:30:00,1.3155222829157105,12118.866873767438,12.118866873767438,70.39473,-162.13675,8359.581034242676,,-3759.285839524762
S1P2,2019-11-21 05:00:00,1.1258925276671576,12118.866873767438,12.118866873767438,70.39473,-162.13675,8403.548173554364,,-3715.3187002130744
S1P2,2019-11-21 05:30:00,1.0746779553555255,12118.866873767438,12.118866873767438,70.39473,-162.13675,8447.51531286605,,-3671.3515609013884
S1P2,2019-11-21 06:00:00,1.0774169919378869,12118.866873767438,12.118866873767438,70.39473,-162.13675,8491.482452177737,,-3627.3844215897007
S1P2,2019-11-21 06:30:00,0.8966129696389,12118.866873767438,12.118866873767438,70.39473,-162.13675,8535.449591489423,,-3583.4172822780147
S1P2,2019-11-21 07:00:00,0.7596117173834473,12118.866873767438,12.118866873767438,70.39473,-162.13675,8579.416730801111,,-3539.450142966327
S1P2,2019-11-21 07:30:00,0.6598603324881585,12118.866873767438,12.118866873767438,70.39473,-162.13675,8623.383870112797,,-3495.483003654641
S1P2,2019-11-21 08:00:00,0.7228723870422388,12118.866873767438,12.118866873767438,70.39473,-162.13675,8667.351009424485,,-3451.515864342953
S1P2,2019-11-21 08:30:00,0.6317590640366387,12118.866873767438,12.118866873767438,70.39473,-162.13675,8711.318148736173,,-3407.5487250312653
S1P2,2019-11-21 09:00:00,0.584249451986814,12118.866873767438,12.118866873767438,70.39473,-162.13675,8755.285288047859,,-3363.5815857195794
S1P2,2019-11-21 09:30:00,0.631653963429718,12118.866873767438,12.118866873767438,70.39473,-162.13675,8799.252427359546,,-3319.6144464078916
S1P2,2019-11-21 10:00:00,0.5725610208160671,12118.866873767438,12.118866873767438,70.39473,-162.13675,8843.219566671232,,-3275.6473070962056
S1P2,2019-11-21 10:30:00,0.544290253611388,12118.866873767438,12.118866873767438,70.39473,-162.13675,8887.18670598292,,-3231.680167784518
S1P2,2019-11-21 11:00:00,0.5486286447884736,12118.866873767438,12.118866873767438,70.39473,-162.13675,8931.153845294606,,-3187.713028472832
S1P2,2019-11-21 11:30:00,0.6038354413597775,12118.866873767438,12.118866873767438,70.39473,-162.13675,8975.120984606294,,-3143.745889161144
S1P2,2019-11-21 12:00:00,0.8520013703155526,12118.866873767438,12.118866873767438,70.39473,-162.13675,9019.08812391798,,-3099.778749849458
S1P2,2019-11-21 12:30:00,1.0405362366027258,12118.866873767438,12.118866873767438,70.39473,-162.13675,9063.055263229668,,-3055.8116105377703
S1P2,2019-11-21 13:00:00,1.0512164501101726,12118.866873767438,12.118866873767438,70.39473,-162.13675,9107.022402541354,,-3011.8444712260844
S1P2,2019-11-21 13:30:00,1.057074440814291,12118.866873767438,12.118866873767438,70.39473,-162.13675,9150.989541853041,,-2967.8773319143966
S1P2,2019-11-21 14:00:00,1.2720652037353744,12118.866873767438,12.118866873767438,70.39473,-162.13675,9194.956681164727,,-2923.9101926027106
S1P2,2019-11-21 14:30:00,1.5339650411804844,12118.866873767438,12.118866873767438,70.39473,-162.13675,9238.923820476415,,-2879.943053291023
S1P2,2019-11-21 15:00:00,1.7287780835455318,12118.866873767438,12.118866873767438,70.39473,-162.13675,9282.890959788103,,-2835.975913979335
S1P2,2019-11-21 15:30:00,1.7779349986463275,12118.866873767438,12.118866873767438,70.39473,-162.13675,9326.858099099789,,-2792.008774667649
S1P2,2019-11-21 16:00:00,2.060229191193439,12118.866873767438,12.118866873767438,70.39473,-162.13675,9370.825238411477,,-2748.0416353559613
S1P2,2019-11-21 16:30:00,2.0422966461201915,12118.866873767438,12.118866873767438,70.39473,-162.13675,9414.792377723163,,-2704.0744960442753
S1P2,2019-11-21 17:00:00,2.36498061538307,12118.866873767438,12.118866873767438,70.39473,-162.13675,9458.75951703485,,-2660.1073567325875
S1P2,2019-11-21 17:30:00,2.1590599575150904,12118.866873767438,12.118866873767438,70.39473,-162.13675,9502.726656346536,,-2616.1402174209015
S1P2,2019-11-21 18:00:00,2.2752073820584964,12118.866873767438,12.118866873767438,70.39473,-162.13675,9546.693795658224,,-2572.1730781092137
S1P2,2019-11-21 18:30:00,2.3746479426672886,12118.866873767438,12.118866873767438,70.39473,-162.13675,9590.66093496991,,-2528.205938797528
S1P2,2019-11-21 19:00:00,2.350586153210445,12118.866873767438,12.118866873767438,70.39473,-162.13675,9634.628074281598,,-2484.23879948584
S1P2,2019-11-21 19:30:00,2.5683181572105647,12118.866873767438,12.118866873767438,70.39473,-162.13675,9678.595213593284,,-2440.271660174154
S1P2,2019-11-21 20:00:00,2.3481910947201516,12118.866873767438,12.118866873767438,70.39473,-162.13675,9722.562352904972,,-2396.3045208624662
S1P2,2019-11-21 20:30:00,2.343074718910385,12118.866873767438,12.118866873767438,70.39473,-162.13675,9766.529492216658,,-2352.3373815507803
S1P2,2019-11-21 21:00:00,2.3138831938194215,12118.866873767438,12.118866873767438,70.39473,-162.13675,9810.496631528345,,-2308.3702422390925
S1P2,2019-11-21 21:30:00,2.5703535509664706,12118.866873767438,12.118866873767438,70.39473,-162.13675,9854.463770840033,,-2264.4031029274047
S1P2,2019-11-21 22:00:00,2.3738574219720667,12118.866873767438,12.118866873767438,70.39473,-162.13675,9898.43091015172,,-2220.4359636157187
S1P2,2019-11-21 22:30:00,2.3370793208294915,12118.866873767438,12.118866873767438,70.39473,-162.13675,9942.398049463405,,-2176.4688243040328
S1P2,2019-11-21 23:00:00,2.2898391670510465,12118.866873767438,12.118866873767438,70.39473,-162.13675,9986.365188775093,,-2132.501684992345
S1P2,2019-11-21 23:30:00,2.2261055023484992,12118.866873767438,12.118866873767438,70.39473,-162.13675,10030.33232808678,,-2088.534545680657
S1P2,2019-11-22 00:00:00,2.334242344066795,12118.866873767438,12.118866873767438,70.39473,-162.13675,10074.299467398467,,-2044.5674063689712
S1P2,2019-11-22 00:30:00,2.2474293149172233,12118.866873767438,12.118866873767438,70.39473,-162.13675,10118.266606710155,,-2000.6002670572834
S1P2,2019-11-22 01:00:00,2.1398088441038885,12118.866873767438,12.118866873767438,70.39473,-162.13675,10162.23374602184,,-1956.6331277455974
S1P2,2019-11-22 01:30:00,2.2691714754069814,12118.866873767438,12.118866873767438,70.39473,-162.13675,10206.200885333528,,-1912.6659884339097
S1P2,2019-11-22 02:00:00,2.244505362434653,12118.866873767438,12.118866873767438,70.39473,-162.13675,10250.168024645214,,-1868.6988491222237
S1P2,2019-11-22 02:30:00,2.254074965319885,12118.866873767438,12.118866873767438,70.39473,-162.13675,10294.135163956902,,-1824.731709810536
S1P2,2019-11-22 03:00:00,2.1970432833035454,12118.866873767438,12.118866873767438,70.39473,-162.13675,10338.102303268588,,-1780.76457049885
S1P2,2019-11-22 03:30:00,2.253576867741634,12118.866873767438,12.118866873767438,70.39473,-162.13675,10382.069442580276,10.382069442580276,-1736.7974311871621
S1P2,2019-11-22 04:00:00,2.233738640681251,12118.866873767438,12.118866873767438,70.39473,-162.13675,10382.069442580276,10.382069442580276,-1736.7974311871621
S1P2,2019-11-22 04:30:00,2.0990095585434783,12118.866873767438,12.118866873767438,70.39473,-162.13675,10382.069442580276,10.382069442580276,-1736.7974311871621
S1P2,2019-11-22 05:00:00,2.31701529257969,12118.866873767438,12.118866873767438,70.39473,-162.13675,10382.069442580276,10.382069442580276,-1736.7974311871621
S1P2,2019-11-22 05:30:00,2.0652151872498683,12118.866873767438,12.118866873767438,70.39473,-162.13675,10323.030676229526,,-1795.836197537912
S1P2,2019-11-22 06:00:00,1.9462480153246617,12118.866873767438,12.118866873767438,70.39473,-162.13675,10263.991909878776,,-1854.874963888662
S1P2,2019-11-22 06:30:00,1.8693733036987048,12118.866873767438,12.118866873767438,70.39473,-162.13675,10204.953143528026,,-1913.913730239412
S1P2,2019-11-22 07:00:00,1.8983762996014992,12118.866873767438,12.118866873767438,70.39473,-162.13675,10145.914377177276,,-1972.952496590162
S1P2,2019-11-22 07:30:00,1.7759474024546256,12118.866873767438,12.118866873767438,70.39473,-162.13675,10086.875610826526,,-2031.9912629409118
S1P2,2019-11-22 08:00:00,1.887777919555797,12118.866873767438,12.118866873767438,70.39473,-162.13675,10027.836844475776,,-2091.030029291662
S1P2,2019-11-22 08:30:00,1.7152012752590888,12118.866873767438,12.118866873767438,70.39473,-162.13675,9968.798078125026,,-2150.0687956424117
S1P2,2019-11-22 09:00:00,1.646501070340855,12118.866873767438,12.118866873767438,70.39473,-162.13675,9909.759311774276,,-2209.1075619931617
S1P2,2019-11-22 09:30:00,1.7984842338360794,12118.866873767438,12.118866873767438,70.39473,-162.13675,9850.720545423526,,-2268.1463283439116
S1P2,2019-11-22 10:00:00,1.716189700564127,12118.866873767438,12.118866873767438,70.39473,-162.13675,9791.681779072776,,-2327.1850946946615
S1P2,2019-11-22 10:30:00,1.6416043464925232,12118.866873767438,12.118866873767438,70.39473,-162.13675,9732.643012722028,,-2386.2238610454096
S1P2,2019-11-22 11:00:00,1.5315899106370046,12118.866873767438,12.118866873767438,70.39473,-162.13675,9673.604246371278,,-2445.2626273961596
S1P2,2019-11-22 11:30:00,1.6473072361648755,12118.866873767438,12.118866873767438,70.39473,-162.13675,9614.565480020528,,-2504.3013937469095
S1P2,2019-11-22 12:00:00,1.5518461651267157,12118.866873767438,12.118866873767438,70.39473,-162.13675,9555.526713669778,,-2563.3401600976595
S1P2,2019-11-22 12:30:00,1.543941690063819,12118.866873767438,12.118866873767438,70.39473,-162.13675,9496.487947319029,,-2622.3789264484094
S1P2,2019-11-22 13:00:00,1.565455991628613,12118.866873767438,12.118866873767438,70.39473,-162.13675,9437.449180968279,,-2681.4176927991593
S1P2,2019-11-22 13:30:00,1.4540493347442884,12118.866873767438,12.118866873767438,70.39473,-162.13675,9378.410414617529,,-2740.4564591499093
S1P2,2019-11-22 14:00:00,1.5244574422743393,12118.866873767438,12.118866873767438,70.39473,-162.13675,9319.371648266779,,-2799.495225500659
S1P2,2019-11-22 14:30:00,1.4897838421486098,12118.866873767438,12.118866873767438,70.39473,-162.13675,9260.332881916029,,-2858.533991851409
S1P2,2019-11-22 15:00:00,1.4842494065499694,12118.866873767438,12.118866873767438,70.39473,-162.13675,9201.294115565279,,-2917.572758202159
S1P2,2019-11-22 15:30:00,1.4024661561394316,12118.866873767438,12.118866873767438,70.39473,-162.13675,9142.255349214529,,-2976.611524552909
S1P2,2019-11-22 16:00:00,1.3916278260741928,12118.866873767438,12.118866873767438,70.39473,-162.13675,9083.216582863779,,-3035.650290903659
S1P2,2019-11-22 16:30:00,1.3635224513050415,12118.866873767438,12.118866873767438,70.39473,-162.13675,9024.177816513029,,-3094.689057254409
S1P2,2019-11-22 17:00:00,1.4271759471023444,12118.866873767438,12.118866873767438,70.39473,-162.13675,8965.13905016228,,-3153.727823605159
S1P2,2019-11-22 17:30:00,1.5535053639462844,12118.866873767438,12.118866873767438,70.39473,-162.13675,8906.10028381153,,-3212.766589955909
S1P2,2019-11-22 18:00:00,1.5350455042832332,12118.866873767438,12.118866873767438,70.39473,-162.13675,8847.06151746078,,-3271.8053563066587
S1P2,2019-11-22 18:30:00,1.5433389748652335,12118.866873767438,12.118866873767438,70.39473,-162.13675,8788.02275111003,,-3330.8441226574087
S1P2,2019-11-22 19:00:00,1.578624024935247,12118.866873767438,12.118866873767438,70.39473,-162.13675,8728.983984759281,,-3389.882889008157
S1P2,2019-11-22 19:30:00,1.5142981077872133,12118.866873767438,12.118866873767438,70.39473,-162.13675,8669.945218408531,,-3448.9216553589067
S1P2,2019-11-22 20:00:00,1.4317559603777312,12118.866873767438,12.118866873767438,70.39473,-162.13675,8610.906452057781,,-3507.9604217096567
S1P2,2019-11-22 20:30:00,1.5821545293224157,12118.866873767438,12.118866873767438,70.39473,-162.13675,8551.867685707031,,-3566.9991880604066
S1P2,2019-11-22 21:00:00,1.4590756746076916,12118.866873767438,12.118866873767438,70.39473,-162.13675,8492.828919356281,,-3626.0379544111565
S1P2,2019-11-22 21:30:00,1.5088211355426164,12118.866873767438,12.118866873767438,70.39473,-162.13675,8433.790153005531,,-3685.0767207619065
S1P2,2019-11-22 22:00:00,1.4255698246731048,12118.866873767438,12.118866873767438,70.39473,-162.13675,8374.751386654782,,-3744.1154871126564
S1P2,2019-11-22 22:30:00,1.3250644578308075,12118.866873767438,12.118866873767438,70.39473,-162.13675,8315.712620304032,,-3803.1542534634063
S1P2,2019-11-22 23:00:00,1.5082965695367103,12118.866873767438,12.118866873767438,70.39473,-162.13675,8256.673853953282,,-3862.1930198141563
S1P2,2019-11-22 23:30:00,1.5622459090408178,12118.866873767438,12.118866873767438,70.39473,-162.13675,8197.635087602532,,-3921.231786164906
S1P2,2019-11-23 00:00:00,1.62553072900662,12118.866873767438,12.118866873767438,70.39473,-162.13675,8138.596321251782,,-3980.270552515656
S1P2,2019-11-23 00:30:00,1.5779845020855303,12118.866873767438,12.118866873767438,70.39473,-162.13675,8079.557554901032,,-4039.309318866406
S1P2,2019-11-23 01:00:00,1.5105629508751761,12118.866873767438,12.118866873767438,70.39473,-162.13675,8020.518788550282,,-4098.348085217156
S1P2,2019-11-23 01:30:00,1.6079446444746663,12118.866873767438,12.118866873767438,70.39473,-162.13675,7961.480022199532,,-4157.386851567906
S1P2,2019-11-23 02:00:00,1.5909021003184751,12118.866873767438,12.118866873767438,70.39473,-162.13675,7902.441255848782,,-4216.425617918656
S1P2,2019-11-23 02:30:00,1.6548049760692556,12118.866873767438,12.118866873767438,70.39473,-162.13675,7843.402489498032,,-4275.464384269406
S1P2,2019-11-23 03:00:00,1.678632778105059,12118.866873767438,12.118866873767438,70.39473,-162.13675,7784.363723147282,,-4334.503150620156
S1P2,2019-11-23 03:30:00,1.7929983980504582,12118.866873767438,12.118866873767438,70.39473,-162.13675,7725.324956796532,,-4393.541916970906
S1P2,2019-11-23 04:00:00,1.7384992169061104,12118.866873767438,12.118866873767438,70.39473,-162.13675,7666.286190445783,,-4452.580683321655
S1P2,2019-11-23 04:30:00,1.7738132196474556,12118.866873767438,12.118866873767438,70.39473,-162.13675,7607.247424095033,,-4511.619449672405
S1P2,2019-11-23 05:00:00,1.8106568708498603,12118.866873767438,12.118866873767438,70.39473,-162.13675,7548.208657744283,,-4570.658216023155
S1P2,2019-11-23 05:30:00,1.7790691647345507,12118.866873767438,12.118866873767438,70.39473,-162.13675,7489.169891393533,,-4629.696982373905
S1P2,2019-11-23 06:00:00,1.6925491938408896,12118.866873767438,12.118866873767438,70.39473,-162.13675,7430.131125042783,,-4688.7357487246545
S1P2,2019-11-23 06:30:00,1.745920596316408,12118.866873767438,12.118866873767438,70.39473,-162.13675,7371.092358692034,,-4747.7745150754035
S1P2,2019-11-23 07:00:00,1.5930622819529443,12118.866873767438,12.118866873767438,70.39473,-162.13675,7312.0535923412845,,-4806.8132814261535
S1P2,2019-11-23 07:30:00,1.5301018266530027,12118.866873767438,12.118866873767438,70.39473,-162.13675,7253.0148259905345,,-4865.852047776903
S1P2,2019-11-23 08:00:00,1.5528320333224896,12118.866873767438,12.118866873767438,70.39473,-162.13675,7193.976059639785,,-4924.890814127653
S1P2,2019-11-23 08:30:00,1.6983310017132003,12118.866873767438,12.118866873767438,70.39473,-162.13675,7134.937293289035,,-4983.929580478403
S1P2,2019-11-23 09:00:00,1.511066931693895,12118.866873767438,12.118866873767438,70.39473,-162.13675,7075.898526938285,,-5042.968346829153
S1P2,2019-11-23 09:30:00,1.578072387319596,12118.866873767438,12.118866873767438,70.39473,-162.13675,7016.859760587535,,-5102.007113179903
S1P2,2019-11-23 10:00:00,1.5369735041606873,12118.866873767438,12.118866873767438,70.39473,-162.13675,6957.820994236785,,-5161.045879530653
S1P2,2019-11-23 10:30:00,1.6439286770775956,12118.866873767438,12.118866873767438,70.39473,-162.13675,6898.782227886035,,-5220.084645881403
S1P2,2019-11-23 11:00:00,1.71685635954701,12118.866873767438,12.118866873767438,70.39473,-162.13675,6839.743461535285,,-5279.123412232153
S1P2,2019-11-23 11:30:00,1.5643823895469213,12118.866873767438,12.118866873767438,70.39473,-162.13675,6780.704695184535,,-5338.162178582903
S1P2,2019-11-23 12:00:00,1.5816443605226482,12118.866873767438,12.118866873767438,70.39473,-162.13675,6721.665928833785,,-5397.200944933653
S1P2,2019-11-23 12:30:00,1.5697235849747402,12118.866873767438,12.118866873767438,70.39473,-162.13675,6662.627162483035,,-5456.239711284403
S1P2,2019-11-23 13:00:00,1.5989679753055128,12118.866873767438,12.118866873767438,70.39473,-162.13675,6603.588396132285,,-5515.278477635153
S1P2,2019-11-23 13:30:00,1.6489646904870683,12118.866873767438,12.118866873767438,70.39473,-162.13675,6544.549629781536,,-5574.317243985902
S1P2,2019-11-23 14:00:00,1.606941187178333,12118.866873767438,12.118866873767438,70.39473,-162.13675,6485.510863430786,,-5633.356010336652
S1P2,2019-11-23 14:30:00,1.67019566145451,12118.866873767438,12.118866873767438,70.39473,-162.13675,6426.472097080036,,-5692.394776687402
S1P2,2019-11-23 15:00:00,1.681648387003407,12118.866873767438,12.118866873767438,70.39473,-162.13675,6367.433330729286,,-5751.433543038152
S1P2,2019-11-23 15:30:00,1.7968667324326069,12118.866873767438,12.118866873767438,70.39473,-162.13675,6308.394564378536,,-5810.4723093889015
S1P2,2019-11-23 16:00:00,1.6802821843042217,12118.866873767438,12.118866873767438,70.39473,-162.13675,6249.3557980277865,,-5869.5110757396515
S1P2,2019-11-23 16:30:00,1.613041891048581,12118.866873767438,12.118866873767438,70.39473,-162.13675,6190.3170316770365,,-5928.549842090401
S1P2,2019-11-23 17:00:00,1.4952351881769994,12118.866873767438,12.118866873767438,70.39473,-162.13675,6131.2782653262875,,-5987.58860844115
S1P2,2019-11-23 17:30:00,1.5356783128901383,12118.866873767438,12.118866873767438,70.39473,-162.13675,6072.239498975538,,-6046.6273747919
S1P2,2019-11-23 18:00:00,1.4364513199643174,12118.866873767438,12.118866873767438,70.39473,-162.13675,6013.200732624788,,-6105.66614114265
S1P2,2019-11-23 18:30:00,1.6411211746303362,12118.866873767438,12.118866873767438,70.39473,-162.13675,5954.161966274038,,-6164.7049074934
S1P2,2019-11-23 19:00:00,1.4997241863123245,12118.866873767438,12.118866873767438,70.39473,-162.13675,5895.123199923288,,-6223.74367384415
S1P2,2019-11-23 19:30:00,1.4066299443317858,12118.866873767438,12.118866873767438,70.39473,-162.13675,5836.084433572538,,-6282.7824401949
S1P2,2019-11-23 20:00:00,1.5441593318279936,12118.866873767438,12.118866873767438,70.39473,-162.13675,5777.045667221788,,-6341.82120654565
S1P2,2019-11-23 20:30:00,1.495668217855054,12118.866873767438,12.118866873767438,70.39473,-162.13675,5718.006900871038,,-6400.8599728964
S1P2,2019-11-23 21:00:00,1.5857553227593852,12118.866873767438,12.118866873767438,70.39473,-162.13675,5658.968134520288,,-6459.89873924715
S1P2,2019-11-23 21:30:00,1.4781617615407865,12118.866873767438,12.118866873767438,70.39473,-162.13675,5599.929368169538,,-6518.9375055979
S1P2,2019-11-23 22:00:00,1.6802483888339115,12118.866873767438,12.118866873767438,70.39473,-162.13675,5540.890601818789,,-6577.976271948649
S1P2,2019-11-23 22:30:00,1.704082445105159,12118.866873767438,12.118866873767438,70.39473,-162.13675,5481.851835468039,,-6637.015038299399
S1P2,2019-11-23 23:00:00,1.588791116094404,12118.866873767438,12.118866873767438,70.39473,-162.13675,5422.813069117289,,-6696.053804650149
S1P2,2019-11-23 23:30:00,1.5133957125898543,12118.866873767438,12.118866873767438,70.39473,-162.13675,5363.774302766539,,-6755.092571000899
S1P2,2019-11-24 00:00:00,1.632155781649455,12118.866873767438,12.118866873767438,70.39473,-162.13675,5304.735536415789,,-6814.131337351649
S1P2,2019-11-24 00:30:00,1.6436124201963511,12118.866873767438,12.118866873767438,70.39473,-162.13675,5245.696770065039,,-6873.170103702399
S1P2,2019-11-24 01:00:00,1.6367807545377193,12118.866873767438,12.118866873767438,70.39473,-162.13675,5186.658003714289,,-6932.2088700531485
S1P2,2019-11-24 01:30:00,1.5822015571957602,12118.866873767438,12.118866873767438,70.39473,-162.13675,5127.6192373635395,,-6991.2476364038985
S1P2,2019-11-24 02:00:00,1.6297151920515067,12118.866873767438,12.118866873767438,70.39473,-162.13675,5068.5804710127895,,-7050.286402754648
S1P2,2019-11-24 02:30:00,1.6459367309777035,12118.866873767438,12.118866873767438,70.39473,-162.13675,5009.5417046620405,,-7109.325169105397
S1P2,2019-11-24 03:00:00,1.6598619547883353,12118.866873767438,12.118866873767438,70.39473,-162.13675,4950.502938311291,,-7168.363935456147
S1P2,2019-11-24 03:30:00,1.6815692588552276,12118.866873767438,12.118866873767438,70.39473,-162.13675,4891.464171960541,,-7227.402701806897
S1P2,2019-11-24 04:00:00,1.6300883643336734,12118.866873767438,12.118866873767438,70.39473,-162.13675,4832.425405609791,,-7286.441468157647
S1P2,2019-11-24 04:30:00,1.739021838822086,12118.866873767438,12.118866873767438,70.39473,-162.13675,4773.386639259041,,-7345.480234508397
S1P2,2019-11-24 05:00:00,1.7178661187606967,12118.866873767438,12.118866873767438,70.39473,-162.13675,4714.347872908291,,-7404.519000859147
S1P2,2019-11-24 05:30:00,1.6937881973601077,12118.866873767438,12.118866873767438,70.39473,-162.13675,4655.309106557541,,-7463.557767209897
S1P2,2019-11-24 06:00:00,1.6801481066649844,12118.866873767438,12.118866873767438,70.39473,-162.13675,4596.270340206791,,-7522.596533560647
S1P2,2019-11-24 06:30:00,1.7621844538233713,12118.866873767438,12.118866873767438,70.39473,-162.13675,4537.231573856041,,-7581.635299911397
S1P2,2019-11-24 07:00:00,1.8365472900264768,12118.866873767438,12.118866873767438,70.39473,-162.13675,4478.192807505291,,-7640.674066262147
S1P2,2019-11-24 07:30:00,1.8864693000026451,12118.866873767438,12.118866873767438,70.39473,-162.13675,4419.154041154542,,-7699.712832612896
S1P2,2019-11-24 08:00:00,1.9174918053164534,12118.866873767438,12.118866873767438,70.39473,-162.13675,4360.115274803792,,-7758.751598963646
S1P2,2019-11-24 08:30:00,1.7192899279450076,12118.866873767438,12.118866873767438,70.39473,-162.13675,4301.076508453042,,-7817.790365314396
S1P2,2019-11-24 09:00:00,1.8000450763383702,12118.866873767438,12.118866873767438,70.39473,-162.13675,4242.037742102292,,-7876.829131665146
S1P2,2019-11-24 09:30:00,1.7823316071492887,12118.866873767438,12.118866873767438,70.39473,-162.13675,4182.998975751542,,-7935.867898015896
S1P2,2019-11-24 10:00:00,1.9505505133849659,12118.866873767438,12.118866873767438,70.39473,-162.13675,4123.960209400792,,-7994.906664366646
S1P2,2019-11-24 10:30:00,2.0581888059786198,12118.866873767438,12.118866873767438,70.39473,-162.13675,4064.9214430500424,,-8053.9454307173955
S1P2,2019-11-24 11:00:00,1.8674900309130062,12118.866873767438,12.118866873767438,70.39473,-162.13675,4005.8826766992925,,-8112.9841970681455
S1P2,2019-11-24 11:30:00,1.8871480540672092,12118.866873767438,12.118866873767438,70.39473,-162.13675,3946.8439103485425,,-8172.022963418895
S1P2,2019-11-24 12:00:00,1.911598537499748,12118.866873767438,12.118866873767438,70.39473,-162.13675,3887.8051439977926,,-8231.061729769644
S1P2,2019-11-24 12:30:00,1.91209454882115,12118.866873767438,12.118866873767438,70.39473,-162.13675,3828.7663776470436,,-8290.100496120394
S1P2,2019-11-24 13:00:00,1.9199185126351455,12118.866873767438,12.118866873767438,70.39473,-162.13675,3769.7276112962936,,-8349.139262471144
S1P2,2019-11-24 13:30:00,1.8488261321372799,12118.866873767438,12.118866873767438,70.39473,-162.13675,3710.6888449455437,,-8408.178028821894
S1P2,2019-11-24 14:00:00,1.9258916061090685,12118.866873767438,12.118866873767438,70.39473,-162.13675,3651.6500785947937,,-8467.216795172644
S1P2,2019-11-24 14:30:00,1.9219389813304344,12118.866873767438,12.118866873767438,70.39473,-162.13675,3592.611312244044,,-8526.255561523394
S1P2,2019-11-24 15:00:00,1.787151584422247,12118.866873767438,12.118866873767438,70.39473,-162.13675,3533.572545893294,,-8585.294327874144
S1P2,2019-11-24 15:30:00,1.7315313260426572,12118.866873767438,12.118866873767438,70.39473,-162.13675,3474.533779542544,,-8644.333094224894
S1P2,2019-11-24 16:00:00,1.7776723079134131,12118.866873767438,12.118866873767438,70.39473,-162.13675,3415.495013191794,,-8703.371860575644
S1P2,2019-11-24 16:30:00,1.7705559428935098,12118.866873767438,12.118866873767438,70.39473,-162.13675,3356.456246841044,,-8762.410626926394
S1P2,2019-11-24 17:00:00,1.780305027445733,12118.866873767438,12.118866873767438,70.39473,-162.13675,3297.417480490295,,-8821.449393277144
S1P2,2019-11-24 17:30:00,1.6703779336020825,12118.866873767438,12.118866873767438,70.39473,-162.13675,3238.378714139545,,-8880.488159627894
S1P2,2019-11-24 18:00:00,1.634349711078042,12118.866873767438,12.118866873767438,70.39473,-162.13675,3179.339947788795,,-8939.526925978644
S1P2,2019-11-24 18:30:00,1.7639145554817184,12118.866873767438,12.118866873767438,70.39473,-162.13675,3120.301181438045,,-8998.565692329394
S1P2,2019-11-24 19:00:00,1.6461304146165874,12118.866873767438,12.118866873767438,70.39473,-162.13675,3061.2624150872953,,-9057.604458680144
S1P2,2019-11-24 19:30:00,,12118.866873767438,12.118866873767438,70.39473,-162.13675,3002.2236487365453,,-9116.643225030894
S1P2,2019-11-24 20:00:00,,12118.866873767438,12.118866873767438,70.39473,-162.13675,2943.1848823857954,,-9175.681991381643
S1P2,2019-11-24 20:30:00,,12118.866873767438,12.118866873767438,70.39473,-162.13675,2884.1461160350455,,-9234.720757732393
S1P2,2019-11-24 21:00:00,,12118.866873767438,12.118866873767438,70.39473,-162.13675,2825.1073496842955,,-9293.759524083143
S1P2,2019-11-24 21:30:00,,12118.866873767438,12.118866873767438,70.39473,-162.13675,2766.0685833335456,,-9352.798290433893
S1P2,2019-11-24 22:00:00,,12118.866873767438,12.118866873767438,70.39473,-162.13675,2707.0298169827965,,-9411.837056784641
S1P2,2019-11-24 22:30:00,,12118.866873767438,12.118866873767438,70.39473,-162.13675,2647.9910506320466,,-9470.875823135391
S1P2,2019-11-24 23:00:00,,12118.866873767438,12.118866873767438,70.39473,-162.13675,2588.9522842812967,,-9529.914589486141
S1P2,2019-11-24 23:30:00,,12118.866873767438,12.118866873767438,70.39473,-162.13675,2529.9135179305467,,-9588.953355836891
S1P2,2019-11-25 00:00:00,,12118.866873767438,12.118866873767438,70.39473,-162.13675,2470.874751579797,,-9647.992122187641
S1P2,2019-11-25 00:30:00,,12118.866873767438,12.118866873767438,70.39473,-162.13675,2411.835985229047,,-9707.030888538391
S1P2,2019-11-25 01:00:00,,12118.866873767438,12.118866873767438,70.39473,-162.13675,2352.797218878297,,-9766.069654889141
S1P2,2019-11-25 01:30:00,,12118.866873767438,12.118866873767438,70.39473,-162.13675,2293.758452527547,,-9825.108421239891
S1P2,2019-11-25 02:00:00,,12118.866873767438,12.118866873767438,70.39473,-162.13675,2234.719686176797,,-9884.14718759064
S1P2,2019-11-25 02:30:00,,12118.866873767438,12.118866873767438,70.39473,-162.13675,2175.680919826047,,-9943.18595394139
S1P2,2019-11-25 03:00:00,,12118.866873767438,12.118866873767438,70.39473,-162.13675,2116.642153475297,,-10002.22472029214
S1P2,2019-11-25 03:30:00,,12118.866873767438,12.118866873767438,70.39473,-162.13675,2057.6033871245477,2.057603387124548,-10061.26348664289
S1P2,2019-11-25 04:00:00,,12118.866873767438,12.118866873767438,70.39473,-162.13675,2057.6033871245477,2.057603387124548,-10061.26348664289
S1P2,2019-11-25 04:30:00,,12118.866873767438,12.118866873767438,70.39473,-162.13675,2057.6033871245477,2.057603387124548,-10061.26348664289
S1P2,2019-11-25 05:00:00,,12118.866873767438,12.118866873767438,70.39473,-162.13675,2057.6033871245477,2.057603387124548,-10061.26348664289
S1P2,2019-11-25 05:30:00,,12118.866873767438,12.118866873767438,70.39473,-162.13675,2228.357283093756,,-9890.509590673682
S1P2,2019-11-25 06:00:00,,12118.866873767438,12.118866873767438,70.39473,-162.13675,2399.1111790629643,,-9719.755694704474
S1P2,2019-11-25 06:30:00,,12118.866873767438,12.118866873767438,70.39473,-162.13675,2569.8650750321726,,-9549.001798735266
S1P2,2019-11-25 07:00:00,,12118.866873767438,12.118866873767438,70.39473,-162.13675,2740.6189710013814,,-9378.247902766056
S1P2,2019-11-25 07:30:00,,12118.866873767438,12.118866873767438,70.39473,-162.13675,2911.3728669705897,,-9207.49400679685
S1P2,2019-11-25 08:00:00,,12118.866873767438,12.118866873767438,70.39473,-162.13675,3082.126762939798,,-9036.740110827639
S1P2,2019-11-25 08:30:00,,12118.866873767438,12.118866873767438,70.39473,-162.13675,3252.8806589090063,,-8865.986214858433
S1P2,2019-11-25 09:00:00,,12118.866873767438,12.118866873767438,70.39473,-162.13675,3423.6345548782147,,-8695.232318889222
S1P2,2019-11-25 09:30:00,,12118.866873767438,12.118866873767438,70.39473,-162.13675,3594.388450847423,,-8524.478422920016
S1P2,2019-11-25 10:00:00,,12118.866873767438,12.118866873767438,70.39473,-162.13675,3765.1423468166313,,-8353.724526950806
S1P2,2019-11-25 10:30:00,,12118.866873767438,12.118866873767438,70.39473,-162.13675,3935.8962427858396,,-8182.970630981598
S1P2,2019-11-25 11:00:00,,12118.866873767438,12.118866873767438,70.39473,-162.13675,4106.650138755048,,-8012.21673501239
S1P2,2019-11-25 11:30:00,,12118.866873767438,12.118866873767438,70.39473,-162.13675,4277.404034724256,,-7841.462839043182
S1P2,2019-11-25 12:00:00,,12118.866873767438,12.118866873767438,70.39473,-162.13675,4448.157930693465,,-7670.708943073973
S1P2,2019-11-25 12:30:00,,12118.866873767438,12.118866873767438,70.39473,-162.13675,4618.911826662674,,-7499.955047104764
S1P2,2019-11-25 13:00:00,,12118.866873767438,12.118866873767438,70.39473,-162.13675,4789.665722631882,,-7329.201151135556
S1P2,2019-11-25 13:30:00,,12118.866873767438,12.118866873767438,70.39473,-162.13675,4960.41961860109,,-7158.4472551663475
S1P2,2019-11-25 14:00:00,,12118.866873767438,12.118866873767438,70.39473,-162.13675,5131.173514570299,,-6987.693359197139
S1P2,2019-11-25 14:30:00,,12118.866873767438,12.118866873767438,70.39473,-162.13675,5301.927410539507,,-6816.939463227931
S1P2,2019-11-25 15:00:00,,12118.866873767438,12.118866873767438,70.39473,-162.13675,5472.681306508715,,-6646.185567258723
S1P2,2019-11-25 15:30:00,,12118.866873767438,12.118866873767438,70.39473,-162.13675,5643.435202477924,,-6475.431671289514
S1P2,2019-11-25 16:00:00,,12118.866873767438,12.118866873767438,70.39473,-162.13675,5814.189098447132,,-6304.677775320306
S1P2,2019-11-25 16:30:00,,12118.866873767438,12.118866873767438,70.39473,-162.13675,5984.94299441634,,-6133.923879351098
S1P2,2019-11-25 17:00:00,,12118.866873767438,12.118866873767438,70.39473,-162.13675,6155.696890385549,,-5963.169983381889
S1P2,2019-11-25 17:30:00,,12118.866873767438,12.118866873767438,70.39473,-162.13675,6326.450786354757,,-5792.416087412681
S1P2,2019-11-25 18:00:00,,12118.866873767438,12.118866873767438,70.39473,-162.13675,6497.204682323965,,-5621.662191443473
S1P2,2019-11-25 18:30:00,,12118.866873767438,12.118866873767438,70.39473,-162.13675,6667.958578293174,,-5450.908295474264
S1P2,2019-11-25 19:00:00,,12118.866873767438,12.118866873767438,70.39473,-162.13675,6838.712474262382,,-5280.154399505056
S1P2,2019-11-25 19:30:00,,12118.866873767438,12.118866873767438,70.39473,-162.13675,7009.46637023159,,-5109.400503535848
S1P2,2019-11-25 20:00:00,,12118.866873767438,12.118866873767438,70.39473,-162.13675,7180.2202662007985,,-4938.646607566639
S1P2,2019-11-25 20:30:00,,12118.866873767438,12.118866873767438,70.39473,-162.13675,7350.974162170007,,-4767.892711597431
S1P2,2019-11-25 21:00:00,,12118.866873767438,12.118866873767438,70.39473,-162.13675,7521.728058139215,,-4597.138815628223
S1P2,2019-11-25 21:30:00,,12118.866873767438,12.118866873767438,70.39473,-162.13675,7692.481954108423,,-4426.3849196590145
S1P2,2019-11-25 22:00:00,,12118.866873767438,12.118866873767438,70.39473,-162.13675,7863.235850077632,,-4255.631023689806
S1P2,2019-11-25 22:30:00,,12118.866873767438,12.118866873767438,70.39473,-162.13675,8033.98974604684,,-4084.877127720598
S1P2,2019-11-25 23:00:00,,12118.866873767438,12.118866873767438,70.39473,-162.13675,8204.743642016048,,-3914.1232317513895
S1P2,2019-11-25 23:30:00,,12118.866873767438,12.118866873767438,70.39473,-162.13675,8375.497537985257,,-3743.369335782181
S1P2,2019-11-26 00:00:00,,12118.866873767438,12.118866873767438,70.39473,-162.13675,8546.251433954465,,-3572.615439812973
S1P2,2019-11-26 00:30:00,,12118.866873767438,12.118866873767438,70.39473,-162.13675,8717.005329923673,,-3401.8615438437646
S1P2,2019-11-26 01:00:00,,12118.866873767438,12.118866873767438,70.39473,-162.13675,8887.759225892882,,-3231.1076478745563
S1P2,2019-11-26 01:30:00,,12118.866873767438,12.118866873767438,70.39473,-162.13675,9058.51312186209,,-3060.353751905348
S1P2,2019-11-26 02:00:00,,12118.866873767438,12.118866873767438,70.39473,-162.13675,9229.267017831298,,-2889.5998559361396
S1P2,2019-11-26 02:30:00,,12118.866873767438,12.118866873767438,70.39473,-162.13675,9400.020913800507,,-2718.8459599669313
S1P2,2019-11-26 03:00:00,,12118.866873767438,12.118866873767438,70.39473,-162.13675,9570.774809769715,9.570774809769715,-2548.092063997723
S1P2,2019-11-26 03:30:00,,12118.866873767438,12.118866873767438,70.39473,-162.13675,9570.774809769715,9.570774809769715,-2548.092063997723
S1P2,2019-11-26 04:00:00,,12118.866873767438,12.118866873767438,70.39473,-162.13675,9570.774809769715,9.570774809769715,-2548.092063997723
S1P2,2019-11-26 04:30:00,,12118.866873767438,12.118866873767438,70.39473,-162.13675,9570.774809769715,9.570774809769715,-2548.092063997723
S1P2,2019-11-26 05:00:00,,12118.866873767438,12.118866873767438,70.39473,-162.13675,9570.774809769715,9.570774809769715,-2548.092063997723
S1P2,2019-11-26 05:30:00,,12118.866873767438,12.118866873767438,70.39473,-162.13675,,,
S1P2,2019-11-26 06:00:00,,12118.866873767438,12.118866873767438,70.39473,-162.13675,,,
S1P2,2019-11-26 06:30:00,,12118.866873767438,12.118866873767438,70.39473,-162.13675,,,
S1P2,2019-11-26 07:00:00,,12118.866873767438,12.118866873767438,70.39473,-162.13675,,,
S1P2,2019-11-26 07:30:00,,12118.866873767438,12.118866873767438,70.39473,-162.13675,,,
S1P2,2019-11-26 08:00:00,,12118.866873767438,12.118866873767438,70.39473,-162.13675,,,
S1P2,2019-11-26 08:30:00,,12118.866873767438,12.118866873767438,70.39473,-162.13675,,,
S1P2,2019-11-26 09:00:00,,12118.866873767438,12.118866873767438,70.39473,-162.13675,,,
S1P2,2019-11-26 09:30:00,,12118.866873767438,12.118866873767438,70.39473,-162.13675,,,
S1P2,2019-11-26 10:00:00,,12118.866873767438,12.118866873767438,70.39473,-162.13675,,,
S1P2,2019-11-26 10:30:00,,12118.866873767438,12.118866873767438,70.39473,-162.13675,,,
S1P2,2019-11-26 11:00:00,,12118.866873767438,12.118866873767438,70.39473,-162.13675,,,
S1P2,2019-11-26 11:30:00,,12118.866873767438,12.118866873767438,70.39473,-162.13675,,,
S1P2,2019-11-26 12:00:00,,12118.866873767438,12.118866873767438,70.39473,-162.13675,,,
S1P2,2019-11-26 12:30:00,,12118.866873767438,12.118866873767438,70.39473,-162.13675,,,
S1P2,2019-11-26 13:00:00,,12118.866873767438,12.118866873767438,70.39473,-162.13675,,,
S1P2,2019-11-26 13:30:00,,12118.866873767438,12.118866873767438,70.39473,-162.13675,,,
S1P2,2019-11-26 14:00:00,,12118.866873767438,12.118866873767438,70.39473,-162.13675,,,
S1P2,2019-11-26 14:30:00,,12118.866873767438,12.118866873767438,70.39473,-162.13675,,,
S1P2,2019-11-26 15:00:00,,12118.866873767438,12.118866873767438,70.39473,-162.13675,,,
S1P2,2019-11-26 15:30:00,,12118.866873767438,12.118866873767438,70.39473,-162.13675,,,
S1P2,2019-11-26 16:00:00,,12118.866873767438,12.118866873767438,70.39473,-162.13675,,,
S1P2,2019-11-26 16:30:00,,12118.866873767438,12.118866873767438,70.39473,-162.13675,,,
S1P2,2019-11-26 17:00:00,,12118.866873767438,12.118866873767438,70.39473,-162.13675,,,
S1P2,2019-11-26 17:30:00,,12118.866873767438,12.118866873767438,70.39473,-162.13675,,,
S1P2,2019-11-26 18:00:00,,12118.866873767438,12.118866873767438,70.39473,-162.13675,,,
S1P2,2019-11-26 18:30:00,,12118.866873767438,12.118866873767438,70.39473,-162.13675,,,
S1P2,2019-11-26 19:00:00,,12118.866873767438,12.118866873767438,70.39473,-162.13675,,,
S1P2,2019-11-26 19:30:00,,12118.866873767438,12.118866873767438,70.39473,-162.13675,,,
S1P2,2019-11-26 20:00:00,,12118.866873767438,12.118866873767438,70.39473,-162.13675,,,
S1P2,2019-11-26 20:30:00,,12118.866873767438,12.118866873767438,70.39473,-162.13675,,,
S1P2,2019-11-26 21:00:00,,12118.866873767438,12.118866873767438,70.39473,-162.13675,,,
S1P2,2019-11-26 21:30:00,,12118.866873767438,12.118866873767438,70.39473,-162.13675,,,
S1P2,2019-11-26 22:00:00,,12118.866873767438,12.118866873767438,70.39473,-162.13675,,,
S1P2,2019-11-26 22:30:00,,12118.866873767438,12.118866873767438,70.39473,-162.13675,,,
S1P2,2019-11-26 23:00:00,,12118.866873767438,12.118866873767438,70.39473,-162.13675,,,
S1P2,2019-11-26 23:30:00,,12118.866873767438,12.118866873767438,70.39473,-162.13675,,,
S1P2,2019-11-27 00:00:00,,12118.866873767438,12.118866873767438,70.39473,-162.13675,,,
S1P2,2019-11-27 00:30:00,,12118.866873767438,12.118866873767438,70.39473,-162.13675,,,
S1P2,2019-11-27 01:00:00,,12118.866873767438,12.118866873767438,70.39473,-162.13675,,,
S1P2,2019-11-27 01:30:00,,12118.866873767438,12.118866873767438,70.39473,-162.13675,,,
S1P2,2019-11-27 02:00:00,,12118.866873767438,12.118866873767438,70.39473,-162.13675,,,
S1P2,2019-11-27 02:30:00,,12118.866873767438,12.118866873767438,70.39473,-162.13675,,,
S1P2,2019-11-27 03:00:00,,12118.866873767438,12.118866873767438,70.39473,-162.13675,,,
S1P2,2019-11-27 03:30:00,,12118.866873767438,12.118866873767438,70.39473,-162.13675,,,
S1P2,2019-11-27 04:00:00,,12118.866873767438,12.118866873767438,70.39473,-162.13675,,,
S1P2,2019-11-27 04:30:00,,12118.866873767438,12.118866873767438,70.39473,-162.13675,,,
S1P2,2019-11-27 05:00:00,,12118.866873767438,12.118866873767438,70.39473,-162.13675,,,
S1P2,2019-11-27 05:30:00,,12118.866873767438,12.118866873767438,70.39473,-162.13675,,,
S1P2,2019-11-27 06:00:00,,12118.866873767438,12.118866873767438,70.39473,-162.13675,,,
S1P2,2019-11-27 06:30:00,,12118.866873767438,12.118866873767438,70.39473,-162.13675,,,
S1P2,2019-11-27 07:00:00,,12118.866873767438,12.118866873767438,70.39473,-162.13675,,,
S1P2,2019-11-27 07:30:00,,12118.866873767438,12.118866873767438,70.39473,-162.13675,,,
S1P2,2019-11-27 08:00:00,,12118.866873767438,12.118866873767438,70.39473,-162.13675,,,
S1P2,2019-11-27 08:30:00,,12118.866873767438,12.118866873767438,70.39473,-162.13675,,,
S1P2,2019-11-27 09:00:00,,12118.866873767438,12.118866873767438,70.39473,-162.13675,,,
S1P2,2019-11-27 09:30:00,,12118.866873767438,12.118866873767438,70.39473,-162.13675,,,
S1P2,2019-11-27 10:00:00,,12118.866873767438,12.118866873767438,70.39473,-162.13675,,,
S1P2,2019-11-27 10:30:00,,12118.866873767438,12.118866873767438,70.39473,-162.13675,,,
S1P2,2019-11-27 11:00:00,,12118.866873767438,12.118866873767438,70.39473,-162.13675,,,
S1P2,2019-11-27 11:30:00,,12118.866873767438,12.118866873767438,70.39473,-162.13675,,,
S1P2,2019-11-27 12:00:00,,12118.866873767438,12.118866873767438,70.39473,-162.13675,,,
S1P2,2019-11-27 12:30:00,,12118.866873767438,12.118866873767438,70.39473,-162.13675,,,
S1P2,2019-11-27 13:00:00,,12118.866873767438,12.118866873767438,70.39473,-162.13675,,,
S1P2,2019-11-27 13:30:00,,12118.866873767438,12.118866873767438,70.39473,-162.13675,,,
S1P2,2019-11-27 14:00:00,,12118.866873767438,12.118866873767438,70.39473,-162.13675,,,
S1P2,2019-11-27 14:30:00,,12118.866873767438,12.118866873767438,70.39473,-162.13675,,,
S1P2,2019-11-27 15:00:00,,12118.866873767438,12.118866873767438,70.39473,-162.13675,,,
S1P2,2019-11-27 15:30:00,,12118.866873767438,12.118866873767438,70.39473,-162.13675,,,
S1P2,2019-11-27 16:00:00,,12118.866873767438,12.118866873767438,70.39473,-162.13675,,,
S1P2,2019-11-27 16:30:00,,12118.866873767438,12.118866873767438,70.39473,-162.13675,,,
S1P2,2019-11-27 17:00:00,,12118.866873767438,12.118866873767438,70.39473,-162.13675,,,
S1P2,2019-11-27 17:30:00,,12118.866873767438,12.118866873767438,70.39473,-162.13675,,,
S1P2,2019-11-27 18:00:00,,12118.866873767438,12.118866873767438,70.39473,-162.13675,,,
S1P2,2019-11-27 18:30:00,,12118.866873767438,12.118866873767438,70.39473,-162.13675,,,
S1P2,2019-11-27 19:00:00,,12118.866873767438,12.118866873767438,70.39473,-162.13675,,,
S1P2,2019-11-27 19:30:00,,12118.866873767438,12.118866873767438,70.39473,-162.13675,,,
S1P2,2019-11-27 20:00:00,,12118.866873767438,12.118866873767438,70.39473,-162.13675,,,
S1P2,2019-11-27 20:30:00,,12118.866873767438,12.118866873767438,70.39473,-162.13675,,,
S1P2,2019-11-27 21:00:00,,12118.866873767438,12.118866873767438,70.39473,-162.13675,,,
S1P2,2019-11-27 21:30:00,,12118.866873767438,12.118866873767438,70.39473,-162.13675,,,
S1P2,2019-11-27 22:00:00,,12118.866873767438,12.118866873767438,70.39473,-162.13675,,,
S1P2,2019-11-27 22:30:00,,12118.866873767438,12.118866873767438,70.39473,-162.13675,,,
S1P2,2019-11-27 23:00:00,,12118.866873767438,12.118866873767438,70.39473,-162.13675,,,
S1P2,2019-11-27 23:30:00,,12118.866873767438,12.118866873767438,70.39473,-162.13675,,,
S1P2,2019-11-28 00:00:00,,12118.866873767438,12.118866873767438,70.39473,-162.13675,,,
S1P2,2019-11-28 00:30:00,,12118.866873767438,12.118866873767438,70.39473,-162.13675,,,
S1P2,2019-11-28 01:00:00,,12118.866873767438,12.118866873767438,70.39473,-162.13675,,,
S1P2,2019-11-28 01:30:00,,12118.866873767438,12.118866873767438,70.39473,-162.13675,,,
S1P2,2019-11-28 02:00:00,,12118.866873767438,12.118866873767438,70.39473,-162.13675,,,
S1P2,2019-11-28 02:30:00,,12118.866873767438,12.118866873767438,70.39473,-162.13675,,,
S1P2,2019-11-28 03:00:00,,12118.866873767438,12.118866873767438,70.39473,-162.13675,,,
S1P2,2019-11-28 03:30:00,,12118.866873767438,12.118866873767438,70.39473,-162.13675,,,
S1P2,2019-11-28 04:00:00,,12118.866873767438,12.118866873767438,70.39473,-162.13675,,,
S1P2,2019-11-28 04:30:00,,12118.866873767438,12.118866873767438,70.39473,-162.13675,,,
S1P2,2019-11-28 05:00:00,,12118.866873767438,12.118866873767438,70.39473,-162.13675,,,
S1P2,2019-11-28 05:30:00,,12118.866873767438,12.118866873767438,70.39473,-162.13675,,,
S1P2,2019-11-28 06:00:00,,12118.866873767438,12.118866873767438,70.39473,-162.13675,,,
S1P2,2019-11-28 06:30:00,,12118.866873767438,12.118866873767438,70.39473,-162.13675,,,
S1P2,2019-11-28 07:00:00,,12118.866873767438,12.118866873767438,70.39473,-162.13675,,,
S1P2,2019-11-28 07:30:00,,12118.866873767438,12.118866873767438,70.39473,-162.13675,,,
S1P2,2019-11-28 08:00:00,,12118.866873767438,12.118866873767438,70.39473,-162.13675,,,
S1P2,2019-11-28 08:30:00,,12118.866873767438,12.118866873767438,70.39473,-162.13675,,,
S1P2,2019-11-28 09:00:00,,12118.866873767438,12.118866873767438,70.39473,-162.13675,,,
S1P2,2019-11-28 09:30:00,,12118.866873767438,12.118866873767438,70.39473,-162.13675,,,
S1P2,2019-11-28 10:00:00,,12118.866873767438,12.118866873767438,70.39473,-162.13675,,,
S1P2,2019-11-28 10:30:00,,12118.866873767438,12.118866873767438,70.39473,-162.13675,,,
S1P2,2019-11-28 11:00:00,,12118.866873767438,12.118866873767438,70.39473,-162.13675,,,
S1P2,2019-11-28 11:30:00,,12118.866873767438,12.118866873767438,70.39473,-162.13675,,,
S1P2,2019-11-28 12:00:00,,12118.866873767438,12.118866873767438,70.39473,-162.13675,,,
S1P2,2019-11-28 12:30:00,,12118.866873767438,12.118866873767438,70.39473,-162.13675,,,
S1P2,2019-11-28 13:00:00,,12118.866873767438,12.118866873767438,70.39473,-162.13675,,,
S1P2,2019-11-28 13:30:00,,12118.866873767438,12.118866873767438,70.39473,-162.13675,,,
S1P2,2019-11-28 14:00:00,,12118.866873767438,12.118866873767438,70.39473,-162.13675,,,
S1P2,2019-11-28 14:30:00,,12118.866873767438,12.118866873767438,70.39473,-162.13675,,,
S1P2,2019-11-28 15:00:00,,12118.866873767438,12.118866873767438,70.39473,-162.13675,,,
S1P2,2019-11-28 15:30:00,,12118.866873767438,12.118866873767438,70.39473,-162.13675,,,
S1P2,2019-11-28 16:00:00,,12118.866873767438,12.118866873767438,70.39473,-162.13675,,,
S1P2,2019-11-28 16:30:00,,12118.866873767438,12.118866873767438,70.39473,-162.13675,,,
S1P2,2019-11-28 17:00:00,,12118.866873767438,12.118866873767438,70.39473,-162.13675,,,
S1P2,2019-11-28 17:30:00,,12118.866873767438,12.118866873767438,70.39473,-162.13675,,,
S1P2,2019-11-28 18:00:00,,12118.866873767438,12.118866873767438,70.39473,-162.13675,,,
S1P2,2019-11-28 18:30:00,,12118.866873767438,12.118866873767438,70.39473,-162.13675,,,
S1P2,2019-11-28 19:00:00,,12118.866873767438,12.118866873767438,70.39473,-162.13675,,,
S1P2,2019-11-28 19:30:00,,12118.866873767438,12.118866873767438,70.39473,-162.13675,,,
S1P2,2019-11-28 20:00:00,,12118.866873767438,12.118866873767438,70.39473,-162.13675,,,
S1P2,2019-11-28 20:30:00,,12118.866873767438,12.118866873767438,70.39473,-162.13675,,,
S1P2,2019-11-28 21:00:00,,12118.866873767438,12.118866873767438,70.39473,-162.13675,,,
S1P2,2019-11-28 21:30:00,,12118.866873767438,12.118866873767438,70.39473,-162.13675,,,
S1P2,2019-11-28 22:00:00,,12118.866873767438,12.118866873767438,70.39473,-162.13675,,,
S1P2,2019-11-28 22:30:00,,12118.866873767438,12.118866873767438,70.39473,-162.13675,,,
S1P2,2019-11-28 23:00:00,,12118.866873767438,12.118866873767438,70.39473,-162.13675,,,
S1P2,2019-11-28 23:30:00,,12118.866873767438,12.118866873767438,70.39473,-162.13675,,,
S1P2,2019-11-29 00:00:00,,12118.866873767438,12.118866873767438,70.39473,-162.13675,,,
S1P2,2019-11-29 00:30:00,,12118.866873767438,12.118866873767438,70.39473,-162.13675,,,
S1P2,2019-11-29 01:00:00,,12118.866873767438,12.118866873767438,70.39473,-162.13675,,,
S1P2,2019-11-29 01:30:00,,12118.866873767438,12.118866873767438,70.39473,-162.13675,,,
S1P2,2019-11-29 02:00:00,,12118.866873767438,12.118866873767438,70.39473,-162.13675,,,
S1P2,2019-11-29 02:30:00,,12118.866873767438,12.118866873767438,70.39473,-162.13675,,,
S1P2,2019-11-29 03:00:00,,12118.866873767438,12.118866873767438,70.39473,-162.13675,,,
S1P2,2019-11-29 03:30:00,,12118.866873767438,12.118866873767438,70.39473,-162.13675,,,
S1P2,2019-11-29 04:00:00,,12118.866873767438,12.118866873767438,70.39473,-162.13675,,,
S1P3,2019-11-09 20:30:00,,17738.898872801637,17.738898872801638,70.43995,-162.203,,,
S1P3,2019-11-09 21:00:00,,17738.898872801637,17.738898872801638,70.43995,-162.203,,,
S1P3,2019-11-09 21:30:00,,17738.898872801637,17.738898872801638,70.43995,-162.203,,,
S1P3,2019-11-09 22:00:00,0.5834582282511692,17738.898872801637,17.738898872801638,70.43995,-162.203,,,
S1P3,2019-11-09 22:30:00,0.6577287671207335,17738.898872801637,17.738898872801638,70.43995,-162.203,,,
S1P3,2019-11-09 23:00:00,0.664504848925924,17738.898872801637,17.738898872801638,70.43995,-162.203,,,
S1P3,2019-11-09 23:30:00,0.685314772501077,17738.898872801637,17.738898872801638,70.43995,-162.203,,,
S1P3,2019-11-10 00:00:00,0.7480724805303774,17738.898872801637,17.738898872801638,70.43995,-162.203,,,
S1P3,2019-11-10 00:30:00,0.8382046425175136,17738.898872801637,17.738898872801638,70.43995,-162.203,,,
S1P3,2019-11-10 01:00:00,0.9352868397559025,17738.898872801637,17.738898872801638,70.43995,-162.203,,,
S1P3,2019-11-10 01:30:00,0.9578867343729348,17738.898872801637,17.738898872801638,70.43995,-162.203,,,
S1P3,2019-11-10 02:00:00,0.8954404405390388,17738.898872801637,17.738898872801638,70.43995,-162.203,,,
S1P3,2019-11-10 02:30:00,1.115236306807691,17738.898872801637,17.738898872801638,70.43995,-162.203,,,
S1P3,2019-11-10 03:00:00,1.1212488019395337,17738.898872801637,17.738898872801638,70.43995,-162.203,,,
S1P3,2019-11-10 03:30:00,1.1117275172283412,17738.898872801637,17.738898872801638,70.43995,-162.203,,,
S1P3,2019-11-10 04:00:00,1.1427578426625726,17738.898872801637,17.738898872801638,70.43995,-162.203,,,
S1P3,2019-11-10 04:30:00,1.2143607090972446,17738.898872801637,17.738898872801638,70.43995,-162.203,,,
S1P3,2019-11-10 05:00:00,1.252495090730728,17738.898872801637,17.738898872801638,70.43995,-162.203,,,
S1P3,2019-11-10 05:30:00,1.1335312490790812,17738.898872801637,17.738898872801638,70.43995,-162.203,,,
S1P3,2019-11-10 06:00:00,1.3449009984011127,17738.898872801637,17.738898872801638,70.43995,-162.203,,,
S1P3,2019-11-10 06:30:00,1.256502270229052,17738.898872801637,17.738898872801638,70.43995,-162.203,,,
S1P3,2019-11-10 07:00:00,1.2351582574062796,17738.898872801637,17.738898872801638,70.43995,-162.203,,,
S1P3,2019-11-10 07:30:00,1.3115855931178957,17738.898872801637,17.738898872801638,70.43995,-162.203,,,
S1P3,2019-11-10 08:00:00,1.4533968766906882,17738.898872801637,17.738898872801638,70.43995,-162.203,,,
S1P3,2019-11-10 08:30:00,1.4691944426372943,17738.898872801637,17.738898872801638,70.43995,-162.203,,,
S1P3,2019-11-10 09:00:00,1.4962531959647922,17738.898872801637,17.738898872801638,70.43995,-162.203,,,
S1P3,2019-11-10 09:30:00,1.4399278385085967,17738.898872801637,17.738898872801638,70.43995,-162.203,,,
S1P3,2019-11-10 10:00:00,1.6328778232267378,17738.898872801637,17.738898872801638,70.43995,-162.203,,,
S1P3,2019-11-10 10:30:00,1.6869966971679033,17738.898872801637,17.738898872801638,70.43995,-162.203,,,
S1P3,2019-11-10 11:00:00,1.3442600379341232,17738.898872801637,17.738898872801638,70.43995,-162.203,,,
S1P3,2019-11-10 11:30:00,1.3662509865996508,17738.898872801637,17.738898872801638,70.43995,-162.203,,,
S1P3,2019-11-10 12:00:00,1.2291188445222263,17738.898872801637,17.738898872801638,70.43995,-162.203,,,
S1P3,2019-11-10 12:30:00,1.3131431488998477,17738.898872801637,17.738898872801638,70.43995,-162.203,,,
S1P3,2019-11-10 13:00:00,1.343771909432788,17738.898872801637,17.738898872801638,70.43995,-162.203,,,
S1P3,2019-11-10 13:30:00,1.3764567446288847,17738.898872801637,17.738898872801638,70.43995,-162.203,,,
S1P3,2019-11-10 14:00:00,1.2823009088835498,17738.898872801637,17.738898872801638,70.43995,-162.203,,,
S1P3,2019-11-10 14:30:00,1.4129900191216587,17738.898872801637,17.738898872801638,70.43995,-162.203,,,
S1P3,2019-11-10 15:00:00,1.2798592011515253,17738.898872801637,17.738898872801638,70.43995,-162.203,,,
S1P3,2019-11-10 15:30:00,1.4104624496800544,17738.898872801637,17.738898872801638,70.43995,-162.203,,,
S1P3,2019-11-10 16:00:00,1.3592966450053172,17738.898872801637,17.738898872801638,70.43995,-162.203,,,
S1P3,2019-11-10 16:30:00,1.3040137770699336,17738.898872801637,17.738898872801638,70.43995,-162.203,,,
S1P3,2019-11-10 17:00:00,1.1894082449038463,17738.898872801637,17.738898872801638,70.43995,-162.203,,,
S1P3,2019-11-10 17:30:00,1.1222859833411358,17738.898872801637,17.738898872801638,70.43995,-162.203,,,
S1P3,2019-11-10 18:00:00,1.1720776766509364,17738.898872801637,17.738898872801638,70.43995,-162.203,,,
S1P3,2019-11-10 18:30:00,1.1965066049163748,17738.898872801637,17.738898872801638,70.43995,-162.203,,,
S1P3,2019-11-10 19:00:00,1.0658604680920345,17738.898872801637,17.738898872801638,70.43995,-162.203,,,
S1P3,2019-11-10 19:30:00,1.0420065933396478,17738.898872801637,17.738898872801638,70.43995,-162.203,,,
S1P3,2019-11-10 20:00:00,0.8877923362848891,17738.898872801637,17.738898872801638,70.43995,-162.203,,,
S1P3,2019-11-10 20:30:00,0.935293870612346,17738.898872801637,17.738898872801638,70.43995,-162.203,,,
S1P3,2019-11-10 21:00:00,0.8400176137692321,17738.898872801637,17.738898872801638,70.43995,-162.203,,,
S1P3,2019-11-10 21:30:00,0.8664166837135602,17738.898872801637,17.738898872801638,70.43995,-162.203,,,
S1P3,2019-11-10 22:00:00,0.8400154113176374,17738.898872801637,17.738898872801638,70.43995,-162.203,,,
S1P3,2019-11-10 22:30:00,0.8403563678662229,17738.898872801637,17.738898872801638,70.43995,-162.203,,,
S1P3,2019-11-10 23:00:00,0.8995616367941048,17738.898872801637,17.738898872801638,70.43995,-162.203,,,
S1P3,2019-11-10 23:30:00,0.7408922274782104,17738.898872801637,17.738898872801638,70.43995,-162.203,,,
S1P3,2019-11-11 00:00:00,0.5927681172069943,17738.898872801637,17.738898872801638,70.43995,-162.203,,,
S1P3,2019-11-11 00:30:00,0.793595378054489,17738.898872801637,17.738898872801638,70.43995,-162.203,,,
S1P3,2019-11-11 01:00:00,0.5942118987437249,17738.898872801637,17.738898872801638,70.43995,-162.203,,,
S1P3,2019-11-11 01:30:00,0.6312114798644919,17738.898872801637,17.738898872801638,70.43995,-162.203,,,
S1P3,2019-11-11 02:00:00,0.6517268841815791,17738.898872801637,17.738898872801638,70.43995,-162.203,,,
S1P3,2019-11-11 02:30:00,0.6221293339695287,17738.898872801637,17.738898872801638,70.43995,-162.203,,,
S1P3,2019-11-11 03:00:00,0.6200913219518546,17738.898872801637,17.738898872801638,70.43995,-162.203,,,
S1P3,2019-11-11 03:30:00,0.6310951808329859,17738.898872801637,17.738898872801638,70.43995,-162.203,,,
S1P3,2019-11-11 04:00:00,0.49823094835094656,17738.898872801637,17.738898872801638,70.43995,-162.203,,,
S1P3,2019-11-11 04:30:00,0.49540833025400216,17738.898872801637,17.738898872801638,70.43995,-162.203,,,
S1P3,2019-11-11 05:00:00,0.4256979574724138,17738.898872801637,17.738898872801638,70.43995,-162.203,,,
S1P3,2019-11-11 05:30:00,0.3959944928950795,17738.898872801637,17.738898872801638,70.43995,-162.203,,,
S1P3,2019-11-11 06:00:00,0.4256014717687501,17738.898872801637,17.738898872801638,70.43995,-162.203,,,
S1P3,2019-11-11 06:30:00,0.34170306357640245,17738.898872801637,17.738898872801638,70.43995,-162.203,,,
S1P3,2019-11-11 07:00:00,0.3305983872016768,17738.898872801637,17.738898872801638,70.43995,-162.203,,,
S1P3,2019-11-11 07:30:00,0.28110936659386776,17738.898872801637,17.738898872801638,70.43995,-162.203,,,
S1P3,2019-11-11 08:00:00,0.2107638276901081,17738.898872801637,17.738898872801638,70.43995,-162.203,,,
S1P3,2019-11-11 08:30:00,0.19445374485182018,17738.898872801637,17.738898872801638,70.43995,-162.203,,,
S1P3,2019-11-11 09:00:00,0.1867536967588181,17738.898872801637,17.738898872801638,70.43995,-162.203,,,
S1P3,2019-11-11 09:30:00,0.1554920623610204,17738.898872801637,17.738898872801638,70.43995,-162.203,,,
S1P3,2019-11-11 10:00:00,0.14312546116587596,17738.898872801637,17.738898872801638,70.43995,-162.203,,,
S1P3,2019-11-11 10:30:00,0.14659905453948294,17738.898872801637,17.738898872801638,70.43995,-162.203,,,
S1P3,2019-11-11 11:00:00,0.12595127053435098,17738.898872801637,17.738898872801638,70.43995,-162.203,,,
S1P3,2019-11-11 11:30:00,0.10271141911309299,17738.898872801637,17.738898872801638,70.43995,-162.203,,,
S1P3,2019-11-11 12:00:00,0.09302313818777032,17738.898872801637,17.738898872801638,70.43995,-162.203,,,
S1P3,2019-11-11 12:30:00,0.0919773415236528,17738.898872801637,17.738898872801638,70.43995,-162.203,,,
S1P3,2019-11-11 13:00:00,0.09070940713079212,17738.898872801637,17.738898872801638,70.43995,-162.203,,,
S1P3,2019-11-11 13:30:00,0.09332526538114101,17738.898872801637,17.738898872801638,70.43995,-162.203,,,
S1P3,2019-11-11 14:00:00,0.1006621075097319,17738.898872801637,17.738898872801638,70.43995,-162.203,,,
S1P3,2019-11-11 14:30:00,0.09016555810663118,17738.898872801637,17.738898872801638,70.43995,-162.203,,,
S1P3,2019-11-11 15:00:00,0.10397491064339812,17738.898872801637,17.738898872801638,70.43995,-162.203,,,
S1P3,2019-11-11 15:30:00,0.09849984739446721,17738.898872801637,17.738898872801638,70.43995,-162.203,,,
S1P3,2019-11-11 16:00:00,0.10626632107452279,17738.898872801637,17.738898872801638,70.43995,-162.203,,,
S1P3,2019-11-11 16:30:00,0.18683508520946898,17738.898872801637,17.738898872801638,70.43995,-162.203,,,
S1P3,2019-11-11 17:00:00,0.38628415592652054,17738.898872801637,17.738898872801638,70.43995,-162.203,,,
S1P3,2019-11-11 17:30:00,0.7137487756560661,17738.898872801637,17.738898872801638,70.43995,-162.203,,,
S1P3,2019-11-11 18:00:00,0.9144184929410956,17738.898872801637,17.738898872801638,70.43995,-162.203,,,
S1P3,2019-11-11 18:30:00,0.8923310635084779,17738.898872801637,17.738898872801638,70.43995,-162.203,,,
S1P3,2019-11-11 19:00:00,1.3397181607383097,17738.898872801637,17.738898872801638,70.43995,-162.203,,,
S1P3,2019-11-11 19:30:00,1.5706682306339743,17738.898872801637,17.738898872801638,70.43995,-162.203,,,
S1P3,2019-11-11 20:00:00,1.4979857054924979,17738.898872801637,17.738898872801638,70.43995,-162.203,,,
S1P3,2019-11-11 20:30:00,1.6123878070570195,17738.898872801637,17.738898872801638,70.43995,-162.203,,,
S1P3,2019-11-11 21:00:00,1.7174732924267666,17738.898872801637,17.738898872801638,70.43995,-162.203,,,
S1P3,2019-11-11 21:30:00,1.5694935866666613,17738.898872801637,17.738898872801638,70.43995,-162.203,,,
S1P3,2019-11-11 22:00:00,1.6683699646659145,17738.898872801637,17.738898872801638,70.43995,-162.203,,,
S1P3,2019-11-11 22:30:00,1.6693811566082288,17738.898872801637,17.738898872801638,70.43995,-162.203,,,
S1P3,2019-11-11 23:00:00,1.622967820885528,17738.898872801637,17.738898872801638,70.43995,-162.203,,,
S1P3,2019-11-11 23:30:00,1.625234784146132,17738.898872801637,17.738898872801638,70.43995,-162.203,,,
S1P3,2019-11-12 00:00:00,1.6981255406591957,17738.898872801637,17.738898872801638,70.43995,-162.203,,,
S1P3,2019-11-12 00:30:00,1.6090369555476092,17738.898872801637,17.738898872801638,70.43995,-162.203,,,
S1P3,2019-11-12 01:00:00,1.5415432268180742,17738.898872801637,17.738898872801638,70.43995,-162.203,,,
S1P3,2019-11-12 01:30:00,1.6498048003246253,17738.898872801637,17.738898872801638,70.43995,-162.203,,,
S1P3,2019-11-12 02:00:00,1.9213434600446146,17738.898872801637,17.738898872801638,70.43995,-162.203,,,
S1P3,2019-11-12 02:30:00,1.762269009432265,17738.898872801637,17.738898872801638,70.43995,-162.203,,,
S1P3,2019-11-12 03:00:00,2.0228280530856892,17738.898872801637,17.738898872801638,70.43995,-162.203,,,
S1P3,2019-11-12 03:30:00,1.932692926208682,17738.898872801637,17.738898872801638,70.43995,-162.203,,,
S1P3,2019-11-12 04:00:00,1.9766996720660026,17738.898872801637,17.738898872801638,70.43995,-162.203,,,
S1P3,2019-11-12 04:30:00,2.0900123579391314,17738.898872801637,17.738898872801638,70.43995,-162.203,,,
S1P3,2019-11-12 05:00:00,2.1906533480307875,17738.898872801637,17.738898872801638,70.43995,-162.203,,,
S1P3,2019-11-12 05:30:00,2.016749965513601,17738.898872801637,17.738898872801638,70.43995,-162.203,,,
S1P3,2019-11-12 06:00:00,2.5518269422684035,17738.898872801637,17.738898872801638,70.43995,-162.203,,,
S1P3,2019-11-12 06:30:00,2.3603507093099445,17738.898872801637,17.738898872801638,70.43995,-162.203,,,
S1P3,2019-11-12 07:00:00,2.5212828739337767,17738.898872801637,17.738898872801638,70.43995,-162.203,,,
S1P3,2019-11-12 07:30:00,2.4268651849496834,17738.898872801637,17.738898872801638,70.43995,-162.203,,,
S1P3,2019-11-12 08:00:00,2.7892198036176348,17738.898872801637,17.738898872801638,70.43995,-162.203,,,
S1P3,2019-11-12 08:30:00,2.712258471370451,17738.898872801637,17.738898872801638,70.43995,-162.203,,,
S1P3,2019-11-12 09:00:00,2.6688157591833637,17738.898872801637,17.738898872801638,70.43995,-162.203,,,
S1P3,2019-11-12 09:30:00,2.914194540181791,17738.898872801637,17.738898872801638,70.43995,-162.203,,,
S1P3,2019-11-12 10:00:00,2.8071997435639995,17738.898872801637,17.738898872801638,70.43995,-162.203,,,
S1P3,2019-11-12 10:30:00,2.597056325704661,17738.898872801637,17.738898872801638,70.43995,-162.203,,,
S1P3,2019-11-12 11:00:00,2.5067766237268954,17738.898872801637,17.738898872801638,70.43995,-162.203,,,
S1P3,2019-11-12 11:30:00,2.644613973148705,17738.898872801637,17.738898872801638,70.43995,-162.203,,,
S1P3,2019-11-12 12:00:00,2.5548371524016558,17738.898872801637,17.738898872801638,70.43995,-162.203,,,
S1P3,2019-11-12 12:30:00,2.6465709592339746,17738.898872801637,17.738898872801638,70.43995,-162.203,,,
S1P3,2019-11-12 13:00:00,2.545305445614765,17738.898872801637,17.738898872801638,70.43995,-162.203,,,
S1P3,2019-11-12 13:30:00,2.6596316141951695,17738.898872801637,17.738898872801638,70.43995,-162.203,,,
S1P3,2019-11-12 14:00:00,2.780652148149168,17738.898872801637,17.738898872801638,70.43995,-162.203,,,
S1P3,2019-11-12 14:30:00,2.4271320393647966,17738.898872801637,17.738898872801638,70.43995,-162.203,,,
S1P3,2019-11-12 15:00:00,2.4290736480338713,17738.898872801637,17.738898872801638,70.43995,-162.203,,,
S1P3,2019-11-12 15:30:00,2.109612737689979,17738.898872801637,17.738898872801638,70.43995,-162.203,,,
S1P3,2019-11-12 16:00:00,2.060787658944251,17738.898872801637,17.738898872801638,70.43995,-162.203,,,
S1P3,2019-11-12 16:30:00,1.9197366036790113,17738.898872801637,17.738898872801638,70.43995,-162.203,,,
S1P3,2019-11-12 17:00:00,2.0942160708414472,17738.898872801637,17.738898872801638,70.43995,-162.203,,,
S1P3,2019-11-12 17:30:00,2.0138066358626627,17738.898872801637,17.738898872801638,70.43995,-162.203,,,
S1P3,2019-11-12 18:00:00,2.1217974222649887,17738.898872801637,17.738898872801638,70.43995,-162.203,,,
S1P3,2019-11-12 18:30:00,2.237646145894194,17738.898872801637,17.738898872801638,70.43995,-162.203,,,
S1P3,2019-11-12 19:00:00,2.0730854651152315,17738.898872801637,17.738898872801638,70.43995,-162.203,,,
S1P3,2019-11-12 19:30:00,2.0316953449893034,17738.898872801637,17.738898872801638,70.43995,-162.203,,,
S1P3,2019-11-12 20:00:00,1.9458438632452792,17738.898872801637,17.738898872801638,70.43995,-162.203,,,
S1P3,2019-11-12 20:30:00,2.0232530148172465,17738.898872801637,17.738898872801638,70.43995,-162.203,,,
S1P3,2019-11-12 21:00:00,1.9681778039699833,17738.898872801637,17.738898872801638,70.43995,-162.203,,,
S1P3,2019-11-12 21:30:00,1.7470285135710537,17738.898872801637,17.738898872801638,70.43995,-162.203,,,
S1P3,2019-11-12 22:00:00,1.8016630781162661,17738.898872801637,17.738898872801638,70.43995,-162.203,,,
S1P3,2019-11-12 22:30:00,1.6135484903333106,17738.898872801637,17.738898872801638,70.43995,-162.203,,,
S1P3,2019-11-12 23:00:00,1.6455477912644658,17738.898872801637,17.738898872801638,70.43995,-162.203,,,
S1P3,2019-11-12 23:30:00,1.6235143184498975,17738.898872801637,17.738898872801638,70.43995,-162.203,,,
S1P3,2019-11-13 00:00:00,1.6900099201052718,17738.898872801637,17.738898872801638,70.43995,-162.203,,,
S1P3,2019-11-13 00:30:00,1.6499905400004389,17738.898872801637,17.738898872801638,70.43995,-162.203,,,
S1P3,2019-11-13 01:00:00,1.6136555125589707,17738.898872801637,17.738898872801638,70.43995,-162.203,,,
S1P3,2019-11-13 01:30:00,1.6882070081786877,17738.898872801637,17.738898872801638,70.43995,-162.203,,,
S1P3,2019-11-13 02:00:00,1.4329889696419547,17738.898872801637,17.738898872801638,70.43995,-162.203,,,
S1P3,2019-11-13 02:30:00,1.4388272549808145,17738.898872801637,17.738898872801638,70.43995,-162.203,,,
S1P3,2019-11-13 03:00:00,1.5752056192258885,17738.898872801637,17.738898872801638,70.43995,-162.203,,,
S1P3,2019-11-13 03:30:00,1.638318738669265,17738.898872801637,17.738898872801638,70.43995,-162.203,,,
S1P3,2019-11-13 04:00:00,1.5067225985748225,17738.898872801637,17.738898872801638,70.43995,-162.203,,,
S1P3,2019-11-13 04:30:00,1.8060568614258024,17738.898872801637,17.738898872801638,70.43995,-162.203,,,
S1P3,2019-11-13 05:00:00,1.6365263135257617,17738.898872801637,17.738898872801638,70.43995,-162.203,,,
S1P3,2019-11-13 05:30:00,1.5163753228967116,17738.898872801637,17.738898872801638,70.43995,-162.203,,,
S1P3,2019-11-13 06:00:00,1.6436916117668146,17738.898872801637,17.738898872801638,70.43995,-162.203,,,
S1P3,2019-11-13 06:30:00,1.6302118119956481,17738.898872801637,17.738898872801638,70.43995,-162.203,,,
S1P3,2019-11-13 07:00:00,1.6556336463134307,17738.898872801637,17.738898872801638,70.43995,-162.203,,,
S1P3,2019-11-13 07:30:00,1.5621442409162098,17738.898872801637,17.738898872801638,70.43995,-162.203,,,
S1P3,2019-11-13 08:00:00,1.5494184054629125,17738.898872801637,17.738898872801638,70.43995,-162.203,,,
S1P3,2019-11-13 08:30:00,1.5779650480169314,17738.898872801637,17.738898872801638,70.43995,-162.203,,,
S1P3,2019-11-13 09:00:00,1.585080831233296,17738.898872801637,17.738898872801638,70.43995,-162.203,,,
S1P3,2019-11-13 09:30:00,1.646078319993511,17738.898872801637,17.738898872801638,70.43995,-162.203,,,
S1P3,2019-11-13 10:00:00,1.4003721259136521,17738.898872801637,17.738898872801638,70.43995,-162.203,,,
S1P3,2019-11-13 10:30:00,1.3574599912686822,17738.898872801637,17.738898872801638,70.43995,-162.203,,,
S1P3,2019-11-13 11:00:00,1.3484603804295112,17738.898872801637,17.738898872801638,70.43995,-162.203,,,
S1P3,2019-11-13 11:30:00,1.3849696540580034,17738.898872801637,17.738898872801638,70.43995,-162.203,,,
S1P3,2019-11-13 12:00:00,1.288176155894973,17738.898872801637,17.738898872801638,70.43995,-162.203,,,
S1P3,2019-11-13 12:30:00,1.1558638362477758,17738.898872801637,17.738898872801638,70.43995,-162.203,,,
S1P3,2019-11-13 13:00:00,1.2664830233193602,17738.898872801637,17.738898872801638,70.43995,-162.203,,,
S1P3,2019-11-13 13:30:00,1.236160388680808,17738.898872801637,17.738898872801638,70.43995,-162.203,,,
S1P3,2019-11-13 14:00:00,1.181472978954863,17738.898872801637,17.738898872801638,70.43995,-162.203,,,
S1P3,2019-11-13 14:30:00,1.1426409769178425,17738.898872801637,17.738898872801638,70.43995,-162.203,,,
S1P3,2019-11-13 15:00:00,1.1071520849272125,17738.898872801637,17.738898872801638,70.43995,-162.203,,,
S1P3,2019-11-13 15:30:00,1.2170334248443155,17738.898872801637,17.738898872801638,70.43995,-162.203,,,
S1P3,2019-11-13 16:00:00,1.1196378095146136,17738.898872801637,17.738898872801638,70.43995,-162.203,,,
S1P3,2019-11-13 16:30:00,0.9217012099983906,17738.898872801637,17.738898872801638,70.43995,-162.203,,,
S1P3,2019-11-13 17:00:00,1.182622714265704,17738.898872801637,17.738898872801638,70.43995,-162.203,,,
S1P3,2019-11-13 17:30:00,1.011296873763935,17738.898872801637,17.738898872801638,70.43995,-162.203,,,
S1P3,2019-11-13 18:00:00,0.9747822603646816,17738.898872801637,17.738898872801638,70.43995,-162.203,,,
S1P3,2019-11-13 18:30:00,1.034223530831616,17738.898872801637,17.738898872801638,70.43995,-162.203,,,
S1P3,2019-11-13 19:00:00,1.1194423753043332,17738.898872801637,17.738898872801638,70.43995,-162.203,,,
S1P3,2019-11-13 19:30:00,1.2687771625105673,17738.898872801637,17.738898872801638,70.43995,-162.203,,,
S1P3,2019-11-13 20:00:00,1.367755933720549,17738.898872801637,17.738898872801638,70.43995,-162.203,,,
S1P3,2019-11-13 20:30:00,1.941847284211886,17738.898872801637,17.738898872801638,70.43995,-162.203,,,
S1P3,2019-11-13 21:00:00,1.8369527170316806,17738.898872801637,17.738898872801638,70.43995,-162.203,,,
S1P3,2019-11-13 21:30:00,1.8147961932020857,17738.898872801637,17.738898872801638,70.43995,-162.203,,,
S1P3,2019-11-13 22:00:00,1.70730063076078,17738.898872801637,17.738898872801638,70.43995,-162.203,,,
S1P3,2019-11-13 22:30:00,1.5907997897184702,17738.898872801637,17.738898872801638,70.43995,-162.203,,,
S1P3,2019-11-13 23:00:00,1.588796101381332,17738.898872801637,17.738898872801638,70.43995,-162.203,,,
S1P3,2019-11-13 23:30:00,1.8177529806354933,17738.898872801637,17.738898872801638,70.43995,-162.203,,,
S1P3,2019-11-14 00:00:00,1.812792248048585,17738.898872801637,17.738898872801638,70.43995,-162.203,,,
S1P3,2019-11-14 00:30:00,1.6677954579932808,17738.898872801637,17.738898872801638,70.43995,-162.203,,,
S1P3,2019-11-14 01:00:00,1.87736791179637,17738.898872801637,17.738898872801638,70.43995,-162.203,,,
S1P3,2019-11-14 01:30:00,1.7156277308974461,17738.898872801637,17.738898872801638,70.43995,-162.203,,,
S1P3,2019-11-14 02:00:00,1.8706407900393192,17738.898872801637,17.738898872801638,70.43995,-162.203,,,
S1P3,2019-11-14 02:30:00,1.6365952900376728,17738.898872801637,17.738898872801638,70.43995,-162.203,,,
S1P3,2019-11-14 03:00:00,1.5385114147092402,17738.898872801637,17.738898872801638,70.43995,-162.203,,,
S1P3,2019-11-14 03:30:00,1.4796092692146796,17738.898872801637,17.738898872801638,70.43995,-162.203,,,
S1P3,2019-11-14 04:00:00,1.389793868654334,17738.898872801637,17.738898872801638,70.43995,-162.203,,,
S1P3,2019-11-14 04:30:00,1.4976743512931867,17738.898872801637,17.738898872801638,70.43995,-162.203,,,
S1P3,2019-11-14 05:00:00,1.6008417563907755,17738.898872801637,17.738898872801638,70.43995,-162.203,,,
S1P3,2019-11-14 05:30:00,1.2849158748502032,17738.898872801637,17.738898872801638,70.43995,-162.203,,,
S1P3,2019-11-14 06:00:00,1.24373524911541,17738.898872801637,17.738898872801638,70.43995,-162.203,,,
S1P3,2019-11-14 06:30:00,1.435462572817741,17738.898872801637,17.738898872801638,70.43995,-162.203,,,
S1P3,2019-11-14 07:00:00,1.1827798925792148,17738.898872801637,17.738898872801638,70.43995,-162.203,,,
S1P3,2019-11-14 07:30:00,1.3002399802089584,17738.898872801637,17.738898872801638,70.43995,-162.203,,,
S1P3,2019-11-14 08:00:00,1.0875973844938107,17738.898872801637,17.738898872801638,70.43995,-162.203,,,
S1P3,2019-11-14 08:30:00,1.1702325227086758,17738.898872801637,17.738898872801638,70.43995,-162.203,,,
S1P3,2019-11-14 09:00:00,1.1446816706342147,17738.898872801637,17.738898872801638,70.43995,-162.203,,,
S1P3,2019-11-14 09:30:00,1.1981940786332737,17738.898872801637,17.738898872801638,70.43995,-162.203,,,
S1P3,2019-11-14 10:00:00,1.0321998653141171,17738.898872801637,17.738898872801638,70.43995,-162.203,,,
S1P3,2019-11-14 10:30:00,0.9780233992940145,17738.898872801637,17.738898872801638,70.43995,-162.203,,,
S1P3,2019-11-14 11:00:00,1.0852324331718943,17738.898872801637,17.738898872801638,70.43995,-162.203,,,
S1P3,2019-11-14 11:30:00,1.0278416126990229,17738.898872801637,17.738898872801638,70.43995,-162.203,,,
S1P3,2019-11-14 12:00:00,0.9529382451635681,17738.898872801637,17.738898872801638,70.43995,-162.203,,,
S1P3,2019-11-14 12:30:00,1.1756281951982197,17738.898872801637,17.738898872801638,70.43995,-162.203,,,
S1P3,2019-11-14 13:00:00,1.2938614207070103,17738.898872801637,17.738898872801638,70.43995,-162.203,,,
S1P3,2019-11-14 13:30:00,1.1660772152277548,17738.898872801637,17.738898872801638,70.43995,-162.203,,,
S1P3,2019-11-14 14:00:00,1.2784365324892708,17738.898872801637,17.738898872801638,70.43995,-162.203,,,
S1P3,2019-11-14 14:30:00,1.2151093441873997,17738.898872801637,17.738898872801638,70.43995,-162.203,,,
S1P3,2019-11-14 15:00:00,1.388903103040745,17738.898872801637,17.738898872801638,70.43995,-162.203,,,
S1P3,2019-11-14 15:30:00,1.1853724665501857,17738.898872801637,17.738898872801638,70.43995,-162.203,,,
S1P3,2019-11-14 16:00:00,1.197461016126424,17738.898872801637,17.738898872801638,70.43995,-162.203,,,
S1P3,2019-11-14 16:30:00,1.2041283576176915,17738.898872801637,17.738898872801638,70.43995,-162.203,,,
S1P3,2019-11-14 17:00:00,1.130546287305194,17738.898872801637,17.738898872801638,70.43995,-162.203,,,
S1P3,2019-11-14 17:30:00,1.1337362026092042,17738.898872801637,17.738898872801638,70.43995,-162.203,,,
S1P3,2019-11-14 18:00:00,1.1510529865417727,17738.898872801637,17.738898872801638,70.43995,-162.203,,,
S1P3,2019-11-14 18:30:00,1.0239479921957892,17738.898872801637,17.738898872801638,70.43995,-162.203,,,
S1P3,2019-11-14 19:00:00,1.0834074718048043,17738.898872801637,17.738898872801638,70.43995,-162.203,,,
S1P3,2019-11-14 19:30:00,1.1195621820648742,17738.898872801637,17.738898872801638,70.43995,-162.203,,,
S1P3,2019-11-14 20:00:00,0.9146064251144522,17738.898872801637,17.738898872801638,70.43995,-162.203,,,
S1P3,2019-11-14 20:30:00,1.0455260440279848,17738.898872801637,17.738898872801638,70.43995,-162.203,,,
S1P3,2019-11-14 21:00:00,1.0827466375342678,17738.898872801637,17.738898872801638,70.43995,-162.203,,,
S1P3,2019-11-14 21:30:00,0.8866284700670838,17738.898872801637,17.738898872801638,70.43995,-162.203,,,
S1P3,2019-11-14 22:00:00,0.7790258193472115,17738.898872801637,17.738898872801638,70.43995,-162.203,,,
S1P3,2019-11-14 22:30:00,0.7044092112987534,17738.898872801637,17.738898872801638,70.43995,-162.203,,,
S1P3,2019-11-14 23:00:00,0.7313990671622864,17738.898872801637,17.738898872801638,70.43995,-162.203,,,
S1P3,2019-11-14 23:30:00,0.830222869968657,17738.898872801637,17.738898872801638,70.43995,-162.203,,,
S1P3,2019-11-15 00:00:00,0.8568828778152661,17738.898872801637,17.738898872801638,70.43995,-162.203,,,
S1P3,2019-11-15 00:30:00,0.8911414890992848,17738.898872801637,17.738898872801638,70.43995,-162.203,,,
S1P3,2019-11-15 01:00:00,0.9116067483683652,17738.898872801637,17.738898872801638,70.43995,-162.203,,,
S1P3,2019-11-15 01:30:00,1.1307211599630995,17738.898872801637,17.738898872801638,70.43995,-162.203,,,
S1P3,2019-11-15 02:00:00,1.2945204195563207,17738.898872801637,17.738898872801638,70.43995,-162.203,,,
S1P3,2019-11-15 02:30:00,1.1362806321029504,17738.898872801637,17.738898872801638,70.43995,-162.203,,,
S1P3,2019-11-15 03:00:00,1.1381064435068111,17738.898872801637,17.738898872801638,70.43995,-162.203,,,
S1P3,2019-11-15 03:30:00,1.0230656542933367,17738.898872801637,17.738898872801638,70.43995,-162.203,3802.467631617543,3.8024676316175428,-13936.431241184095
S1P3,2019-11-15 04:00:00,0.8502420640164962,17738.898872801637,17.738898872801638,70.43995,-162.203,3802.467631617543,3.8024676316175428,-13936.431241184095
S1P3,2019-11-15 04:30:00,0.9156228033975913,17738.898872801637,17.738898872801638,70.43995,-162.203,3802.467631617543,3.8024676316175428,-13936.431241184095
S1P3,2019-11-15 05:00:00,0.8378272563604154,17738.898872801637,17.738898872801638,70.43995,-162.203,3802.467631617543,3.8024676316175428,-13936.431241184095
S1P3,2019-11-15 05:30:00,0.7748848710425307,17738.898872801637,17.738898872801638,70.43995,-162.203,4044.219783948208,,-13694.67908885343
S1P3,2019-11-15 06:00:00,0.7540155298996626,17738.898872801637,17.738898872801638,70.43995,-162.203,4285.971936278873,,-13452.926936522765
S1P3,2019-11-15 06:30:00,0.6630893050932952,17738.898872801637,17.738898872801638,70.43995,-162.203,4527.724088609538,,-13211.174784192099
S1P3,2019-11-15 07:00:00,0.6421303454976104,17738.898872801637,17.738898872801638,70.43995,-162.203,4769.476240940203,,-12969.422631861435
S1P3,2019-11-15 07:30:00,0.6028874884646731,17738.898872801637,17.738898872801638,70.43995,-162.203,5011.228393270868,,-12727.67047953077
S1P3,2019-11-15 08:00:00,0.5642223357529262,17738.898872801637,17.738898872801638,70.43995,-162.203,5252.980545601533,,-12485.918327200105
S1P3,2019-11-15 08:30:00,0.5408690910361174,17738.898872801637,17.738898872801638,70.43995,-162.203,5494.732697932198,,-12244.166174869439
S1P3,2019-11-15 09:00:00,0.47968084135701444,17738.898872801637,17.738898872801638,70.43995,-162.203,5736.484850262863,,-12002.414022538775
S1P3,2019-11-15 09:30:00,,17738.898872801637,17.738898872801638,70.43995,-162.203,5978.237002593528,,-11760.66187020811
S1P3,2019-11-15 10:00:00,0.45125376707436055,17738.898872801637,17.738898872801638,70.43995,-162.203,6219.989154924193,,-11518.909717877445
S1P3,2019-11-15 10:30:00,0.45166963291072554,17738.898872801637,17.738898872801638,70.43995,-162.203,6461.741307254857,,-11277.15756554678
S1P3,2019-11-15 11:00:00,0.4258791381499947,17738.898872801637,17.738898872801638,70.43995,-162.203,6703.493459585523,,-11035.405413216115
S1P3,2019-11-15 11:30:00,0.39818394292136033,17738.898872801637,17.738898872801638,70.43995,-162.203,6945.245611916187,,-10793.65326088545
S1P3,2019-11-15 12:00:00,0.4519058073095356,17738.898872801637,17.738898872801638,70.43995,-162.203,7186.997764246853,,-10551.901108554785
S1P3,2019-11-15 12:30:00,0.41583290962136654,17738.898872801637,17.738898872801638,70.43995,-162.203,7428.749916577517,,-10310.14895622412
S1P3,2019-11-15 13:00:00,0.39172465681063906,17738.898872801637,17.738898872801638,70.43995,-162.203,7670.502068908183,,-10068.396803893454
S1P3,2019-11-15 13:30:00,0.4789193462046067,17738.898872801637,17.738898872801638,70.43995,-162.203,7912.254221238848,,-9826.64465156279
S1P3,2019-11-15 14:00:00,0.38022651085086046,17738.898872801637,17.738898872801638,70.43995,-162.203,8154.006373569513,,-9584.892499232124
S1P3,2019-11-15 14:30:00,0.44576624933050596,17738.898872801637,17.738898872801638,70.43995,-162.203,8395.758525900179,,-9343.140346901459
S1P3,2019-11-15 15:00:00,0.41147282614985703,17738.898872801637,17.738898872801638,70.43995,-162.203,8637.510678230843,,-9101.388194570794
S1P3,2019-11-15 15:30:00,0.39888890436801056,17738.898872801637,17.738898872801638,70.43995,-162.203,8879.262830561507,,-8859.63604224013
S1P3,2019-11-15 16:00:00,0.4197668786126385,17738.898872801637,17.738898872801638,70.43995,-162.203,9121.014982892171,,-8617.883889909466
S1P3,2019-11-15 16:30:00,0.32044064002915545,17738.898872801637,17.738898872801638,70.43995,-162.203,9362.767135222837,,-8376.1317375788
S1P3,2019-11-15 17:00:00,,17738.898872801637,17.738898872801638,70.43995,-162.203,9604.519287553503,,-8134.379585248134
S1P3,2019-11-15 17:30:00,0.39488768727068796,17738.898872801637,17.738898872801638,70.43995,-162.203,9846.271439884167,,-7892.62743291747
S1P3,2019-11-15 18:00:00,0.3652434159746905,17738.898872801637,17.738898872801638,70.43995,-162.203,10088.023592214831,,-7650.875280586806
S1P3,2019-11-15 18:30:00,0.34508455478612526,17738.898872801637,17.738898872801638,70.43995,-162.203,10329.775744545497,,-7409.12312825614
S1P3,2019-11-15 19:00:00,0.40248334536733105,17738.898872801637,17.738898872801638,70.43995,-162.203,10571.527896876163,,-7167.370975925474
S1P3,2019-11-15 19:30:00,0.38401398194128544,17738.898872801637,17.738898872801638,70.43995,-162.203,10813.280049206827,,-6925.61882359481
S1P3,2019-11-15 20:00:00,0.43191025178984077,17738.898872801637,17.738898872801638,70.43995,-162.203,11055.032201537491,,-6683.866671264146
S1P3,2019-11-15 20:30:00,0.44319826501592446,17738.898872801637,17.738898872801638,70.43995,-162.203,11296.784353868157,,-6442.11451893348
S1P3,2019-11-15 21:00:00,0.4427226013663334,17738.898872801637,17.738898872801638,70.43995,-162.203,11538.536506198823,,-6200.362366602814
S1P3,2019-11-15 21:30:00,0.506157333595654,17738.898872801637,17.738898872801638,70.43995,-162.203,11780.288658529487,,-5958.61021427215
S1P3,2019-11-15 22:00:00,0.5744003731231413,17738.898872801637,17.738898872801638,70.43995,-162.203,12022.040810860153,,-5716.858061941484
S1P3,2019-11-15 22:30:00,0.5536331591019253,17738.898872801637,17.738898872801638,70.43995,-162.203,12263.792963190817,,-5475.10590961082
S1P3,2019-11-15 23:00:00,0.5277894553511547,17738.898872801637,17.738898872801638,70.43995,-162.203,12505.545115521483,,-5233.353757280154
S1P3,2019-11-15 23:30:00,0.5269674295937148,17738.898872801637,17.738898872801638,70.43995,-162.203,12747.297267852147,,-4991.60160494949
S1P3,2019-11-16 00:00:00,0.5110038235292234,17738.898872801637,17.738898872801638,70.43995,-162.203,12989.049420182813,,-4749.849452618824
S1P3,2019-11-16 00:30:00,0.46811163831917374,17738.898872801637,17.738898872801638,70.43995,-162.203,13230.801572513477,,-4508.09730028816
S1P3,2019-11-16 01:00:00,0.5041195236540188,17738.898872801637,17.738898872801638,70.43995,-162.203,13472.553724844141,,-4266.345147957496
S1P3,2019-11-16 01:30:00,0.49107650457647883,17738.898872801637,17.738898872801638,70.43995,-162.203,13714.305877174807,,-4024.59299562683
S1P3,2019-11-16 02:00:00,0.5540570886391143,17738.898872801637,17.738898872801638,70.43995,-162.203,13956.058029505471,,-3782.840843296166
S1P3,2019-11-16 02:30:00,0.5155355454308889,17738.898872801637,17.738898872801638,70.43995,-162.203,14197.810181836137,,-3541.0886909655
S1P3,2019-11-16 03:00:00,0.5115671112745034,17738.898872801637,17.738898872801638,70.43995,-162.203,14439.562334166802,14.439562334166801,-3299.336538634836
S1P3,2019-11-16 03:30:00,0.4608637347719295,17738.898872801637,17.738898872801638,70.43995,-162.203,14439.562334166802,14.439562334166801,-3299.336538634836
S1P3,2019-11-16 04:00:00,0.5208912186933654,17738.898872801637,17.738898872801638,70.43995,-162.203,14439.562334166802,14.439562334166801,-3299.336538634836
S1P3,2019-11-16 04:30:00,0.5101099690585933,17738.898872801637,17.738898872801638,70.43995,-162.203,14439.562334166802,14.439562334166801,-3299.336538634836
S1P3,2019-11-16 05:00:00,0.4317085780975941,17738.898872801637,17.738898872801638,70.43995,-162.203,14329.591518451785,,-3409.307354349852
S1P3,2019-11-16 05:30:00,0.4641118447302562,17738.898872801637,17.738898872801638,70.43995,-162.203,14219.620702736769,,-3519.2781700648684
S1P3,2019-11-16 06:00:00,0.4290658167015546,17738.898872801637,17.738898872801638,70.43995,-162.203,14109.649887021753,,-3629.2489857798846
S1P3,2019-11-16 06:30:00,0.4486669683582792,17738.898872801637,17.738898872801638,70.43995,-162.203,13999.679071306737,,-3739.219801494901
S1P3,2019-11-16 07:00:00,0.3829707364616248,17738.898872801637,17.738898872801638,70.43995,-162.203,13889.70825559172,,-3849.190617209917
S1P3,2019-11-16 07:30:00,0.38518851749497124,17738.898872801637,17.738898872801638,70.43995,-162.203,13779.737439876704,,-3959.1614329249333
S1P3,2019-11-16 08:00:00,0.42160821020783124,17738.898872801637,17.738898872801638,70.43995,-162.203,13669.766624161688,,-4069.1322486399495
S1P3,2019-11-16 08:30:00,0.4619231960879567,17738.898872801637,17.738898872801638,70.43995,-162.203,13559.795808446672,,-4179.103064354966
S1P3,2019-11-16 09:00:00,0.4302460533291121,17738.898872801637,17.738898872801638,70.43995,-162.203,13449.824992731656,,-4289.073880069982
S1P3,2019-11-16 09:30:00,0.3814042792686243,17738.898872801637,17.738898872801638,70.43995,-162.203,13339.85417701664,,-4399.044695784998
S1P3,2019-11-16 10:00:00,0.3750918382095326,17738.898872801637,17.738898872801638,70.43995,-162.203,13229.883361301621,,-4509.015511500016
S1P3,2019-11-16 10:30:00,0.2891434480752834,17738.898872801637,17.738898872801638,70.43995,-162.203,13119.912545586605,,-4618.986327215032
S1P3,2019-11-16 11:00:00,0.3056065180847473,17738.898872801637,17.738898872801638,70.43995,-162.203,13009.941729871589,,-4728.957142930049
S1P3,2019-11-16 11:30:00,0.3376001490977089,17738.898872801637,17.738898872801638,70.43995,-162.203,12899.970914156573,,-4838.927958645065
S1P3,2019-11-16 12:00:00,0.2791454880447889,17738.898872801637,17.738898872801638,70.43995,-162.203,12790.000098441556,,-4948.898774360081
S1P3,2019-11-16 12:30:00,0.22896792000312588,17738.898872801637,17.738898872801638,70.43995,-162.203,12680.02928272654,,-5058.869590075097
S1P3,2019-11-16 13:00:00,0.2514819347576647,17738.898872801637,17.738898872801638,70.43995,-162.203,12570.058467011524,,-5168.840405790113
S1P3,2019-11-16 13:30:00,0.2501911669804022,17738.898872801637,17.738898872801638,70.43995,-162.203,12460.087651296508,,-5278.81122150513
S1P3,2019-11-16 14:00:00,0.24082984498595433,17738.898872801637,17.738898872801638,70.43995,-162.203,12350.116835581492,,-5388.782037220146
S1P3,2019-11-16 14:30:00,0.2560649155183541,17738.898872801637,17.738898872801638,70.43995,-162.203,12240.146019866475,,-5498.752852935162
S1P3,2019-11-16 15:00:00,0.2605057431159448,17738.898872801637,17.738898872801638,70.43995,-162.203,12130.17520415146,,-5608.723668650178
S1P3,2019-11-16 15:30:00,0.2479481093049621,17738.898872801637,17.738898872801638,70.43995,-162.203,12020.204388436443,,-5718.6944843651945
S1P3,2019-11-16 16:00:00,0.24276777340050382,17738.898872801637,17.738898872801638,70.43995,-162.203,11910.233572721427,,-5828.665300080211
S1P3,2019-11-16 16:30:00,0.2358301676022962,17738.898872801637,17.738898872801638,70.43995,-162.203,11800.26275700641,,-5938.636115795227
S1P3,2019-11-16 17:00:00,0.21517172989380515,17738.898872801637,17.738898872801638,70.43995,-162.203,11690.291941291394,,-6048.606931510243
S1P3,2019-11-16 17:30:00,0.2233089877579064,17738.898872801637,17.738898872801638,70.43995,-162.203,11580.321125576378,,-6158.577747225259
S1P3,2019-11-16 18:00:00,0.2147803968808664,17738.898872801637,17.738898872801638,70.43995,-162.203,11470.350309861362,,-6268.548562940276
S1P3,2019-11-16 18:30:00,0.18903514286601472,17738.898872801637,17.738898872801638,70.43995,-162.203,11360.379494146346,,-6378.519378655292
S1P3,2019-11-16 19:00:00,0.211176292448025,17738.898872801637,17.738898872801638,70.43995,-162.203,11250.40867843133,,-6488.490194370308
S1P3,2019-11-16 19:30:00,0.21929144367880182,17738.898872801637,17.738898872801638,70.43995,-162.203,11140.437862716313,,-6598.461010085324
S1P3,2019-11-16 20:00:00,0.20936932689768645,17738.898872801637,17.738898872801638,70.43995,-162.203,11030.467047001297,,-6708.43182580034
S1P3,2019-11-16 20:30:00,0.18579519612427117,17738.898872801637,17.738898872801638,70.43995,-162.203,10920.49623128628,,-6818.402641515357
S1P3,2019-11-16 21:00:00,0.17526188735674678,17738.898872801637,17.738898872801638,70.43995,-162.203,10810.525415571265,,-6928.373457230373
S1P3,2019-11-16 21:30:00,0.16288221827061888,17738.898872801637,17.738898872801638,70.43995,-162.203,10700.554599856248,,-7038.344272945389
S1P3,2019-11-16 22:00:00,0.1903808783066473,17738.898872801637,17.738898872801638,70.43995,-162.203,10590.583784141232,,-7148.315088660405
S1P3,2019-11-16 22:30:00,0.1681416827801738,17738.898872801637,17.738898872801638,70.43995,-162.203,10480.612968426216,,-7258.2859043754215
S1P3,2019-11-16 23:00:00,0.14613261097669863,17738.898872801637,17.738898872801638,70.43995,-162.203,10370.6421527112,,-7368.256720090438
S1P3,2019-11-16 23:30:00,0.1514753412017986,17738.898872801637,17.738898872801638,70.43995,-162.203,10260.671336996184,,-7478.227535805454
S1P3,2019-11-17 00:00:00,0.15156558905367154,17738.898872801637,17.738898872801638,70.43995,-162.203,10150.700521281167,,-7588.19835152047
S1P3,2019-11-17 00:30:00,0.14796625003762798,17738.898872801637,17.738898872801638,70.43995,-162.203,10040.729705566151,,-7698.169167235486
S1P3,2019-11-17 01:00:00,0.13003069726910962,17738.898872801637,17.738898872801638,70.43995,-162.203,9930.758889851135,,-7808.139982950503
S1P3,2019-11-17 01:30:00,0.1322452620145861,17738.898872801637,17.738898872801638,70.43995,-162.203,9820.788074136119,,-7918.110798665519
S1P3,2019-11-17 02:00:00,0.1193480460017989,17738.898872801637,17.738898872801638,70.43995,-162.203,9710.817258421102,,-8028.081614380535
S1P3,2019-11-17 02:30:00,0.10284740601245383,17738.898872801637,17.738898872801638,70.43995,-162.203,9600.846442706084,,-8138.052430095553
S1P3,2019-11-17 03:00:00,0.10965036573940821,17738.898872801637,17.738898872801638,70.43995,-162.203,9490.875626991068,,-8248.02324581057
S1P3,2019-11-17 03:30:00,,17738.898872801637,17.738898872801638,70.43995,-162.203,9380.904811276052,,-8357.994061525585
S1P3,2019-11-17 04:00:00,0.09579396806167588,17738.898872801637,17.738898872801638,70.43995,-162.203,9270.933995561036,,-8467.964877240602
S1P3,2019-11-17 04:30:00,,17738.898872801637,17.738898872801638,70.43995,-162.203,9160.96317984602,,-8577.935692955618
S1P3,2019-11-17 05:00:00,,17738.898872801637,17.738898872801638,70.43995,-162.203,9050.992364131003,,-8687.906508670634
S1P3,2019-11-17 05:30:00,,17738.898872801637,17.738898872801638,70.43995,-162.203,8941.021548415987,,-8797.87732438565
S1P3,2019-11-17 06:00:00,,17738.898872801637,17.738898872801638,70.43995,-162.203,8831.050732700971,,-8907.848140100667
S1P3,2019-11-17 06:30:00,,17738.898872801637,17.738898872801638,70.43995,-162.203,8721.079916985955,,-9017.818955815683
S1P3,2019-11-17 07:00:00,,17738.898872801637,17.738898872801638,70.43995,-162.203,8611.109101270938,,-9127.789771530699
S1P3,2019-11-17 07:30:00,,17738.898872801637,17.738898872801638,70.43995,-162.203,8501.138285555922,,-9237.760587245715
S1P3,2019-11-17 08:00:00,,17738.898872801637,17.738898872801638,70.43995,-162.203,8391.167469840906,,-9347.731402960731
S1P3,2019-11-17 08:30:00,,17738.898872801637,17.738898872801638,70.43995,-162.203,8281.196654125888,,-9457.70221867575
S1P3,2019-11-17 09:00:00,,17738.898872801637,17.738898872801638,70.43995,-162.203,8171.225838410873,,-9567.673034390766
S1P3,2019-11-17 09:30:00,,17738.898872801637,17.738898872801638,70.43995,-162.203,8061.2550226958565,,-9677.643850105782
S1P3,2019-11-17 10:00:00,0.042743821809087174,17738.898872801637,17.738898872801638,70.43995,-162.203,7951.28420698084,,-9787.614665820798
S1P3,2019-11-17 10:30:00,,17738.898872801637,17.738898872801638,70.43995,-162.203,7841.313391265824,,-9897.585481535814
S1P3,2019-11-17 11:00:00,,17738.898872801637,17.738898872801638,70.43995,-162.203,7731.342575550808,,-10007.55629725083
S1P3,2019-11-17 11:30:00,0.04387790196919731,17738.898872801637,17.738898872801638,70.43995,-162.203,7621.371759835792,,-10117.527112965847
S1P3,2019-11-17 12:00:00,,17738.898872801637,17.738898872801638,70.43995,-162.203,7511.400944120775,,-10227.497928680863
S1P3,2019-11-17 12:30:00,,17738.898872801637,17.738898872801638,70.43995,-162.203,7401.430128405759,,-10337.46874439588
S1P3,2019-11-17 13:00:00,,17738.898872801637,17.738898872801638,70.43995,-162.203,7291.459312690743,,-10447.439560110895
S1P3,2019-11-17 13:30:00,,17738.898872801637,17.738898872801638,70.43995,-162.203,7181.488496975727,,-10557.410375825912
S1P3,2019-11-17 14:00:00,,17738.898872801637,17.738898872801638,70.43995,-162.203,7071.517681260711,,-10667.381191540928
S1P3,2019-11-17 14:30:00,0.04041123667267655,17738.898872801637,17.738898872801638,70.43995,-162.203,6961.546865545693,,-10777.352007255944
S1P3,2019-11-17 15:00:00,,17738.898872801637,17.738898872801638,70.43995,-162.203,6851.576049830677,,-10887.32282297096
S1P3,2019-11-17 15:30:00,,17738.898872801637,17.738898872801638,70.43995,-162.203,6741.605234115661,,-10997.293638685976
S1P3,2019-11-17 16:00:00,,17738.898872801637,17.738898872801638,70.43995,-162.203,6631.634418400645,,-11107.264454400993
S1P3,2019-11-17 16:30:00,0.039341158045492104,17738.898872801637,17.738898872801638,70.43995,-162.203,6521.663602685629,,-11217.235270116009
S1P3,2019-11-17 17:00:00,,17738.898872801637,17.738898872801638,70.43995,-162.203,6411.692786970612,,-11327.206085831025
S1P3,2019-11-17 17:30:00,0.0409819292309731,17738.898872801637,17.738898872801638,70.43995,-162.203,6301.721971255596,,-11437.176901546041
S1P3,2019-11-17 18:00:00,0.038211999703976963,17738.898872801637,17.738898872801638,70.43995,-162.203,6191.75115554058,,-11547.147717261058
S1P3,2019-11-17 18:30:00,,17738.898872801637,17.738898872801638,70.43995,-162.203,6081.780339825564,,-11657.118532976074
S1P3,2019-11-17 19:00:00,,17738.898872801637,17.738898872801638,70.43995,-162.203,5971.8095241105475,,-11767.08934869109
S1P3,2019-11-17 19:30:00,,17738.898872801637,17.738898872801638,70.43995,-162.203,5861.838708395531,,-11877.060164406106
S1P3,2019-11-17 20:00:00,,17738.898872801637,17.738898872801638,70.43995,-162.203,5751.867892680515,,-11987.030980121122
S1P3,2019-11-17 20:30:00,,17738.898872801637,17.738898872801638,70.43995,-162.203,5641.897076965499,,-12097.001795836139
S1P3,2019-11-17 21:00:00,,17738.898872801637,17.738898872801638,70.43995,-162.203,5531.926261250483,,-12206.972611551155
S1P3,2019-11-17 21:30:00,0.04645273134808527,17738.898872801637,17.738898872801638,70.43995,-162.203,5421.955445535466,,-12316.943427266171
S1P3,2019-11-17 22:00:00,,17738.898872801637,17.738898872801638,70.43995,-162.203,5311.98462982045,,-12426.914242981187
S1P3,2019-11-17 22:30:00,0.06059595050233968,17738.898872801637,17.738898872801638,70.43995,-162.203,5202.013814105434,,-12536.885058696203
S1P3,2019-11-17 23:00:00,0.05900156235903053,17738.898872801637,17.738898872801638,70.43995,-162.203,5092.042998390418,,-12646.85587441122
S1P3,2019-11-17 23:30:00,0.08303691269028937,17738.898872801637,17.738898872801638,70.43995,-162.203,4982.072182675402,,-12756.826690126236
S1P3,2019-11-18 00:00:00,0.10083027758316125,17738.898872801637,17.738898872801638,70.43995,-162.203,4872.1013669603835,,-12866.797505841254
S1P3,2019-11-18 00:30:00,0.11626653861020324,17738.898872801637,17.738898872801638,70.43995,-162.203,4762.130551245367,,-12976.76832155627
S1P3,2019-11-18 01:00:00,0.11178351383376645,17738.898872801637,17.738898872801638,70.43995,-162.203,4652.159735530351,,-13086.739137271286
S1P3,2019-11-18 01:30:00,0.11678040711493322,17738.898872801637,17.738898872801638,70.43995,-162.203,4542.188919815335,,-13196.709952986303
S1P3,2019-11-18 02:00:00,0.1192201452073743,17738.898872801637,17.738898872801638,70.43995,-162.203,4432.218104100319,,-13306.680768701319
S1P3,2019-11-18 02:30:00,0.13233965318525168,17738.898872801637,17.738898872801638,70.43995,-162.203,4322.247288385302,,-13416.651584416335
S1P3,2019-11-18 03:00:00,0.13644958517833644,17738.898872801637,17.738898872801638,70.43995,-162.203,4212.276472670286,,-13526.622400131351
S1P3,2019-11-18 03:30:00,0.11629446649593304,17738.898872801637,17.738898872801638,70.43995,-162.203,4102.30565695527,4.10230565695527,-13636.593215846367
S1P3,2019-11-18 04:00:00,0.14602314476952785,17738.898872801637,17.738898872801638,70.43995,-162.203,4102.30565695527,4.10230565695527,-13636.593215846367
S1P3,2019-11-18 04:30:00,0.13213536042612892,17738.898872801637,17.738898872801638,70.43995,-162.203,4102.30565695527,4.10230565695527,-13636.593215846367
S1P3,2019-11-18 05:00:00,0.16064141045440508,17738.898872801637,17.738898872801638,70.43995,-162.203,4102.30565695527,4.10230565695527,-13636.593215846367
S1P3,2019-11-18 05:30:00,0.14241837043668523,17738.898872801637,17.738898872801638,70.43995,-162.203,4113.615920291439,,-13625.282952510199
S1P3,2019-11-18 06:00:00,0.1559064206820083,17738.898872801637,17.738898872801638,70.43995,-162.203,4124.926183627607,,-13613.97268917403
S1P3,2019-11-18 06:30:00,0.14912419784394845,17738.898872801637,17.738898872801638,70.43995,-162.203,4136.236446963776,,-13602.662425837862
S1P3,2019-11-18 07:00:00,0.19235159057287432,17738.898872801637,17.738898872801638,70.43995,-162.203,4147.546710299945,,-13591.352162501693
S1P3,2019-11-18 07:30:00,0.24642636811370697,17738.898872801637,17.738898872801638,70.43995,-162.203,4158.856973636113,,-13580.041899165524
S1P3,2019-11-18 08:00:00,0.277930846395979,17738.898872801637,17.738898872801638,70.43995,-162.203,4170.167236972282,,-13568.731635829356
S1P3,2019-11-18 08:30:00,0.29223425313572904,17738.898872801637,17.738898872801638,70.43995,-162.203,4181.4775003084505,,-13557.421372493187
S1P3,2019-11-18 09:00:00,0.3548947430986043,17738.898872801637,17.738898872801638,70.43995,-162.203,4192.787763644619,,-13546.111109157018
S1P3,2019-11-18 09:30:00,0.30476645932059465,17738.898872801637,17.738898872801638,70.43995,-162.203,4204.098026980788,,-13534.80084582085
S1P3,2019-11-18 10:00:00,0.30715846011740433,17738.898872801637,17.738898872801638,70.43995,-162.203,4215.4082903169565,,-13523.490582484681
S1P3,2019-11-18 10:30:00,0.3321101495101107,17738.898872801637,17.738898872801638,70.43995,-162.203,4226.718553653125,,-13512.180319148512
S1P3,2019-11-18 11:00:00,0.3568486541242721,17738.898872801637,17.738898872801638,70.43995,-162.203,4238.028816989294,,-13500.870055812344
S1P3,2019-11-18 11:30:00,0.30246822749622787,17738.898872801637,17.738898872801638,70.43995,-162.203,4249.339080325462,,-13489.559792476175
S1P3,2019-11-18 12:00:00,0.34464430558614917,17738.898872801637,17.738898872801638,70.43995,-162.203,4260.649343661631,,-13478.249529140006
S1P3,2019-11-18 12:30:00,0.33782452303736177,17738.898872801637,17.738898872801638,70.43995,-162.203,4271.9596069978,,-13466.939265803838
S1P3,2019-11-18 13:00:00,0.3132921150448774,17738.898872801637,17.738898872801638,70.43995,-162.203,4283.269870333968,,-13455.62900246767
S1P3,2019-11-18 13:30:00,0.3066170628349714,17738.898872801637,17.738898872801638,70.43995,-162.203,4294.580133670137,,-13444.3187391315
S1P3,2019-11-18 14:00:00,0.2846487852618418,17738.898872801637,17.738898872801638,70.43995,-162.203,4305.890397006306,,-13433.008475795332
S1P3,2019-11-18 14:30:00,0.249874480217055,17738.898872801637,17.738898872801638,70.43995,-162.203,4317.200660342474,,-13421.698212459163
S1P3,2019-11-18 15:00:00,0.2583336691614667,17738.898872801637,17.738898872801638,70.43995,-162.203,4328.510923678643,,-13410.387949122995
S1P3,2019-11-18 15:30:00,0.2637578501315084,17738.898872801637,17.738898872801638,70.43995,-162.203,4339.821187014812,,-13399.077685786826
S1P3,2019-11-18 16:00:00,0.1571419432053719,17738.898872801637,17.738898872801638,70.43995,-162.203,4351.13145035098,,-13387.767422450657
S1P3,2019-11-18 16:30:00,0.20319025952446687,17738.898872801637,17.738898872801638,70.43995,-162.203,4362.441713687149,,-13376.457159114489
S1P3,2019-11-18 17:00:00,0.18240128839847622,17738.898872801637,17.738898872801638,70.43995,-162.203,4373.7519770233175,,-13365.14689577832
S1P3,2019-11-18 17:30:00,0.16306781502623705,17738.898872801637,17.738898872801638,70.43995,-162.203,4385.062240359486,,-13353.836632442151
S1P3,2019-11-18 18:00:00,0.18584384682402982,17738.898872801637,17.738898872801638,70.43995,-162.203,4396.372503695655,,-13342.526369105983
S1P3,2019-11-18 18:30:00,0.21216711924053172,17738.898872801637,17.738898872801638,70.43995,-162.203,4407.6827670318235,,-13331.216105769814
S1P3,2019-11-18 19:00:00,0.18775987444770972,17738.898872801637,17.738898872801638,70.43995,-162.203,4418.993030367992,,-13319.905842433645
S1P3,2019-11-18 19:30:00,0.17455695091590478,17738.898872801637,17.738898872801638,70.43995,-162.203,4430.303293704161,,-13308.595579097477
S1P3,2019-11-18 20:00:00,0.18146216221893116,17738.898872801637,17.738898872801638,70.43995,-162.203,4441.613557040329,,-13297.285315761308
S1P3,2019-11-18 20:30:00,0.20794457855401852,17738.898872801637,17.738898872801638,70.43995,-162.203,4452.923820376498,,-13285.97505242514
S1P3,2019-11-18 21:00:00,0.21002309532060906,17738.898872801637,17.738898872801638,70.43995,-162.203,4464.234083712667,,-13274.66478908897
S1P3,2019-11-18 21:30:00,0.24577634259175146,17738.898872801637,17.738898872801638,70.43995,-162.203,4475.544347048835,,-13263.354525752802
S1P3,2019-11-18 22:00:00,0.26151368878501985,17738.898872801637,17.738898872801638,70.43995,-162.203,4486.854610385004,,-13252.044262416634
S1P3,2019-11-18 22:30:00,0.2957344328624056,17738.898872801637,17.738898872801638,70.43995,-162.203,4498.164873721173,,-13240.733999080465
S1P3,2019-11-18 23:00:00,0.2614796408317448,17738.898872801637,17.738898872801638,70.43995,-162.203,4509.475137057341,,-13229.423735744296
S1P3,2019-11-18 23:30:00,0.31299408288014413,17738.898872801637,17.738898872801638,70.43995,-162.203,4520.78540039351,,-13218.113472408128
S1P3,2019-11-19 00:00:00,0.3665206885671255,17738.898872801637,17.738898872801638,70.43995,-162.203,4532.095663729679,,-13206.803209071959
S1P3,2019-11-19 00:30:00,0.3057957269966532,17738.898872801637,17.738898872801638,70.43995,-162.203,4543.405927065847,,-13195.49294573579
S1P3,2019-11-19 01:00:00,0.3025855079326787,17738.898872801637,17.738898872801638,70.43995,-162.203,4554.716190402016,,-13184.182682399622
S1P3,2019-11-19 01:30:00,0.30729940288582525,17738.898872801637,17.738898872801638,70.43995,-162.203,4566.0264537381845,,-13172.872419063453
S1P3,2019-11-19 02:00:00,0.44494403772795904,17738.898872801637,17.738898872801638,70.43995,-162.203,4577.336717074353,,-13161.562155727284
S1P3,2019-11-19 02:30:00,0.42910274259039893,17738.898872801637,17.738898872801638,70.43995,-162.203,4588.646980410522,,-13150.251892391116
S1P3,2019-11-19 03:00:00,0.40655319654485594,17738.898872801637,17.738898872801638,70.43995,-162.203,4599.95724374669,,-13138.941629054947
S1P3,2019-11-19 03:30:00,0.4780674038212288,17738.898872801637,17.738898872801638,70.43995,-162.203,4611.267507082859,,-13127.631365718778
S1P3,2019-11-19 04:00:00,0.3791035959095511,17738.898872801637,17.738898872801638,70.43995,-162.203,4622.577770419028,,-13116.32110238261
S1P3,2019-11-19 04:30:00,0.4078469375875693,17738.898872801637,17.738898872801638,70.43995,-162.203,4633.888033755196,,-13105.010839046441
S1P3,2019-11-19 05:00:00,0.40473523571023945,17738.898872801637,17.738898872801638,70.43995,-162.203,4645.198297091365,,-13093.700575710272
S1P3,2019-11-19 05:30:00,0.3826278074746117,17738.898872801637,17.738898872801638,70.43995,-162.203,4656.508560427534,,-13082.390312374104
S1P3,2019-11-19 06:00:00,0.3469210249391546,17738.898872801637,17.738898872801638,70.43995,-162.203,4667.818823763702,,-13071.080049037935
S1P3,2019-11-19 06:30:00,0.31051625109379233,17738.898872801637,17.738898872801638,70.43995,-162.203,4679.129087099871,,-13059.769785701767
S1P3,2019-11-19 07:00:00,0.3433352457254617,17738.898872801637,17.738898872801638,70.43995,-162.203,4690.43935043604,,-13048.459522365598
S1P3,2019-11-19 07:30:00,0.27556989868969045,17738.898872801637,17.738898872801638,70.43995,-162.203,4701.749613772208,,-13037.14925902943
S1P3,2019-11-19 08:00:00,0.35679845982790237,17738.898872801637,17.738898872801638,70.43995,-162.203,4713.059877108377,,-13025.83899569326
S1P3,2019-11-19 08:30:00,0.3392751906528342,17738.898872801637,17.738898872801638,70.43995,-162.203,4724.3701404445455,,-13014.528732357092
S1P3,2019-11-19 09:00:00,0.3282330502184565,17738.898872801637,17.738898872801638,70.43995,-162.203,4735.680403780714,,-13003.218469020923
S1P3,2019-11-19 09:30:00,0.34134000330738895,17738.898872801637,17.738898872801638,70.43995,-162.203,4746.990667116883,,-12991.908205684755
S1P3,2019-11-19 10:00:00,0.2734196967430792,17738.898872801637,17.738898872801638,70.43995,-162.203,4758.3009304530515,,-12980.597942348586
S1P3,2019-11-19 10:30:00,0.3331152482022764,17738.898872801637,17.738898872801638,70.43995,-162.203,4769.61119378922,,-12969.287679012417
S1P3,2019-11-19 11:00:00,0.3176339315979237,17738.898872801637,17.738898872801638,70.43995,-162.203,4780.921457125389,,-12957.977415676249
S1P3,2019-11-19 11:30:00,0.2980727035133376,17738.898872801637,17.738898872801638,70.43995,-162.203,4792.231720461557,,-12946.66715234008
S1P3,2019-11-19 12:00:00,0.2930478662199962,17738.898872801637,17.738898872801638,70.43995,-162.203,4803.541983797726,,-12935.356889003911
S1P3,2019-11-19 12:30:00,0.3154400100368686,17738.898872801637,17.738898872801638,70.43995,-162.203,4814.852247133895,,-12924.046625667743
S1P3,2019-11-19 13:00:00,0.3209934148664916,17738.898872801637,17.738898872801638,70.43995,-162.203,4826.162510470063,,-12912.736362331574
S1P3,2019-11-19 13:30:00,0.29386490981985425,17738.898872801637,17.738898872801638,70.43995,-162.203,4837.472773806232,,-12901.426098995405
S1P3,2019-11-19 14:00:00,0.24434874780372928,17738.898872801637,17.738898872801638,70.43995,-162.203,4848.783037142401,,-12890.115835659237
S1P3,2019-11-19 14:30:00,0.25504751602904613,17738.898872801637,17.738898872801638,70.43995,-162.203,4860.093300478569,,-12878.805572323068
S1P3,2019-11-19 15:00:00,0.2161908488006052,17738.898872801637,17.738898872801638,70.43995,-162.203,4871.403563814738,,-12867.4953089869
S1P3,2019-11-19 15:30:00,0.23158764305691384,17738.898872801637,17.738898872801638,70.43995,-162.203,4882.713827150907,,-12856.18504565073
S1P3,2019-11-19 16:00:00,0.2357975765325717,17738.898872801637,17.738898872801638,70.43995,-162.203,4894.024090487075,,-12844.874782314562
S1P3,2019-11-19 16:30:00,0.19012536459955054,17738.898872801637,17.738898872801638,70.43995,-162.203,4905.334353823244,,-12833.564518978394
S1P3,2019-11-19 17:00:00,0.1563049750937818,17738.898872801637,17.738898872801638,70.43995,-162.203,4916.6446171594125,4.916644617159412,-12822.254255642225
S1P3,2019-11-19 17:30:00,0.1556117743490372,17738.898872801637,17.738898872801638,70.43995,-162.203,4916.6446171594125,4.916644617159412,-12822.254255642225
S1P3,2019-11-19 18:00:00,0.15564214717152638,17738.898872801637,17.738898872801638,70.43995,-162.203,4916.6446171594125,4.916644617159412,-12822.254255642225
S1P3,2019-11-19 18:30:00,0.10423027011140472,17738.898872801637,17.738898872801638,70.43995,-162.203,4916.6446171594125,4.916644617159412,-12822.254255642225
S1P3,2019-11-19 19:00:00,0.10515918160773148,17738.898872801637,17.738898872801638,70.43995,-162.203,4973.613364511624,,-12765.285508290013
S1P3,2019-11-19 19:30:00,0.11551153535924959,17738.898872801637,17.738898872801638,70.43995,-162.203,5030.582111863836,,-12708.316760937802
S1P3,2019-11-19 20:00:00,0.10348966503313237,17738.898872801637,17.738898872801638,70.43995,-162.203,5087.550859216048,,-12651.34801358559
S1P3,2019-11-19 20:30:00,0.12084675958451552,17738.898872801637,17.738898872801638,70.43995,-162.203,5144.519606568259,,-12594.379266233378
S1P3,2019-11-19 21:00:00,0.10317747274901827,17738.898872801637,17.738898872801638,70.43995,-162.203,5201.488353920471,,-12537.410518881166
S1P3,2019-11-19 21:30:00,0.09807045819966598,17738.898872801637,17.738898872801638,70.43995,-162.203,5258.457101272683,,-12480.441771528955
S1P3,2019-11-19 22:00:00,0.09244782454231076,17738.898872801637,17.738898872801638,70.43995,-162.203,5315.425848624895,,-12423.473024176743
S1P3,2019-11-19 22:30:00,0.10720219482356022,17738.898872801637,17.738898872801638,70.43995,-162.203,5372.394595977106,,-12366.504276824531
S1P3,2019-11-19 23:00:00,0.10572311114287629,17738.898872801637,17.738898872801638,70.43995,-162.203,5429.363343329317,,-12309.53552947232
S1P3,2019-11-19 23:30:00,0.10724090482475099,17738.898872801637,17.738898872801638,70.43995,-162.203,5486.332090681529,,-12252.56678212011
S1P3,2019-11-20 00:00:00,0.1255155423021651,17738.898872801637,17.738898872801638,70.43995,-162.203,5543.300838033741,,-12195.598034767896
S1P3,2019-11-20 00:30:00,0.10672977099196296,17738.898872801637,17.738898872801638,70.43995,-162.203,5600.269585385952,,-12138.629287415686
S1P3,2019-11-20 01:00:00,0.10458575350776743,17738.898872801637,17.738898872801638,70.43995,-162.203,5657.238332738164,,-12081.660540063473
S1P3,2019-11-20 01:30:00,0.09794798724910471,17738.898872801637,17.738898872801638,70.43995,-162.203,5714.207080090376,,-12024.691792711263
S1P3,2019-11-20 02:00:00,0.07823405056784516,17738.898872801637,17.738898872801638,70.43995,-162.203,5771.175827442587,,-11967.72304535905
S1P3,2019-11-20 02:30:00,0.06649742710002707,17738.898872801637,17.738898872801638,70.43995,-162.203,5828.144574794799,,-11910.75429800684
S1P3,2019-11-20 03:00:00,0.07331442051997918,17738.898872801637,17.738898872801638,70.43995,-162.203,5885.113322147011,,-11853.785550654626
S1P3,2019-11-20 03:30:00,0.05413141944352075,17738.898872801637,17.738898872801638,70.43995,-162.203,5942.082069499223,,-11796.816803302416
S1P3,2019-11-20 04:00:00,0.04703426869728676,17738.898872801637,17.738898872801638,70.43995,-162.203,5999.050816851434,,-11739.848055950202
S1P3,2019-11-20 04:30:00,0.045336191318878796,17738.898872801637,17.738898872801638,70.43995,-162.203,6056.019564203646,,-11682.879308597992
S1P3,2019-11-20 05:00:00,0.04379463418816027,17738.898872801637,17.738898872801638,70.43995,-162.203,6112.988311555858,,-11625.910561245779
S1P3,2019-11-20 05:30:00,0.05034929041920017,17738.898872801637,17.738898872801638,70.43995,-162.203,6169.957058908069,,-11568.941813893569
S1P3,2019-11-20 06:00:00,0.055672776187609185,17738.898872801637,17.738898872801638,70.43995,-162.203,6226.92580626028,,-11511.973066541357
S1P3,2019-11-20 06:30:00,0.06745825350377228,17738.898872801637,17.738898872801638,70.43995,-162.203,6283.894553612492,,-11455.004319189145
S1P3,2019-11-20 07:00:00,0.08410708899257077,17738.898872801637,17.738898872801638,70.43995,-162.203,6340.863300964704,,-11398.035571836934
S1P3,2019-11-20 07:30:00,0.10161467001074898,17738.898872801637,17.738898872801638,70.43995,-162.203,6397.8320483169155,,-11341.066824484722
S1P3,2019-11-20 08:00:00,0.11290126558102717,17738.898872801637,17.738898872801638,70.43995,-162.203,6454.800795669127,,-11284.09807713251
S1P3,2019-11-20 08:30:00,0.15010504784462153,17738.898872801637,17.738898872801638,70.43995,-162.203,6511.769543021339,,-11227.129329780299
S1P3,2019-11-20 09:00:00,0.18158731380537543,17738.898872801637,17.738898872801638,70.43995,-162.203,6568.738290373551,,-11170.160582428087
S1P3,2019-11-20 09:30:00,0.21363684775697087,17738.898872801637,17.738898872801638,70.43995,-162.203,6625.707037725762,,-11113.191835075875
S1P3,2019-11-20 10:00:00,0.20852391749669116,17738.898872801637,17.738898872801638,70.43995,-162.203,6682.675785077974,,-11056.223087723663
S1P3,2019-11-20 10:30:00,0.2615364899635109,17738.898872801637,17.738898872801638,70.43995,-162.203,6739.644532430186,,-10999.254340371452
S1P3,2019-11-20 11:00:00,0.23080159630957148,17738.898872801637,17.738898872801638,70.43995,-162.203,6796.6132797823975,,-10942.28559301924
S1P3,2019-11-20 11:30:00,0.25479134287046507,17738.898872801637,17.738898872801638,70.43995,-162.203,6853.582027134609,,-10885.316845667028
S1P3,2019-11-20 12:00:00,0.2653441569863302,17738.898872801637,17.738898872801638,70.43995,-162.203,6910.550774486821,,-10828.348098314817
S1P3,2019-11-20 12:30:00,0.2601976216160566,17738.898872801637,17.738898872801638,70.43995,-162.203,6967.519521839033,,-10771.379350962605
S1P3,2019-11-20 13:00:00,0.2719265955210509,17738.898872801637,17.738898872801638,70.43995,-162.203,7024.488269191244,,-10714.410603610393
S1P3,2019-11-20 13:30:00,0.45235347587991614,17738.898872801637,17.738898872801638,70.43995,-162.203,7081.457016543456,,-10657.441856258181
S1P3,2019-11-20 14:00:00,0.48786356989080376,17738.898872801637,17.738898872801638,70.43995,-162.203,7138.425763895668,,-10600.47310890597
S1P3,2019-11-20 14:30:00,0.53315468102126,17738.898872801637,17.738898872801638,70.43995,-162.203,7195.39451124788,,-10543.504361553758
S1P3,2019-11-20 15:00:00,0.47495733510924093,17738.898872801637,17.738898872801638,70.43995,-162.203,7252.363258600091,,-10486.535614201546
S1P3,2019-11-20 15:30:00,0.46385908094657274,17738.898872801637,17.738898872801638,70.43995,-162.203,7309.332005952303,,-10429.566866849334
S1P3,2019-11-20 16:00:00,0.5612593580669866,17738.898872801637,17.738898872801638,70.43995,-162.203,7366.300753304514,,-10372.598119497125
S1P3,2019-11-20 16:30:00,0.532263840599185,17738.898872801637,17.738898872801638,70.43995,-162.203,7423.2695006567255,,-10315.629372144911
S1P3,2019-11-20 17:00:00,0.5171309547308021,17738.898872801637,17.738898872801638,70.43995,-162.203,7480.238248008937,7.480238248008937,-10258.660624792701
S1P3,2019-11-20 17:30:00,0.48331703001945675,17738.898872801637,17.738898872801638,70.43995,-162.203,7480.238248008937,7.480238248008937,-10258.660624792701
S1P3,2019-11-20 18:00:00,0.4581604805254221,17738.898872801637,17.738898872801638,70.43995,-162.203,7480.238248008937,7.480238248008937,-10258.660624792701
S1P3,2019-11-20 18:30:00,0.43140504154967557,17738.898872801637,17.738898872801638,70.43995,-162.203,7480.238248008937,7.480238248008937,-10258.660624792701
S1P3,2019-11-20 19:00:00,0.4517124507652213,17738.898872801637,17.738898872801638,70.43995,-162.203,7524.205387320624,,-10214.693485481013
S1P3,2019-11-20 19:30:00,0.42570584708812326,17738.898872801637,17.738898872801638,70.43995,-162.203,7568.172526632311,,-10170.726346169326
S1P3,2019-11-20 20:00:00,0.4165751610895323,17738.898872801637,17.738898872801638,70.43995,-162.203,7612.139665943998,,-10126.75920685764
S1P3,2019-11-20 20:30:00,0.48984572089142236,17738.898872801637,17.738898872801638,70.43995,-162.203,7656.106805255685,,-10082.792067545954
S1P3,2019-11-20 21:00:00,0.5330573986913252,17738.898872801637,17.738898872801638,70.43995,-162.203,7700.073944567372,,-10038.824928234266
S1P3,2019-11-20 21:30:00,0.5567561497787946,17738.898872801637,17.738898872801638,70.43995,-162.203,7744.0410838790585,,-9994.857788922578
S1P3,2019-11-20 22:00:00,0.6092758289434368,17738.898872801637,17.738898872801638,70.43995,-162.203,7788.008223190745,,-9950.890649610892
S1P3,2019-11-20 22:30:00,0.5477743811379996,17738.898872801637,17.738898872801638,70.43995,-162.203,7831.975362502433,,-9906.923510299204
S1P3,2019-11-20 23:00:00,0.5417172503849247,17738.898872801637,17.738898872801638,70.43995,-162.203,7875.94250181412,,-9862.956370987518
S1P3,2019-11-20 23:30:00,0.6120722326488053,17738.898872801637,17.738898872801638,70.43995,-162.203,7919.909641125807,,-9818.98923167583
S1P3,2019-11-21 00:00:00,0.6365446828298044,17738.898872801637,17.738898872801638,70.43995,-162.203,7963.876780437494,,-9775.022092364143
S1P3,2019-11-21 00:30:00,0.5889423126348725,17738.898872801637,17.738898872801638,70.43995,-162.203,8007.843919749181,,-9731.054953052457
S1P3,2019-11-21 01:00:00,0.6879166768460964,17738.898872801637,17.738898872801638,70.43995,-162.203,8051.811059060868,,-9687.08781374077
S1P3,2019-11-21 01:30:00,0.6176054592343982,17738.898872801637,17.738898872801638,70.43995,-162.203,8095.7781983725545,,-9643.120674429083
S1P3,2019-11-21 02:00:00,0.7685359519235813,17738.898872801637,17.738898872801638,70.43995,-162.203,8139.745337684241,,-9599.153535117395
S1P3,2019-11-21 02:30:00,0.7441345383620999,17738.898872801637,17.738898872801638,70.43995,-162.203,8183.712476995928,,-9555.18639580571
S1P3,2019-11-21 03:00:00,0.6327946882072796,17738.898872801637,17.738898872801638,70.43995,-162.203,8227.679616307616,,-9511.219256494021
S1P3,2019-11-21 03:30:00,0.6519622454279755,17738.898872801637,17.738898872801638,70.43995,-162.203,8271.646755619302,,-9467.252117182335
S1P3,2019-11-21 04:00:00,0.9038146667615125,17738.898872801637,17.738898872801638,70.43995,-162.203,8315.61389493099,,-9423.284977870648
S1P3,2019-11-21 04:30:00,0.9029569486313967,17738.898872801637,17.738898872801638,70.43995,-162.203,8359.581034242676,,-9379.317838558962
S1P3,2019-11-21 05:00:00,0.853306657003092,17738.898872801637,17.738898872801638,70.43995,-162.203,8403.548173554364,,-9335.350699247274
S1P3,2019-11-21 05:30:00,0.8812458980549879,17738.898872801637,17.738898872801638,70.43995,-162.203,8447.51531286605,,-9291.383559935588
S1P3,2019-11-21 06:00:00,0.6690738604889913,17738.898872801637,17.738898872801638,70.43995,-162.203,8491.482452177737,,-9247.4164206239
S1P3,2019-11-21 06:30:00,0.5542861995739292,17738.898872801637,17.738898872801638,70.43995,-162.203,8535.449591489423,,-9203.449281312214
S1P3,2019-11-21 07:00:00,0.5023960045215194,17738.898872801637,17.738898872801638,70.43995,-162.203,8579.416730801111,,-9159.482142000526
S1P3,2019-11-21 07:30:00,0.459784297871329,17738.898872801637,17.738898872801638,70.43995,-162.203,8623.383870112797,,-9115.51500268884
S1P3,2019-11-21 08:00:00,0.46912517745096244,17738.898872801637,17.738898872801638,70.43995,-162.203,8667.351009424485,,-9071.547863377153
S1P3,2019-11-21 08:30:00,0.4271156889355356,17738.898872801637,17.738898872801638,70.43995,-162.203,8711.318148736173,,-9027.580724065465
S1P3,2019-11-21 09:00:00,0.41227459976041847,17738.898872801637,17.738898872801638,70.43995,-162.203,8755.285288047859,,-8983.613584753779
S1P3,2019-11-21 09:30:00,0.45211539621093877,17738.898872801637,17.738898872801638,70.43995,-162.203,8799.252427359546,,-8939.646445442091
S1P3,2019-11-21 10:00:00,0.4190610895952007,17738.898872801637,17.738898872801638,70.43995,-162.203,8843.219566671232,,-8895.679306130405
S1P3,2019-11-21 10:30:00,0.41490480114897227,17738.898872801637,17.738898872801638,70.43995,-162.203,8887.18670598292,,-8851.712166818717
S1P3,2019-11-21 11:00:00,0.40479409408474165,17738.898872801637,17.738898872801638,70.43995,-162.203,8931.153845294606,,-8807.745027507031
S1P3,2019-11-21 11:30:00,0.5124154100116011,17738.898872801637,17.738898872801638,70.43995,-162.203,8975.120984606294,,-8763.777888195344
S1P3,2019-11-21 12:00:00,0.6219527771867064,17738.898872801637,17.738898872801638,70.43995,-162.203,9019.08812391798,,-8719.810748883658
S1P3,2019-11-21 12:30:00,0.7911943819488041,17738.898872801637,17.738898872801638,70.43995,-162.203,9063.055263229668,,-8675.84360957197
S1P3,2019-11-21 13:00:00,0.8283572394345435,17738.898872801637,17.738898872801638,70.43995,-162.203,9107.022402541354,,-8631.876470260284
S1P3,2019-11-21 13:30:00,1.145210432094974,17738.898872801637,17.738898872801638,70.43995,-162.203,9150.989541853041,,-8587.909330948596
S1P3,2019-11-21 14:00:00,1.442545268403488,17738.898872801637,17.738898872801638,70.43995,-162.203,9194.956681164727,,-8543.94219163691
S1P3,2019-11-21 14:30:00,1.569623913009809,17738.898872801637,17.738898872801638,70.43995,-162.203,9238.923820476415,,-8499.975052325222
S1P3,2019-11-21 15:00:00,1.8559656592034737,17738.898872801637,17.738898872801638,70.43995,-162.203,9282.890959788103,,-8456.007913013535
S1P3,2019-11-21 15:30:00,2.0500672866385257,17738.898872801637,17.738898872801638,70.43995,-162.203,9326.858099099789,,-8412.040773701849
S1P3,2019-11-21 16:00:00,2.259132702988807,17738.898872801637,17.738898872801638,70.43995,-162.203,9370.825238411477,,-8368.07363439016
S1P3,2019-11-21 16:30:00,2.1969327873728406,17738.898872801637,17.738898872801638,70.43995,-162.203,9414.792377723163,,-8324.106495078475
S1P3,2019-11-21 17:00:00,2.250265693441335,17738.898872801637,17.738898872801638,70.43995,-162.203,9458.75951703485,,-8280.139355766787
S1P3,2019-11-21 17:30:00,2.3465530359011595,17738.898872801637,17.738898872801638,70.43995,-162.203,9502.726656346536,,-8236.172216455101
S1P3,2019-11-21 18:00:00,2.308138216195479,17738.898872801637,17.738898872801638,70.43995,-162.203,9546.693795658224,,-8192.205077143413
S1P3,2019-11-21 18:30:00,2.6501574252720017,17738.898872801637,17.738898872801638,70.43995,-162.203,9590.66093496991,,-8148.237937831727
S1P3,2019-11-21 19:00:00,2.508168300960418,17738.898872801637,17.738898872801638,70.43995,-162.203,9634.628074281598,,-8104.2707985200395
S1P3,2019-11-21 19:30:00,2.5114767636070705,17738.898872801637,17.738898872801638,70.43995,-162.203,9678.595213593284,,-8060.303659208354
S1P3,2019-11-21 20:00:00,2.5670170778855756,17738.898872801637,17.738898872801638,70.43995,-162.203,9722.562352904972,,-8016.336519896666
S1P3,2019-11-21 20:30:00,2.572401077199914,17738.898872801637,17.738898872801638,70.43995,-162.203,9766.529492216658,,-7972.36938058498
S1P3,2019-11-21 21:00:00,2.518280519009908,17738.898872801637,17.738898872801638,70.43995,-162.203,9810.496631528345,,-7928.402241273292
S1P3,2019-11-21 21:30:00,2.6776942908281898,17738.898872801637,17.738898872801638,70.43995,-162.203,9854.463770840033,,-7884.435101961604
S1P3,2019-11-21 22:00:00,2.535437640893528,17738.898872801637,17.738898872801638,70.43995,-162.203,9898.43091015172,,-7840.467962649918
S1P3,2019-11-21 22:30:00,2.2934846320627087,17738.898872801637,17.738898872801638,70.43995,-162.203,9942.398049463405,,-7796.500823338232
S1P3,2019-11-21 23:00:00,2.3779144997638633,17738.898872801637,17.738898872801638,70.43995,-162.203,9986.365188775093,,-7752.5336840265445
S1P3,2019-11-21 23:30:00,2.342728498594863,17738.898872801637,17.738898872801638,70.43995,-162.203,10030.33232808678,,-7708.566544714857
S1P3,2019-11-22 00:00:00,2.300054012107528,17738.898872801637,17.738898872801638,70.43995,-162.203,10074.299467398467,,-7664.599405403171
S1P3,2019-11-22 00:30:00,2.2506720076880327,17738.898872801637,17.738898872801638,70.43995,-162.203,10118.266606710155,,-7620.632266091483
S1P3,2019-11-22 01:00:00,2.2488227513173515,17738.898872801637,17.738898872801638,70.43995,-162.203,10162.23374602184,,-7576.665126779797
S1P3,2019-11-22 01:30:00,2.106991719806456,17738.898872801637,17.738898872801638,70.43995,-162.203,10206.200885333528,,-7532.697987468109
S1P3,2019-11-22 02:00:00,2.253702446210586,17738.898872801637,17.738898872801638,70.43995,-162.203,10250.168024645214,,-7488.730848156423
S1P3,2019-11-22 02:30:00,2.1451948289404665,17738.898872801637,17.738898872801638,70.43995,-162.203,10294.135163956902,,-7444.763708844735
S1P3,2019-11-22 03:00:00,2.312715210192779,17738.898872801637,17.738898872801638,70.43995,-162.203,10338.102303268588,,-7400.7965695330495
S1P3,2019-11-22 03:30:00,2.254773792264846,17738.898872801637,17.738898872801638,70.43995,-162.203,10382.069442580276,10.382069442580276,-7356.829430221362
S1P3,2019-11-22 04:00:00,2.169640647074834,17738.898872801637,17.738898872801638,70.43995,-162.203,10382.069442580276,10.382069442580276,-7356.829430221362
S1P3,2019-11-22 04:30:00,2.191452764072197,17738.898872801637,17.738898872801638,70.43995,-162.203,10382.069442580276,10.382069442580276,-7356.829430221362
S1P3,2019-11-22 05:00:00,1.8993495340715885,17738.898872801637,17.738898872801638,70.43995,-162.203,10382.069442580276,10.382069442580276,-7356.829430221362
S1P3,2019-11-22 05:30:00,2.0170060143124915,17738.898872801637,17.738898872801638,70.43995,-162.203,10323.030676229526,,-7415.868196572112
S1P3,2019-11-22 06:00:00,1.9553664977791914,17738.898872801637,17.738898872801638,70.43995,-162.203,10263.991909878776,,-7474.906962922862
S1P3,2019-11-22 06:30:00,1.7554216131408689,17738.898872801637,17.738898872801638,70.43995,-162.203,10204.953143528026,,-7533.9457292736115
S1P3,2019-11-22 07:00:00,1.6803105955233328,17738.898872801637,17.738898872801638,70.43995,-162.203,10145.914377177276,,-7592.984495624361
S1P3,2019-11-22 07:30:00,1.7147814846090685,17738.898872801637,17.738898872801638,70.43995,-162.203,10086.875610826526,,-7652.023261975111
S1P3,2019-11-22 08:00:00,1.601186579314651,17738.898872801637,17.738898872801638,70.43995,-162.203,10027.836844475776,,-7711.062028325861
S1P3,2019-11-22 08:30:00,1.680171379532703,17738.898872801637,17.738898872801638,70.43995,-162.203,9968.798078125026,,-7770.100794676611
S1P3,2019-11-22 09:00:00,1.593767318609644,17738.898872801637,17.738898872801638,70.43995,-162.203,9909.759311774276,,-7829.139561027361
S1P3,2019-11-22 09:30:00,1.6657021058652384,17738.898872801637,17.738898872801638,70.43995,-162.203,9850.720545423526,,-7888.178327378111
S1P3,2019-11-22 10:00:00,1.6284843051981888,17738.898872801637,17.738898872801638,70.43995,-162.203,9791.681779072776,,-7947.217093728861
S1P3,2019-11-22 10:30:00,1.4969811623304643,17738.898872801637,17.738898872801638,70.43995,-162.203,9732.643012722028,,-8006.255860079609
S1P3,2019-11-22 11:00:00,1.6242815810966398,17738.898872801637,17.738898872801638,70.43995,-162.203,9673.604246371278,,-8065.294626430359
S1P3,2019-11-22 11:30:00,1.6368290149283138,17738.898872801637,17.738898872801638,70.43995,-162.203,9614.565480020528,,-8124.333392781109
S1P3,2019-11-22 12:00:00,1.4170551446712485,17738.898872801637,17.738898872801638,70.43995,-162.203,9555.526713669778,,-8183.372159131859
S1P3,2019-11-22 12:30:00,1.5071963412443348,17738.898872801637,17.738898872801638,70.43995,-162.203,9496.487947319029,,-8242.410925482609
S1P3,2019-11-22 13:00:00,1.3092187857951636,17738.898872801637,17.738898872801638,70.43995,-162.203,9437.449180968279,,-8301.449691833359
S1P3,2019-11-22 13:30:00,1.426961432246356,17738.898872801637,17.738898872801638,70.43995,-162.203,9378.410414617529,,-8360.488458184109
S1P3,2019-11-22 14:00:00,1.4663212983609504,17738.898872801637,17.738898872801638,70.43995,-162.203,9319.371648266779,,-8419.527224534859
S1P3,2019-11-22 14:30:00,1.375417995754298,17738.898872801637,17.738898872801638,70.43995,-162.203,9260.332881916029,,-8478.565990885609
S1P3,2019-11-22 15:00:00,1.3355794019546188,17738.898872801637,17.738898872801638,70.43995,-162.203,9201.294115565279,,-8537.604757236359
S1P3,2019-11-22 15:30:00,1.3378524609161375,17738.898872801637,17.738898872801638,70.43995,-162.203,9142.255349214529,,-8596.643523587109
S1P3,2019-11-22 16:00:00,1.3177712399891492,17738.898872801637,17.738898872801638,70.43995,-162.203,9083.216582863779,,-8655.682289937859
S1P3,2019-11-22 16:30:00,1.4249450933254126,17738.898872801637,17.738898872801638,70.43995,-162.203,9024.177816513029,,-8714.721056288608
S1P3,2019-11-22 17:00:00,1.4089045728771266,17738.898872801637,17.738898872801638,70.43995,-162.203,8965.13905016228,,-8773.759822639358
S1P3,2019-11-22 17:30:00,1.4816351432328585,17738.898872801637,17.738898872801638,70.43995,-162.203,8906.10028381153,,-8832.798588990108
S1P3,2019-11-22 18:00:00,1.4985064122208753,17738.898872801637,17.738898872801638,70.43995,-162.203,8847.06151746078,,-8891.837355340858
S1P3,2019-11-22 18:30:00,1.5592908571152397,17738.898872801637,17.738898872801638,70.43995,-162.203,8788.02275111003,,-8950.876121691608
S1P3,2019-11-22 19:00:00,1.4809099073135712,17738.898872801637,17.738898872801638,70.43995,-162.203,8728.983984759281,,-9009.914888042356
S1P3,2019-11-22 19:30:00,1.526196819307413,17738.898872801637,17.738898872801638,70.43995,-162.203,8669.945218408531,,-9068.953654393106
S1P3,2019-11-22 20:00:00,1.3038073792922098,17738.898872801637,17.738898872801638,70.43995,-162.203,8610.906452057781,,-9127.992420743856
S1P3,2019-11-22 20:30:00,1.2801364450206576,17738.898872801637,17.738898872801638,70.43995,-162.203,8551.867685707031,,-9187.031187094606
S1P3,2019-11-22 21:00:00,1.3917377130302377,17738.898872801637,17.738898872801638,70.43995,-162.203,8492.828919356281,,-9246.069953445356
S1P3,2019-11-22 21:30:00,1.3085648742225773,17738.898872801637,17.738898872801638,70.43995,-162.203,8433.790153005531,,-9305.108719796106
S1P3,2019-11-22 22:00:00,1.3001004823469344,17738.898872801637,17.738898872801638,70.43995,-162.203,8374.751386654782,,-9364.147486146856
S1P3,2019-11-22 22:30:00,1.2933819356478375,17738.898872801637,17.738898872801638,70.43995,-162.203,8315.712620304032,,-9423.186252497606
S1P3,2019-11-22 23:00:00,1.2420633810402009,17738.898872801637,17.738898872801638,70.43995,-162.203,8256.673853953282,,-9482.225018848356
S1P3,2019-11-22 23:30:00,1.420011757278761,17738.898872801637,17.738898872801638,70.43995,-162.203,8197.635087602532,,-9541.263785199106
S1P3,2019-11-23 00:00:00,1.369758020533977,17738.898872801637,17.738898872801638,70.43995,-162.203,8138.596321251782,,-9600.302551549856
S1P3,2019-11-23 00:30:00,1.4600018893024127,17738.898872801637,17.738898872801638,70.43995,-162.203,8079.557554901032,,-9659.341317900606
S1P3,2019-11-23 01:00:00,1.6329107517948507,17738.898872801637,17.738898872801638,70.43995,-162.203,8020.518788550282,,-9718.380084251356
S1P3,2019-11-23 01:30:00,1.4352691238586097,17738.898872801637,17.738898872801638,70.43995,-162.203,7961.480022199532,,-9777.418850602106
S1P3,2019-11-23 02:00:00,1.5725517149277912,17738.898872801637,17.738898872801638,70.43995,-162.203,7902.441255848782,,-9836.457616952855
S1P3,2019-11-23 02:30:00,1.7023178152727119,17738.898872801637,17.738898872801638,70.43995,-162.203,7843.402489498032,,-9895.496383303605
S1P3,2019-11-23 03:00:00,1.615127351085925,17738.898872801637,17.738898872801638,70.43995,-162.203,7784.363723147282,,-9954.535149654355
S1P3,2019-11-23 03:30:00,1.6716352459832202,17738.898872801637,17.738898872801638,70.43995,-162.203,7725.324956796532,,-10013.573916005105
S1P3,2019-11-23 04:00:00,1.7672241443870789,17738.898872801637,17.738898872801638,70.43995,-162.203,7666.286190445783,,-10072.612682355855
S1P3,2019-11-23 04:30:00,1.7227824090385115,17738.898872801637,17.738898872801638,70.43995,-162.203,7607.247424095033,,-10131.651448706605
S1P3,2019-11-23 05:00:00,1.9596529072963995,17738.898872801637,17.738898872801638,70.43995,-162.203,7548.208657744283,,-10190.690215057355
S1P3,2019-11-23 05:30:00,1.810389271221027,17738.898872801637,17.738898872801638,70.43995,-162.203,7489.169891393533,,-10249.728981408105
S1P3,2019-11-23 06:00:00,1.7145591570722203,17738.898872801637,17.738898872801638,70.43995,-162.203,7430.131125042783,,-10308.767747758855
S1P3,2019-11-23 06:30:00,1.6283743541214386,17738.898872801637,17.738898872801638,70.43995,-162.203,7371.092358692034,,-10367.806514109603
S1P3,2019-11-23 07:00:00,1.6122199003715894,17738.898872801637,17.738898872801638,70.43995,-162.203,7312.0535923412845,,-10426.845280460353
S1P3,2019-11-23 07:30:00,1.5381707497650312,17738.898872801637,17.738898872801638,70.43995,-162.203,7253.0148259905345,,-10485.884046811103
S1P3,2019-11-23 08:00:00,1.5724447230800074,17738.898872801637,17.738898872801638,70.43995,-162.203,7193.976059639785,,-10544.922813161853
S1P3,2019-11-23 08:30:00,1.5347452495507248,17738.898872801637,17.738898872801638,70.43995,-162.203,7134.937293289035,,-10603.961579512603
S1P3,2019-11-23 09:00:00,1.6002687068816914,17738.898872801637,17.738898872801638,70.43995,-162.203,7075.898526938285,,-10663.000345863353
S1P3,2019-11-23 09:30:00,1.5341713798178345,17738.898872801637,17.738898872801638,70.43995,-162.203,7016.859760587535,,-10722.039112214103
S1P3,2019-11-23 10:00:00,1.6096079997123651,17738.898872801637,17.738898872801638,70.43995,-162.203,6957.820994236785,,-10781.077878564853
S1P3,2019-11-23 10:30:00,1.5831412322453624,17738.898872801637,17.738898872801638,70.43995,-162.203,6898.782227886035,,-10840.116644915603
S1P3,2019-11-23 11:00:00,1.6410385916888772,17738.898872801637,17.738898872801638,70.43995,-162.203,6839.743461535285,,-10899.155411266353
S1P3,2019-11-23 11:30:00,1.5205039566950125,17738.898872801637,17.738898872801638,70.43995,-162.203,6780.704695184535,,-10958.194177617102
S1P3,2019-11-23 12:00:00,1.5427707862189735,17738.898872801637,17.738898872801638,70.43995,-162.203,6721.665928833785,,-11017.232943967852
S1P3,2019-11-23 12:30:00,1.5891326461142834,17738.898872801637,17.738898872801638,70.43995,-162.203,6662.627162483035,,-11076.271710318602
S1P3,2019-11-23 13:00:00,1.561625315954463,17738.898872801637,17.738898872801638,70.43995,-162.203,6603.588396132285,,-11135.310476669352
S1P3,2019-11-23 13:30:00,1.5604106053060087,17738.898872801637,17.738898872801638,70.43995,-162.203,6544.549629781536,,-11194.3492430201
S1P3,2019-11-23 14:00:00,1.5315991372483015,17738.898872801637,17.738898872801638,70.43995,-162.203,6485.510863430786,,-11253.38800937085
S1P3,2019-11-23 14:30:00,1.5925876139919741,17738.898872801637,17.738898872801638,70.43995,-162.203,6426.472097080036,,-11312.4267757216
S1P3,2019-11-23 15:00:00,1.6499406308531352,17738.898872801637,17.738898872801638,70.43995,-162.203,6367.433330729286,,-11371.46554207235
S1P3,2019-11-23 15:30:00,1.619243411923481,17738.898872801637,17.738898872801638,70.43995,-162.203,6308.394564378536,,-11430.5043084231
S1P3,2019-11-23 16:00:00,1.6475957076188454,17738.898872801637,17.738898872801638,70.43995,-162.203,6249.3557980277865,,-11489.54307477385
S1P3,2019-11-23 16:30:00,1.490065653232342,17738.898872801637,17.738898872801638,70.43995,-162.203,6190.3170316770365,,-11548.5818411246
S1P3,2019-11-23 17:00:00,1.480688246873225,17738.898872801637,17.738898872801638,70.43995,-162.203,6131.2782653262875,,-11607.62060747535
S1P3,2019-11-23 17:30:00,1.653815994751514,17738.898872801637,17.738898872801638,70.43995,-162.203,6072.239498975538,,-11666.6593738261
S1P3,2019-11-23 18:00:00,1.552228121427447,17738.898872801637,17.738898872801638,70.43995,-162.203,6013.200732624788,,-11725.69814017685
S1P3,2019-11-23 18:30:00,1.5327231173616214,17738.898872801637,17.738898872801638,70.43995,-162.203,5954.161966274038,,-11784.7369065276
S1P3,2019-11-23 19:00:00,1.534131944256813,17738.898872801637,17.738898872801638,70.43995,-162.203,5895.123199923288,,-11843.77567287835
S1P3,2019-11-23 19:30:00,1.5045040749761316,17738.898872801637,17.738898872801638,70.43995,-162.203,5836.084433572538,,-11902.8144392291
S1P3,2019-11-23 20:00:00,1.516416826349902,17738.898872801637,17.738898872801638,70.43995,-162.203,5777.045667221788,,-11961.85320557985
S1P3,2019-11-23 20:30:00,1.4834367143857479,17738.898872801637,17.738898872801638,70.43995,-162.203,5718.006900871038,,-12020.8919719306
S1P3,2019-11-23 21:00:00,1.602244507979654,17738.898872801637,17.738898872801638,70.43995,-162.203,5658.968134520288,,-12079.93073828135
S1P3,2019-11-23 21:30:00,1.667736759351538,17738.898872801637,17.738898872801638,70.43995,-162.203,5599.929368169538,,-12138.9695046321
S1P3,2019-11-23 22:00:00,1.7296962671060059,17738.898872801637,17.738898872801638,70.43995,-162.203,5540.890601818789,,-12198.00827098285
S1P3,2019-11-23 22:30:00,1.5843139314477412,17738.898872801637,17.738898872801638,70.43995,-162.203,5481.851835468039,,-12257.0470373336
S1P3,2019-11-23 23:00:00,1.720560603567689,17738.898872801637,17.738898872801638,70.43995,-162.203,5422.813069117289,,-12316.08580368435
S1P3,2019-11-23 23:30:00,1.5772518686472798,17738.898872801637,17.738898872801638,70.43995,-162.203,5363.774302766539,,-12375.1245700351
S1P3,2019-11-24 00:00:00,1.575681477650432,17738.898872801637,17.738898872801638,70.43995,-162.203,5304.735536415789,,-12434.16333638585
S1P3,2019-11-24 00:30:00,1.533111242851851,17738.898872801637,17.738898872801638,70.43995,-162.203,5245.696770065039,,-12493.202102736599
S1P3,2019-11-24 01:00:00,1.586294362233816,17738.898872801637,17.738898872801638,70.43995,-162.203,5186.658003714289,,-12552.240869087349
S1P3,2019-11-24 01:30:00,1.6342273220758146,17738.898872801637,17.738898872801638,70.43995,-162.203,5127.6192373635395,,-12611.279635438099
S1P3,2019-11-24 02:00:00,1.489879760402585,17738.898872801637,17.738898872801638,70.43995,-162.203,5068.5804710127895,,-12670.318401788849
S1P3,2019-11-24 02:30:00,1.6465319352342256,17738.898872801637,17.738898872801638,70.43995,-162.203,5009.5417046620405,,-12729.357168139597
S1P3,2019-11-24 03:00:00,1.3471954516592295,17738.898872801637,17.738898872801638,70.43995,-162.203,4950.502938311291,,-12788.395934490347
S1P3,2019-11-24 03:30:00,1.508655576950044,17738.898872801637,17.738898872801638,70.43995,-162.203,4891.464171960541,,-12847.434700841097
S1P3,2019-11-24 04:00:00,1.5010510772058314,17738.898872801637,17.738898872801638,70.43995,-162.203,4832.425405609791,,-12906.473467191847
S1P3,2019-11-24 04:30:00,1.512300011590782,17738.898872801637,17.738898872801638,70.43995,-162.203,4773.386639259041,,-12965.512233542597
S1P3,2019-11-24 05:00:00,1.4026791165691948,17738.898872801637,17.738898872801638,70.43995,-162.203,4714.347872908291,,-13024.550999893347
S1P3,2019-11-24 05:30:00,1.6645422607131333,17738.898872801637,17.738898872801638,70.43995,-162.203,4655.309106557541,,-13083.589766244097
S1P3,2019-11-24 06:00:00,1.7068892085110805,17738.898872801637,17.738898872801638,70.43995,-162.203,4596.270340206791,,-13142.628532594847
S1P3,2019-11-24 06:30:00,1.5683811998344892,17738.898872801637,17.738898872801638,70.43995,-162.203,4537.231573856041,,-13201.667298945596
S1P3,2019-11-24 07:00:00,1.7140022721546497,17738.898872801637,17.738898872801638,70.43995,-162.203,4478.192807505291,,-13260.706065296346
S1P3,2019-11-24 07:30:00,1.68663127526631,17738.898872801637,17.738898872801638,70.43995,-162.203,4419.154041154542,,-13319.744831647095
S1P3,2019-11-24 08:00:00,1.8645046164272099,17738.898872801637,17.738898872801638,70.43995,-162.203,4360.115274803792,,-13378.783597997844
S1P3,2019-11-24 08:30:00,1.6794416678504653,17738.898872801637,17.738898872801638,70.43995,-162.203,4301.076508453042,,-13437.822364348594
S1P3,2019-11-24 09:00:00,1.7332344525334031,17738.898872801637,17.738898872801638,70.43995,-162.203,4242.037742102292,,-13496.861130699344
S1P3,2019-11-24 09:30:00,1.6854519206956886,17738.898872801637,17.738898872801638,70.43995,-162.203,4182.998975751542,,-13555.899897050094
S1P3,2019-11-24 10:00:00,1.6834837437311974,17738.898872801637,17.738898872801638,70.43995,-162.203,4123.960209400792,,-13614.938663400844
S1P3,2019-11-24 10:30:00,1.5424531136939346,17738.898872801637,17.738898872801638,70.43995,-162.203,4064.9214430500424,,-13673.977429751594
S1P3,2019-11-24 11:00:00,1.6224837339319795,17738.898872801637,17.738898872801638,70.43995,-162.203,4005.8826766992925,,-13733.016196102344
S1P3,2019-11-24 11:30:00,1.7959085900668434,17738.898872801637,17.738898872801638,70.43995,-162.203,3946.8439103485425,,-13792.054962453094
S1P3,2019-11-24 12:00:00,1.8681080974915885,17738.898872801637,17.738898872801638,70.43995,-162.203,3887.8051439977926,,-13851.093728803844
S1P3,2019-11-24 12:30:00,1.6364426122343796,17738.898872801637,17.738898872801638,70.43995,-162.203,3828.7663776470436,,-13910.132495154594
S1P3,2019-11-24 13:00:00,1.7425360071137472,17738.898872801637,17.738898872801638,70.43995,-162.203,3769.7276112962936,,-13969.171261505344
S1P3,2019-11-24 13:30:00,1.7342630324385007,17738.898872801637,17.738898872801638,70.43995,-162.203,3710.6888449455437,,-14028.210027856094
S1P3,2019-11-24 14:00:00,1.7988089944113337,17738.898872801637,17.738898872801638,70.43995,-162.203,3651.6500785947937,,-14087.248794206844
S1P3,2019-11-24 14:30:00,1.7449194766928742,17738.898872801637,17.738898872801638,70.43995,-162.203,3592.611312244044,,-14146.287560557594
S1P3,2019-11-24 15:00:00,1.723021459486499,17738.898872801637,17.738898872801638,70.43995,-162.203,3533.572545893294,,-14205.326326908344
S1P3,2019-11-24 15:30:00,1.73615398425451,17738.898872801637,17.738898872801638,70.43995,-162.203,3474.533779542544,,-14264.365093259094
S1P3,2019-11-24 16:00:00,1.6032727202139203,17738.898872801637,17.738898872801638,70.43995,-162.203,3415.495013191794,,-14323.403859609843
S1P3,2019-11-24 16:30:00,1.6752421145511522,17738.898872801637,17.738898872801638,70.43995,-162.203,3356.456246841044,,-14382.442625960593
S1P3,2019-11-24 17:00:00,1.6795028088677117,17738.898872801637,17.738898872801638,70.43995,-162.203,3297.417480490295,,-14441.481392311343
S1P3,2019-11-24 17:30:00,1.4334715143189138,17738.898872801637,17.738898872801638,70.43995,-162.203,3238.378714139545,,-14500.520158662093
S1P3,2019-11-24 18:00:00,1.4455232606827906,17738.898872801637,17.738898872801638,70.43995,-162.203,3179.339947788795,,-14559.558925012843
S1P3,2019-11-24 18:30:00,1.5787304469750916,17738.898872801637,17.738898872801638,70.43995,-162.203,3120.301181438045,,-14618.597691363593
S1P3,2019-11-24 19:00:00,1.5755011748943264,17738.898872801637,17.738898872801638,70.43995,-162.203,3061.2624150872953,,-14677.636457714343
S1P3,2019-11-24 19:30:00,,17738.898872801637,17.738898872801638,70.43995,-162.203,3002.2236487365453,,-14736.675224065093
S1P3,2019-11-24 20:00:00,,17738.898872801637,17.738898872801638,70.43995,-162.203,2943.1848823857954,,-14795.713990415843
S1P3,2019-11-24 20:30:00,,17738.898872801637,17.738898872801638,70.43995,-162.203,2884.1461160350455,,-14854.752756766593
S1P3,2019-11-24 21:00:00,,17738.898872801637,17.738898872801638,70.43995,-162.203,2825.1073496842955,,-14913.791523117343
S1P3,2019-11-24 21:30:00,,17738.898872801637,17.738898872801638,70.43995,-162.203,2766.0685833335456,,-14972.830289468093
S1P3,2019-11-24 22:00:00,,17738.898872801637,17.738898872801638,70.43995,-162.203,2707.0298169827965,,-15031.869055818841
S1P3,2019-11-24 22:30:00,,17738.898872801637,17.738898872801638,70.43995,-162.203,2647.9910506320466,,-15090.90782216959
S1P3,2019-11-24 23:00:00,,17738.898872801637,17.738898872801638,70.43995,-162.203,2588.9522842812967,,-15149.94658852034
S1P3,2019-11-24 23:30:00,,17738.898872801637,17.738898872801638,70.43995,-162.203,2529.9135179305467,,-15208.98535487109
S1P3,2019-11-25 00:00:00,,17738.898872801637,17.738898872801638,70.43995,-162.203,2470.874751579797,,-15268.02412122184
S1P3,2019-11-25 00:30:00,,17738.898872801637,17.738898872801638,70.43995,-162.203,2411.835985229047,,-15327.06288757259
S1P3,2019-11-25 01:00:00,,17738.898872801637,17.738898872801638,70.43995,-162.203,2352.797218878297,,-15386.10165392334
S1P3,2019-11-25 01:30:00,,17738.898872801637,17.738898872801638,70.43995,-162.203,2293.758452527547,,-15445.14042027409
S1P3,2019-11-25 02:00:00,,17738.898872801637,17.738898872801638,70.43995,-162.203,2234.719686176797,,-15504.17918662484
S1P3,2019-11-25 02:30:00,,17738.898872801637,17.738898872801638,70.43995,-162.203,2175.680919826047,,-15563.21795297559
S1P3,2019-11-25 03:00:00,,17738.898872801637,17.738898872801638,70.43995,-162.203,2116.642153475297,,-15622.25671932634
S1P3,2019-11-25 03:30:00,,17738.898872801637,17.738898872801638,70.43995,-162.203,2057.6033871245477,2.057603387124548,-15681.29548567709
S1P3,2019-11-25 04:00:00,,17738.898872801637,17.738898872801638,70.43995,-162.203,2057.6033871245477,2.057603387124548,-15681.29548567709
S1P3,2019-11-25 04:30:00,,17738.898872801637,17.738898872801638,70.43995,-162.203,2057.6033871245477,2.057603387124548,-15681.29548567709
S1P3,2019-11-25 05:00:00,,17738.898872801637,17.738898872801638,70.43995,-162.203,2057.6033871245477,2.057603387124548,-15681.29548567709
S1P3,2019-11-25 05:30:00,,17738.898872801637,17.738898872801638,70.43995,-162.203,2228.357283093756,,-15510.541589707882
S1P3,2019-11-25 06:00:00,,17738.898872801637,17.738898872801638,70.43995,-162.203,2399.1111790629643,,-15339.787693738674
S1P3,2019-11-25 06:30:00,,17738.898872801637,17.738898872801638,70.43995,-162.203,2569.8650750321726,,-15169.033797769465
S1P3,2019-11-25 07:00:00,,17738.898872801637,17.738898872801638,70.43995,-162.203,2740.6189710013814,,-14998.279901800255
S1P3,2019-11-25 07:30:00,,17738.898872801637,17.738898872801638,70.43995,-162.203,2911.3728669705897,,-14827.526005831049
S1P3,2019-11-25 08:00:00,,17738.898872801637,17.738898872801638,70.43995,-162.203,3082.126762939798,,-14656.772109861839
S1P3,2019-11-25 08:30:00,,17738.898872801637,17.738898872801638,70.43995,-162.203,3252.8806589090063,,-14486.018213892632
S1P3,2019-11-25 09:00:00,,17738.898872801637,17.738898872801638,70.43995,-162.203,3423.6345548782147,,-14315.264317923422
S1P3,2019-11-25 09:30:00,,17738.898872801637,17.738898872801638,70.43995,-162.203,3594.388450847423,,-14144.510421954215
S1P3,2019-11-25 10:00:00,,17738.898872801637,17.738898872801638,70.43995,-162.203,3765.1423468166313,,-13973.756525985005
S1P3,2019-11-25 10:30:00,,17738.898872801637,17.738898872801638,70.43995,-162.203,3935.8962427858396,,-13803.002630015799
S1P3,2019-11-25 11:00:00,,17738.898872801637,17.738898872801638,70.43995,-162.203,4106.650138755048,,-13632.248734046589
S1P3,2019-11-25 11:30:00,,17738.898872801637,17.738898872801638,70.43995,-162.203,4277.404034724256,,-13461.494838077382
S1P3,2019-11-25 12:00:00,,17738.898872801637,17.738898872801638,70.43995,-162.203,4448.157930693465,,-13290.740942108172
S1P3,2019-11-25 12:30:00,,17738.898872801637,17.738898872801638,70.43995,-162.203,4618.911826662674,,-13119.987046138964
S1P3,2019-11-25 13:00:00,,17738.898872801637,17.738898872801638,70.43995,-162.203,4789.665722631882,,-12949.233150169755
S1P3,2019-11-25 13:30:00,,17738.898872801637,17.738898872801638,70.43995,-162.203,4960.41961860109,,-12778.479254200547
S1P3,2019-11-25 14:00:00,,17738.898872801637,17.738898872801638,70.43995,-162.203,5131.173514570299,,-12607.725358231339
S1P3,2019-11-25 14:30:00,,17738.898872801637,17.738898872801638,70.43995,-162.203,5301.927410539507,,-12436.97146226213
S1P3,2019-11-25 15:00:00,,17738.898872801637,17.738898872801638,70.43995,-162.203,5472.681306508715,,-12266.217566292922
S1P3,2019-11-25 15:30:00,,17738.898872801637,17.738898872801638,70.43995,-162.203,5643.435202477924,,-12095.463670323714
S1P3,2019-11-25 16:00:00,,17738.898872801637,17.738898872801638,70.43995,-162.203,5814.189098447132,,-11924.709774354505
S1P3,2019-11-25 16:30:00,,17738.898872801637,17.738898872801638,70.43995,-162.203,5984.94299441634,,-11753.955878385297
S1P3,2019-11-25 17:00:00,,17738.898872801637,17.738898872801638,70.43995,-162.203,6155.696890385549,,-11583.201982416089
S1P3,2019-11-25 17:30:00,,17738.898872801637,17.738898872801638,70.43995,-162.203,6326.450786354757,,-11412.44808644688
S1P3,2019-11-25 18:00:00,,17738.898872801637,17.738898872801638,70.43995,-162.203,6497.204682323965,,-11241.694190477672
S1P3,2019-11-25 18:30:00,,17738.898872801637,17.738898872801638,70.43995,-162.203,6667.958578293174,,-11070.940294508464
S1P3,2019-11-25 19:00:00,,17738.898872801637,17.738898872801638,70.43995,-162.203,6838.712474262382,,-10900.186398539256
S1P3,2019-11-25 19:30:00,,17738.898872801637,17.738898872801638,70.43995,-162.203,7009.46637023159,,-10729.432502570047
S1P3,2019-11-25 20:00:00,,17738.898872801637,17.738898872801638,70.43995,-162.203,7180.2202662007985,,-10558.678606600839
S1P3,2019-11-25 20:30:00,,17738.898872801637,17.738898872801638,70.43995,-162.203,7350.974162170007,,-10387.92471063163
S1P3,2019-11-25 21:00:00,,17738.898872801637,17.738898872801638,70.43995,-162.203,7521.728058139215,,-10217.170814662422
S1P3,2019-11-25 21:30:00,,17738.898872801637,17.738898872801638,70.43995,-162.203,7692.481954108423,,-10046.416918693214
S1P3,2019-11-25 22:00:00,,17738.898872801637,17.738898872801638,70.43995,-162.203,7863.235850077632,,-9875.663022724006
S1P3,2019-11-25 22:30:00,,17738.898872801637,17.738898872801638,70.43995,-162.203,8033.98974604684,,-9704.909126754797
S1P3,2019-11-25 23:00:00,,17738.898872801637,17.738898872801638,70.43995,-162.203,8204.743642016048,,-9534.155230785589
S1P3,2019-11-25 23:30:00,,17738.898872801637,17.738898872801638,70.43995,-162.203,8375.497537985257,,-9363.40133481638
S1P3,2019-11-26 00:00:00,,17738.898872801637,17.738898872801638,70.43995,-162.203,8546.251433954465,,-9192.647438847172
S1P3,2019-11-26 00:30:00,,17738.898872801637,17.738898872801638,70.43995,-162.203,8717.005329923673,,-9021.893542877964
S1P3,2019-11-26 01:00:00,,17738.898872801637,17.738898872801638,70.43995,-162.203,8887.759225892882,,-8851.139646908756
S1P3,2019-11-26 01:30:00,,17738.898872801637,17.738898872801638,70.43995,-162.203,9058.51312186209,,-8680.385750939548
S1P3,2019-11-26 02:00:00,,17738.898872801637,17.738898872801638,70.43995,-162.203,9229.267017831298,,-8509.63185497034
S1P3,2019-11-26 02:30:00,,17738.898872801637,17.738898872801638,70.43995,-162.203,9400.020913800507,,-8338.87795900113
S1P3,2019-11-26 03:00:00,,17738.898872801637,17.738898872801638,70.43995,-162.203,9570.774809769715,9.570774809769715,-8168.124063031923
S1P3,2019-11-26 03:30:00,,17738.898872801637,17.738898872801638,70.43995,-162.203,9570.774809769715,9.570774809769715,-8168.124063031923
S1P3,2019-11-26 04:00:00,,17738.898872801637,17.738898872801638,70.43995,-162.203,9570.774809769715,9.570774809769715,-8168.124063031923
S1P3,2019-11-26 04:30:00,,17738.898872801637,17.738898872801638,70.43995,-162.203,9570.774809769715,9.570774809769715,-8168.124063031923
S1P3,2019-11-26 05:00:00,,17738.898872801637,17.738898872801638,70.43995,-162.203,9570.774809769715,9.570774809769715,-8168.124063031923
S1P3,2019-11-26 05:30:00,,17738.898872801637,17.738898872801638,70.43995,-162.203,,,
S1P3,2019-11-26 06:00:00,,17738.898872801637,17.738898872801638,70.43995,-162.203,,,
S1P3,2019-11-26 06:30:00,,17738.898872801637,17.738898872801638,70.43995,-162.203,,,
S1P3,2019-11-26 07:00:00,,17738.898872801637,17.738898872801638,70.43995,-162.203,,,
S1P3,2019-11-26 07:30:00,,17738.898872801637,17.738898872801638,70.43995,-162.203,,,
S1P3,2019-11-26 08:00:00,,17738.898872801637,17.738898872801638,70.43995,-162.203,,,
S1P3,2019-11-26 08:30:00,,17738.898872801637,17.738898872801638,70.43995,-162.203,,,
S1P3,2019-11-26 09:00:00,,17738.898872801637,17.738898872801638,70.43995,-162.203,,,
S1P3,2019-11-26 09:30:00,,17738.898872801637,17.738898872801638,70.43995,-162.203,,,
S1P3,2019-11-26 10:00:00,,17738.898872801637,17.738898872801638,70.43995,-162.203,,,
S1P3,2019-11-26 10:30:00,,17738.898872801637,17.738898872801638,70.43995,-162.203,,,
S1P3,2019-11-26 11:00:00,,17738.898872801637,17.738898872801638,70.43995,-162.203,,,
S1P3,2019-11-26 11:30:00,,17738.898872801637,17.738898872801638,70.43995,-162.203,,,
S1P3,2019-11-26 12:00:00,,17738.898872801637,17.738898872801638,70.43995,-162.203,,,
S1P3,2019-11-26 12:30:00,,17738.898872801637,17.738898872801638,70.43995,-162.203,,,
S1P3,2019-11-26 13:00:00,,17738.898872801637,17.738898872801638,70.43995,-162.203,,,
S1P3,2019-11-26 13:30:00,,17738.898872801637,17.738898872801638,70.43995,-162.203,,,
S1P3,2019-11-26 14:00:00,,17738.898872801637,17.738898872801638,70.43995,-162.203,,,
S1P3,2019-11-26 14:30:00,,17738.898872801637,17.738898872801638,70.43995,-162.203,,,
S1P3,2019-11-26 15:00:00,,17738.898872801637,17.738898872801638,70.43995,-162.203,,,
S1P3,2019-11-26 15:30:00,,17738.898872801637,17.738898872801638,70.43995,-162.203,,,
S1P3,2019-11-26 16:00:00,,17738.898872801637,17.738898872801638,70.43995,-162.203,,,
S1P3,2019-11-26 16:30:00,,17738.898872801637,17.738898872801638,70.43995,-162.203,,,
S1P3,2019-11-26 17:00:00,,17738.898872801637,17.738898872801638,70.43995,-162.203,,,
S1P3,2019-11-26 17:30:00,,17738.898872801637,17.738898872801638,70.43995,-162.203,,,
S1P3,2019-11-26 18:00:00,,17738.898872801637,17.738898872801638,70.43995,-162.203,,,
S1P3,2019-11-26 18:30:00,,17738.898872801637,17.738898872801638,70.43995,-162.203,,,
S1P3,2019-11-26 19:00:00,,17738.898872801637,17.738898872801638,70.43995,-162.203,,,
S1P3,2019-11-26 19:30:00,,17738.898872801637,17.738898872801638,70.43995,-162.203,,,
S1P3,2019-11-26 20:00:00,,17738.898872801637,17.738898872801638,70.43995,-162.203,,,
S1P3,2019-11-26 20:30:00,,17738.898872801637,17.738898872801638,70.43995,-162.203,,,
S1P3,2019-11-26 21:00:00,,17738.898872801637,17.738898872801638,70.43995,-162.203,,,
S1P3,2019-11-26 21:30:00,,17738.898872801637,17.738898872801638,70.43995,-162.203,,,
S1P3,2019-11-26 22:00:00,,17738.898872801637,17.738898872801638,70.43995,-162.203,,,
S1P3,2019-11-26 22:30:00,,17738.898872801637,17.738898872801638,70.43995,-162.203,,,
S1P3,2019-11-26 23:00:00,,17738.898872801637,17.738898872801638,70.43995,-162.203,,,
S1P3,2019-11-26 23:30:00,,17738.898872801637,17.738898872801638,70.43995,-162.203,,,
S1P3,2019-11-27 00:00:00,,17738.898872801637,17.738898872801638,70.43995,-162.203,,,
S1P3,2019-11-27 00:30:00,,17738.898872801637,17.738898872801638,70.43995,-162.203,,,
S1P3,2019-11-27 01:00:00,,17738.898872801637,17.738898872801638,70.43995,-162.203,,,
S1P3,2019-11-27 01:30:00,,17738.898872801637,17.738898872801638,70.43995,-162.203,,,
S1P3,2019-11-27 02:00:00,,17738.898872801637,17.738898872801638,70.43995,-162.203,,,
S1P3,2019-11-27 02:30:00,,17738.898872801637,17.738898872801638,70.43995,-162.203,,,
S1P3,2019-11-27 03:00:00,,17738.898872801637,17.738898872801638,70.43995,-162.203,,,
S1P3,2019-11-27 03:30:00,,17738.898872801637,17.738898872801638,70.43995,-162.203,,,
S1P3,2019-11-27 04:00:00,,17738.898872801637,17.738898872801638,70.43995,-162.203,,,
S1P3,2019-11-27 04:30:00,,17738.898872801637,17.738898872801638,70.43995,-162.203,,,
S1P3,2019-11-27 05:00:00,,17738.898872801637,17.738898872801638,70.43995,-162.203,,,
S1P3,2019-11-27 05:30:00,,17738.898872801637,17.738898872801638,70.43995,-162.203,,,
S1P3,2019-11-27 06:00:00,,17738.898872801637,17.738898872801638,70.43995,-162.203,,,
S1P3,2019-11-27 06:30:00,,17738.898872801637,17.738898872801638,70.43995,-162.203,,,
S1P3,2019-11-27 07:00:00,,17738.898872801637,17.738898872801638,70.43995,-162.203,,,
S1P3,2019-11-27 07:30:00,,17738.898872801637,17.738898872801638,70.43995,-162.203,,,
S1P3,2019-11-27 08:00:00,,17738.898872801637,17.738898872801638,70.43995,-162.203,,,
S1P3,2019-11-27 08:30:00,,17738.898872801637,17.738898872801638,70.43995,-162.203,,,
S1P3,2019-11-27 09:00:00,,17738.898872801637,17.738898872801638,70.43995,-162.203,,,
S1P3,2019-11-27 09:30:00,,17738.898872801637,17.738898872801638,70.43995,-162.203,,,
S1P3,2019-11-27 10:00:00,,17738.898872801637,17.738898872801638,70.43995,-162.203,,,
S1P3,2019-11-27 10:30:00,,17738.898872801637,17.738898872801638,70.43995,-162.203,,,
S1P3,2019-11-27 11:00:00,,17738.898872801637,17.738898872801638,70.43995,-162.203,,,
S1P3,2019-11-27 11:30:00,,17738.898872801637,17.738898872801638,70.43995,-162.203,,,
S1P3,2019-11-27 12:00:00,,17738.898872801637,17.738898872801638,70.43995,-162.203,,,
S1P3,2019-11-27 12:30:00,,17738.898872801637,17.738898872801638,70.43995,-162.203,,,
S1P3,2019-11-27 13:00:00,,17738.898872801637,17.738898872801638,70.43995,-162.203,,,
S1P3,2019-11-27 13:30:00,,17738.898872801637,17.738898872801638,70.43995,-162.203,,,
S1P3,2019-11-27 14:00:00,,17738.898872801637,17.738898872801638,70.43995,-162.203,,,
S1P3,2019-11-27 14:30:00,,17738.898872801637,17.738898872801638,70.43995,-162.203,,,
S1P3,2019-11-27 15:00:00,,17738.898872801637,17.738898872801638,70.43995,-162.203,,,
S1P3,2019-11-27 15:30:00,,17738.898872801637,17.738898872801638,70.43995,-162.203,,,
S1P3,2019-11-27 16:00:00,,17738.898872801637,17.738898872801638,70.43995,-162.203,,,
S1P3,2019-11-27 16:30:00,,17738.898872801637,17.738898872801638,70.43995,-162.203,,,
S1P3,2019-11-27 17:00:00,,17738.898872801637,17.738898872801638,70.43995,-162.203,,,
S1P3,2019-11-27 17:30:00,,17738.898872801637,17.738898872801638,70.43995,-162.203,,,
S1P3,2019-11-27 18:00:00,,17738.898872801637,17.738898872801638,70.43995,-162.203,,,
S1P3,2019-11-27 18:30:00,,17738.898872801637,17.738898872801638,70.43995,-162.203,,,
S1P3,2019-11-27 19:00:00,,17738.898872801637,17.738898872801638,70.43995,-162.203,,,
S1P3,2019-11-27 19:30:00,,17738.898872801637,17.738898872801638,70.43995,-162.203,,,
S1P3,2019-11-27 20:00:00,,17738.898872801637,17.738898872801638,70.43995,-162.203,,,
S1P3,2019-11-27 20:30:00,,17738.898872801637,17.738898872801638,70.43995,-162.203,,,
S1P3,2019-11-27 21:00:00,,17738.898872801637,17.738898872801638,70.43995,-162.203,,,
S1P3,2019-11-27 21:30:00,,17738.898872801637,17.738898872801638,70.43995,-162.203,,,
S1P3,2019-11-27 22:00:00,,17738.898872801637,17.738898872801638,70.43995,-162.203,,,
S1P3,2019-11-27 22:30:00,,17738.898872801637,17.738898872801638,70.43995,-162.203,,,
S1P3,2019-11-27 23:00:00,,17738.898872801637,17.738898872801638,70.43995,-162.203,,,
S1P3,2019-11-27 23:30:00,,17738.898872801637,17.738898872801638,70.43995,-162.203,,,
S1P3,2019-11-28 00:00:00,,17738.898872801637,17.738898872801638,70.43995,-162.203,,,
S1P3,2019-11-28 00:30:00,,17738.898872801637,17.738898872801638,70.43995,-162.203,,,
S1P3,2019-11-28 01:00:00,,17738.898872801637,17.738898872801638,70.43995,-162.203,,,
S1P3,2019-11-28 01:30:00,,17738.898872801637,17.738898872801638,70.43995,-162.203,,,
S1P3,2019-11-28 02:00:00,,17738.898872801637,17.738898872801638,70.43995,-162.203,,,
S1P3,2019-11-28 02:30:00,,17738.898872801637,17.738898872801638,70.43995,-162.203,,,
S1P3,2019-11-28 03:00:00,,17738.898872801637,17.738898872801638,70.43995,-162.203,,,
S1P3,2019-11-28 03:30:00,,17738.898872801637,17.738898872801638,70.43995,-162.203,,,
S1P3,2019-11-28 04:00:00,,17738.898872801637,17.738898872801638,70.43995,-162.203,,,
S1P3,2019-11-28 04:30:00,,17738.898872801637,17.738898872801638,70.43995,-162.203,,,
S1P3,2019-11-28 05:00:00,,17738.898872801637,17.738898872801638,70.43995,-162.203,,,
S1P3,2019-11-28 05:30:00,,17738.898872801637,17.738898872801638,70.43995,-162.203,,,
S1P3,2019-11-28 06:00:00,,17738.898872801637,17.738898872801638,70.43995,-162.203,,,
S1P3,2019-11-28 06:30:00,,17738.898872801637,17.738898872801638,70.43995,-162.203,,,
S1P3,2019-11-28 07:00:00,,17738.898872801637,17.738898872801638,70.43995,-162.203,,,
S1P3,2019-11-28 07:30:00,,17738.898872801637,17.738898872801638,70.43995,-162.203,,,
S1P3,2019-11-28 08:00:00,,17738.898872801637,17.738898872801638,70.43995,-162.203,,,
S1P3,2019-11-28 08:30:00,,17738.898872801637,17.738898872801638,70.43995,-162.203,,,
S1P3,2019-11-28 09:00:00,,17738.898872801637,17.738898872801638,70.43995,-162.203,,,
S1P3,2019-11-28 09:30:00,,17738.898872801637,17.738898872801638,70.43995,-162.203,,,
S1P3,2019-11-28 10:00:00,,17738.898872801637,17.738898872801638,70.43995,-162.203,,,
S1P3,2019-11-28 10:30:00,,17738.898872801637,17.738898872801638,70.43995,-162.203,,,
S1P3,2019-11-28 11:00:00,,17738.898872801637,17.738898872801638,70.43995,-162.203,,,
S1P3,2019-11-28 11:30:00,,17738.898872801637,17.738898872801638,70.43995,-162.203,,,
S1P3,2019-11-28 12:00:00,,17738.898872801637,17.738898872801638,70.43995,-162.203,,,
S1P3,2019-11-28 12:30:00,,17738.898872801637,17.738898872801638,70.43995,-162.203,,,
S1P3,2019-11-28 13:00:00,,17738.898872801637,17.738898872801638,70.43995,-162.203,,,
S1P3,2019-11-28 13:30:00,,17738.898872801637,17.738898872801638,70.43995,-162.203,,,
S1P3,2019-11-28 14:00:00,,17738.898872801637,17.738898872801638,70.43995,-162.203,,,
S1P3,2019-11-28 14:30:00,,17738.898872801637,17.738898872801638,70.43995,-162.203,,,
S1P3,2019-11-28 15:00:00,,17738.898872801637,17.738898872801638,70.43995,-162.203,,,
S1P3,2019-11-28 15:30:00,,17738.898872801637,17.738898872801638,70.43995,-162.203,,,
S1P3,2019-11-28 16:00:00,,17738.898872801637,17.738898872801638,70.43995,-162.203,,,
S1P3,2019-11-28 16:30:00,,17738.898872801637,17.738898872801638,70.43995,-162.203,,,
S1P3,2019-11-28 17:00:00,,17738.898872801637,17.738898872801638,70.43995,-162.203,,,
S1P3,2019-11-28 17:30:00,,17738.898872801637,17.738898872801638,70.43995,-162.203,,,
S1P3,2019-11-28 18:00:00,,17738.898872801637,17.738898872801638,70.43995,-162.203,,,
S1P3,2019-11-28 18:30:00,,17738.898872801637,17.738898872801638,70.43995,-162.203,,,
S1P3,2019-11-28 19:00:00,,17738.898872801637,17.738898872801638,70.43995,-162.203,,,
S1P3,2019-11-28 19:30:00,,17738.898872801637,17.738898872801638,70.43995,-162.203,,,
S1P3,2019-11-28 20:00:00,,17738.898872801637,17.738898872801638,70.43995,-162.203,,,
S1P3,2019-11-28 20:30:00,,17738.898872801637,17.738898872801638,70.43995,-162.203,,,
S1P3,2019-11-28 21:00:00,,17738.898872801637,17.738898872801638,70.43995,-162.203,,,
S1P3,2019-11-28 21:30:00,,17738.898872801637,17.738898872801638,70.43995,-162.203,,,
S1P3,2019-11-28 22:00:00,,17738.898872801637,17.738898872801638,70.43995,-162.203,,,
S1P3,2019-11-28 22:30:00,,17738.898872801637,17.738898872801638,70.43995,-162.203,,,
S1P3,2019-11-28 23:00:00,,17738.898872801637,17.738898872801638,70.43995,-162.203,,,
S1P3,2019-11-28 23:30:00,,17738.898872801637,17.738898872801638,70.43995,-162.203,,,
S1P3,2019-11-29 00:00:00,,17738.898872801637,17.738898872801638,70.43995,-162.203,,,
S1P3,2019-11-29 00:30:00,,17738.898872801637,17.738898872801638,70.43995,-162.203,,,
S1P3,2019-11-29 01:00:00,,17738.898872801637,17.738898872801638,70.43995,-162.203,,,
S1P3,2019-11-29 01:30:00,,17738.898872801637,17.738898872801638,70.43995,-162.203,,,
S1P3,2019-11-29 02:00:00,,17738.898872801637,17.738898872801638,70.43995,-162.203,,,
S1P3,2019-11-29 02:30:00,,17738.898872801637,17.738898872801638,70.43995,-162.203,,,
S1P3,2019-11-29 03:00:00,,17738.898872801637,17.738898872801638,70.43995,-162.203,,,
S1P3,2019-11-29 03:30:00,,17738.898872801637,17.738898872801638,70.43995,-162.203,,,
S1P3,2019-11-29 04:00:00,,17738.898872801637,17.738898872801638,70.43995,-162.203,,,
S1A1,2019-11-09 20:30:00,0.6559980870425078,23768.264611799306,23.768264611799307,70.48695,-162.28278,,,
S1A1,2019-11-09 21:00:00,0.6704407215597317,23768.264611799306,23.768264611799307,70.48695,-162.28278,,,
S1A1,2019-11-09 21:30:00,0.6848833560769556,23768.264611799306,23.768264611799307,70.48695,-162.28278,,,
S1A1,2019-11-09 22:00:00,0.7090138122633456,23768.264611799306,23.768264611799307,70.48695,-162.28278,,,
S1A1,2019-11-09 22:30:00,0.7331442684855589,23768.264611799306,23.768264611799307,70.48695,-162.28278,,,
S1A1,2019-11-09 23:00:00,0.7565742600884908,23768.264611799306,23.768264611799307,70.48695,-162.28278,,,
S1A1,2019-11-09 23:30:00,0.7800042516901277,23768.264611799306,23.768264611799307,70.48695,-162.28278,,,
S1A1,2019-11-10 00:00:00,0.8495396169556818,23768.264611799306,23.768264611799307,70.48695,-162.28278,,,
S1A1,2019-11-10 00:30:00,0.919074982221236,23768.264611799306,23.768264611799307,70.48695,-162.28278,,,
S1A1,2019-11-10 01:00:00,0.9621871319374311,23768.264611799306,23.768264611799307,70.48695,-162.28278,,,
S1A1,2019-11-10 01:30:00,1.0052992815559192,23768.264611799306,23.768264611799307,70.48695,-162.28278,,,
S1A1,2019-11-10 02:00:00,1.0285060915699145,23768.264611799306,23.768264611799307,70.48695,-162.28278,,,
S1A1,2019-11-10 02:30:00,1.051712901547107,23768.264611799306,23.768264611799307,70.48695,-162.28278,,,
S1A1,2019-11-10 03:00:00,1.0721651063597966,23768.264611799306,23.768264611799307,70.48695,-162.28278,,,
S1A1,2019-11-10 03:30:00,1.092617311172486,23768.264611799306,23.768264611799307,70.48695,-162.28278,,,
S1A1,2019-11-10 04:00:00,1.1960922285250166,23768.264611799306,23.768264611799307,70.48695,-162.28278,,,
S1A1,2019-11-10 04:30:00,1.2995671461845468,23768.264611799306,23.768264611799307,70.48695,-162.28278,,,
S1A1,2019-11-10 05:00:00,1.432228172440255,23768.264611799306,23.768264611799307,70.48695,-162.28278,,,
S1A1,2019-11-10 05:30:00,1.564889198749925,23768.264611799306,23.768264611799307,70.48695,-162.28278,,,
S1A1,2019-11-10 06:00:00,1.580330698557996,23768.264611799306,23.768264611799307,70.48695,-162.28278,,,
S1A1,2019-11-10 06:30:00,1.595772198366067,23768.264611799306,23.768264611799307,70.48695,-162.28278,,,
S1A1,2019-11-10 07:00:00,1.7381815162981817,23768.264611799306,23.768264611799307,70.48695,-162.28278,,,
S1A1,2019-11-10 07:30:00,1.880590834699795,23768.264611799306,23.768264611799307,70.48695,-162.28278,,,
S1A1,2019-11-10 08:00:00,1.9049019835839163,23768.264611799306,23.768264611799307,70.48695,-162.28278,,,
S1A1,2019-11-10 08:30:00,1.9292131322496873,23768.264611799306,23.768264611799307,70.48695,-162.28278,,,
S1A1,2019-11-10 09:00:00,1.882493420204656,23768.264611799306,23.768264611799307,70.48695,-162.28278,,,
S1A1,2019-11-10 09:30:00,1.8357737081596248,23768.264611799306,23.768264611799307,70.48695,-162.28278,,,
S1A1,2019-11-10 10:00:00,1.8371850806245222,23768.264611799306,23.768264611799307,70.48695,-162.28278,,,
S1A1,2019-11-10 10:30:00,1.838596453267398,23768.264611799306,23.768264611799307,70.48695,-162.28278,,,
S1A1,2019-11-10 11:00:00,1.8500966456439079,23768.264611799306,23.768264611799307,70.48695,-162.28278,,,
S1A1,2019-11-10 11:30:00,1.8615968380390708,23768.264611799306,23.768264611799307,70.48695,-162.28278,,,
S1A1,2019-11-10 12:00:00,1.799224813724263,23768.264611799306,23.768264611799307,70.48695,-162.28278,,,
S1A1,2019-11-10 12:30:00,1.7368527894094552,23768.264611799306,23.768264611799307,70.48695,-162.28278,,,
S1A1,2019-11-10 13:00:00,1.801094138573201,23768.264611799306,23.768264611799307,70.48695,-162.28278,,,
S1A1,2019-11-10 13:30:00,1.8653354882051354,23768.264611799306,23.768264611799307,70.48695,-162.28278,,,
S1A1,2019-11-10 14:00:00,1.8283630598431666,23768.264611799306,23.768264611799307,70.48695,-162.28278,,,
S1A1,2019-11-10 14:30:00,1.791390631294065,23768.264611799306,23.768264611799307,70.48695,-162.28278,,,
S1A1,2019-11-10 15:00:00,1.8314876358906693,23768.264611799306,23.768264611799307,70.48695,-162.28278,,,
S1A1,2019-11-10 15:30:00,1.8715846404872736,23768.264611799306,23.768264611799307,70.48695,-162.28278,,,
S1A1,2019-11-10 16:00:00,1.8383958884044256,23768.264611799306,23.768264611799307,70.48695,-162.28278,,,
S1A1,2019-11-10 16:30:00,1.8052071360505832,23768.264611799306,23.768264611799307,70.48695,-162.28278,,,
S1A1,2019-11-10 17:00:00,1.694005151012534,23768.264611799306,23.768264611799307,70.48695,-162.28278,,,
S1A1,2019-11-10 17:30:00,1.582803165830247,23768.264611799306,23.768264611799307,70.48695,-162.28278,,,
S1A1,2019-11-10 18:00:00,1.6213663300681767,23768.264611799306,23.768264611799307,70.48695,-162.28278,,,
S1A1,2019-11-10 18:30:00,1.6599294943061065,23768.264611799306,23.768264611799307,70.48695,-162.28278,,,
S1A1,2019-11-10 19:00:00,1.5268796938251596,23768.264611799306,23.768264611799307,70.48695,-162.28278,,,
S1A1,2019-11-10 19:30:00,1.3938298927096264,23768.264611799306,23.768264611799307,70.48695,-162.28278,,,
S1A1,2019-11-10 20:00:00,1.364411952561555,23768.264611799306,23.768264611799307,70.48695,-162.28278,,,
S1A1,2019-11-10 20:30:00,1.3349940126050872,23768.264611799306,23.768264611799307,70.48695,-162.28278,,,
S1A1,2019-11-10 21:00:00,1.3215466981402897,23768.264611799306,23.768264611799307,70.48695,-162.28278,,,
S1A1,2019-11-10 21:30:00,1.3080993836754922,23768.264611799306,23.768264611799307,70.48695,-162.28278,,,
S1A1,2019-11-10 22:00:00,1.2622312213869735,23768.264611799306,23.768264611799307,70.48695,-162.28278,,,
S1A1,2019-11-10 22:30:00,1.2163630589785697,23768.264611799306,23.768264611799307,70.48695,-162.28278,,,
S1A1,2019-11-10 23:00:00,1.1583848883910828,23768.264611799306,23.768264611799307,70.48695,-162.28278,,,
S1A1,2019-11-10 23:30:00,1.1004067177812058,23768.264611799306,23.768264611799307,70.48695,-162.28278,,,
S1A1,2019-11-11 00:00:00,1.1059870610321565,23768.264611799306,23.768264611799307,70.48695,-162.28278,,,
S1A1,2019-11-11 00:30:00,1.1115674042831072,23768.264611799306,23.768264611799307,70.48695,-162.28278,,,
S1A1,2019-11-11 01:00:00,1.0740826160451025,23768.264611799306,23.768264611799307,70.48695,-162.28278,,,
S1A1,2019-11-11 01:30:00,1.0365978276478525,23768.264611799306,23.768264611799307,70.48695,-162.28278,,,
S1A1,2019-11-11 02:00:00,0.9714820165935738,23768.264611799306,23.768264611799307,70.48695,-162.28278,,,
S1A1,2019-11-11 02:30:00,0.9063662054882086,23768.264611799306,23.768264611799307,70.48695,-162.28278,,,
S1A1,2019-11-11 03:00:00,0.8991913121121725,23768.264611799306,23.768264611799307,70.48695,-162.28278,,,
S1A1,2019-11-11 03:30:00,0.8920164187361364,23768.264611799306,23.768264611799307,70.48695,-162.28278,,,
S1A1,2019-11-11 04:00:00,0.8756337418446442,23768.264611799306,23.768264611799307,70.48695,-162.28278,,,
S1A1,2019-11-11 04:30:00,0.8592510649191035,23768.264611799306,23.768264611799307,70.48695,-162.28278,,,
S1A1,2019-11-11 05:00:00,0.8405440149260572,23768.264611799306,23.768264611799307,70.48695,-162.28278,,,
S1A1,2019-11-11 05:30:00,0.8218369649287135,23768.264611799306,23.768264611799307,70.48695,-162.28278,,,
S1A1,2019-11-11 06:00:00,0.7662516835478255,23768.264611799306,23.768264611799307,70.48695,-162.28278,,,
S1A1,2019-11-11 06:30:00,0.7106664021669373,23768.264611799306,23.768264611799307,70.48695,-162.28278,,,
S1A1,2019-11-11 07:00:00,0.6689701608147586,23768.264611799306,23.768264611799307,70.48695,-162.28278,,,
S1A1,2019-11-11 07:30:00,0.6272739195139383,23768.264611799306,23.768264611799307,70.48695,-162.28278,,,
S1A1,2019-11-11 08:00:00,0.6254391994580062,23768.264611799306,23.768264611799307,70.48695,-162.28278,,,
S1A1,2019-11-11 08:30:00,0.6236044794757736,23768.264611799306,23.768264611799307,70.48695,-162.28278,,,
S1A1,2019-11-11 09:00:00,0.6340073732642714,23768.264611799306,23.768264611799307,70.48695,-162.28278,,,
S1A1,2019-11-11 09:30:00,0.6444102670527693,23768.264611799306,23.768264611799307,70.48695,-162.28278,,,
S1A1,2019-11-11 10:00:00,0.6075360975634916,23768.264611799306,23.768264611799307,70.48695,-162.28278,,,
S1A1,2019-11-11 10:30:00,0.5706619278993937,23768.264611799306,23.768264611799307,70.48695,-162.28278,,,
S1A1,2019-11-11 11:00:00,0.6171710664142849,23768.264611799306,23.768264611799307,70.48695,-162.28278,,,
S1A1,2019-11-11 11:30:00,0.6636802050833426,23768.264611799306,23.768264611799307,70.48695,-162.28278,,,
S1A1,2019-11-11 12:00:00,0.6503700323740719,23768.264611799306,23.768264611799307,70.48695,-162.28278,,,
S1A1,2019-11-11 12:30:00,0.6370598596648013,23768.264611799306,23.768264611799307,70.48695,-162.28278,,,
S1A1,2019-11-11 13:00:00,0.6730203198238502,23768.264611799306,23.768264611799307,70.48695,-162.28278,,,
S1A1,2019-11-11 13:30:00,0.7089807801650911,23768.264611799306,23.768264611799307,70.48695,-162.28278,,,
S1A1,2019-11-11 14:00:00,0.8268643565315024,23768.264611799306,23.768264611799307,70.48695,-162.28278,,,
S1A1,2019-11-11 14:30:00,0.9447479330493802,23768.264611799306,23.768264611799307,70.48695,-162.28278,,,
S1A1,2019-11-11 15:00:00,0.9237107838432316,23768.264611799306,23.768264611799307,70.48695,-162.28278,,,
S1A1,2019-11-11 15:30:00,0.9026736346370829,23768.264611799306,23.768264611799307,70.48695,-162.28278,,,
S1A1,2019-11-11 16:00:00,1.0432278226166192,23768.264611799306,23.768264611799307,70.48695,-162.28278,,,
S1A1,2019-11-11 16:30:00,1.183782011193684,23768.264611799306,23.768264611799307,70.48695,-162.28278,,,
S1A1,2019-11-11 17:00:00,1.3257363003493587,23768.264611799306,23.768264611799307,70.48695,-162.28278,,,
S1A1,2019-11-11 17:30:00,1.467690589507622,23768.264611799306,23.768264611799307,70.48695,-162.28278,,,
S1A1,2019-11-11 18:00:00,1.5757788921317193,23768.264611799306,23.768264611799307,70.48695,-162.28278,,,
S1A1,2019-11-11 18:30:00,1.6838671947558168,23768.264611799306,23.768264611799307,70.48695,-162.28278,,,
S1A1,2019-11-11 19:00:00,1.859187038356153,23768.264611799306,23.768264611799307,70.48695,-162.28278,,,
S1A1,2019-11-11 19:30:00,2.0345068822050965,23768.264611799306,23.768264611799307,70.48695,-162.28278,,,
S1A1,2019-11-11 20:00:00,2.110902639660069,23768.264611799306,23.768264611799307,70.48695,-162.28278,,,
S1A1,2019-11-11 20:30:00,2.187298396932142,23768.264611799306,23.768264611799307,70.48695,-162.28278,,,
S1A1,2019-11-11 21:00:00,2.2407913270191946,23768.264611799306,23.768264611799307,70.48695,-162.28278,,,
S1A1,2019-11-11 21:30:00,2.294284257106247,23768.264611799306,23.768264611799307,70.48695,-162.28278,,,
S1A1,2019-11-11 22:00:00,2.2630855426105834,23768.264611799306,23.768264611799307,70.48695,-162.28278,,,
S1A1,2019-11-11 22:30:00,2.2318868278017487,23768.264611799306,23.768264611799307,70.48695,-162.28278,,,
S1A1,2019-11-11 23:00:00,2.2047384229059355,23768.264611799306,23.768264611799307,70.48695,-162.28278,,,
S1A1,2019-11-11 23:30:00,2.177590018017611,23768.264611799306,23.768264611799307,70.48695,-162.28278,,,
S1A1,2019-11-12 00:00:00,2.2435150280736567,23768.264611799306,23.768264611799307,70.48695,-162.28278,,,
S1A1,2019-11-12 00:30:00,2.309440038129702,23768.264611799306,23.768264611799307,70.48695,-162.28278,,,
S1A1,2019-11-12 01:00:00,2.2284618693789384,23768.264611799306,23.768264611799307,70.48695,-162.28278,,,
S1A1,2019-11-12 01:30:00,2.1474837000849596,23768.264611799306,23.768264611799307,70.48695,-162.28278,,,
S1A1,2019-11-12 02:00:00,2.155937940742773,23768.264611799306,23.768264611799307,70.48695,-162.28278,,,
S1A1,2019-11-12 02:30:00,2.1643921815659364,23768.264611799306,23.768264611799307,70.48695,-162.28278,,,
S1A1,2019-11-12 03:00:00,2.300242789612878,23768.264611799306,23.768264611799307,70.48695,-162.28278,,,
S1A1,2019-11-12 03:30:00,2.4360933976598202,23768.264611799306,23.768264611799307,70.48695,-162.28278,,,
S1A1,2019-11-12 04:00:00,2.491300409765932,23768.264611799306,23.768264611799307,70.48695,-162.28278,,,
S1A1,2019-11-12 04:30:00,2.5465074215738417,23768.264611799306,23.768264611799307,70.48695,-162.28278,,,
S1A1,2019-11-12 05:00:00,2.485876550562957,23768.264611799306,23.768264611799307,70.48695,-162.28278,,,
S1A1,2019-11-12 05:30:00,2.4252456793379014,23768.264611799306,23.768264611799307,70.48695,-162.28278,,,
S1A1,2019-11-12 06:00:00,2.506827345775007,23768.264611799306,23.768264611799307,70.48695,-162.28278,,,
S1A1,2019-11-12 06:30:00,2.5884090122121135,23768.264611799306,23.768264611799307,70.48695,-162.28278,,,
S1A1,2019-11-12 07:00:00,2.702240648661912,23768.264611799306,23.768264611799307,70.48695,-162.28278,,,
S1A1,2019-11-12 07:30:00,2.8160722852309643,23768.264611799306,23.768264611799307,70.48695,-162.28278,,,
S1A1,2019-11-12 08:00:00,2.7351794660739976,23768.264611799306,23.768264611799307,70.48695,-162.28278,,,
S1A1,2019-11-12 08:30:00,2.654286646557007,23768.264611799306,23.768264611799307,70.48695,-162.28278,,,
S1A1,2019-11-12 09:00:00,2.7119350960677564,23768.264611799306,23.768264611799307,70.48695,-162.28278,,,
S1A1,2019-11-12 09:30:00,2.769583545578506,23768.264611799306,23.768264611799307,70.48695,-162.28278,,,
S1A1,2019-11-12 10:00:00,2.874734048350761,23768.264611799306,23.768264611799307,70.48695,-162.28278,,,
S1A1,2019-11-12 10:30:00,2.979884551298668,23768.264611799306,23.768264611799307,70.48695,-162.28278,,,
S1A1,2019-11-12 11:00:00,2.894821115131214,23768.264611799306,23.768264611799307,70.48695,-162.28278,,,
S1A1,2019-11-12 11:30:00,2.809757678612076,23768.264611799306,23.768264611799307,70.48695,-162.28278,,,
S1A1,2019-11-12 12:00:00,2.7777356752288904,23768.264611799306,23.768264611799307,70.48695,-162.28278,,,
S1A1,2019-11-12 12:30:00,2.7457136718457043,23768.264611799306,23.768264611799307,70.48695,-162.28278,,,
S1A1,2019-11-12 13:00:00,2.7513135658594914,23768.264611799306,23.768264611799307,70.48695,-162.28278,,,
S1A1,2019-11-12 13:30:00,2.7569134600123957,23768.264611799306,23.768264611799307,70.48695,-162.28278,,,
S1A1,2019-11-12 14:00:00,2.81488893818665,23768.264611799306,23.768264611799307,70.48695,-162.28278,,,
S1A1,2019-11-12 14:30:00,2.8728644164577406,23768.264611799306,23.768264611799307,70.48695,-162.28278,,,
S1A1,2019-11-12 15:00:00,2.7340010562523034,23768.264611799306,23.768264611799307,70.48695,-162.28278,,,
S1A1,2019-11-12 15:30:00,2.5951376960468657,23768.264611799306,23.768264611799307,70.48695,-162.28278,,,
S1A1,2019-11-12 16:00:00,2.578903248643177,23768.264611799306,23.768264611799307,70.48695,-162.28278,,,
S1A1,2019-11-12 16:30:00,2.562668801692943,23768.264611799306,23.768264611799307,70.48695,-162.28278,,,
S1A1,2019-11-12 17:00:00,2.509715044166349,23768.264611799306,23.768264611799307,70.48695,-162.28278,,,
S1A1,2019-11-12 17:30:00,2.4567612865718655,23768.264611799306,23.768264611799307,70.48695,-162.28278,,,
S1A1,2019-11-12 18:00:00,2.402745366726227,23768.264611799306,23.768264611799307,70.48695,-162.28278,,,
S1A1,2019-11-12 18:30:00,2.348729446880589,23768.264611799306,23.768264611799307,70.48695,-162.28278,,,
S1A1,2019-11-12 19:00:00,2.437806034235501,23768.264611799306,23.768264611799307,70.48695,-162.28278,,,
S1A1,2019-11-12 19:30:00,2.526882622119537,23768.264611799306,23.768264611799307,70.48695,-162.28278,,,
S1A1,2019-11-12 20:00:00,2.523338277998621,23768.264611799306,23.768264611799307,70.48695,-162.28278,,,
S1A1,2019-11-12 20:30:00,2.5197939337064588,23768.264611799306,23.768264611799307,70.48695,-162.28278,,,
S1A1,2019-11-12 21:00:00,2.3680497745826092,23768.264611799306,23.768264611799307,70.48695,-162.28278,,,
S1A1,2019-11-12 21:30:00,2.2163056154587593,23768.264611799306,23.768264611799307,70.48695,-162.28278,,,
S1A1,2019-11-12 22:00:00,2.1967050691916175,23768.264611799306,23.768264611799307,70.48695,-162.28278,,,
S1A1,2019-11-12 22:30:00,2.1771045234131137,23768.264611799306,23.768264611799307,70.48695,-162.28278,,,
S1A1,2019-11-12 23:00:00,2.261707296322798,23768.264611799306,23.768264611799307,70.48695,-162.28278,,,
S1A1,2019-11-12 23:30:00,2.3463100694251438,23768.264611799306,23.768264611799307,70.48695,-162.28278,,,
S1A1,2019-11-13 00:00:00,2.315421126545197,23768.264611799306,23.768264611799307,70.48695,-162.28278,,,
S1A1,2019-11-13 00:30:00,2.284532183665251,23768.264611799306,23.768264611799307,70.48695,-162.28278,,,
S1A1,2019-11-13 01:00:00,2.2442844486482003,23768.264611799306,23.768264611799307,70.48695,-162.28278,,,
S1A1,2019-11-13 01:30:00,2.204036713596543,23768.264611799306,23.768264611799307,70.48695,-162.28278,,,
S1A1,2019-11-13 02:00:00,2.0396332565231807,23768.264611799306,23.768264611799307,70.48695,-162.28278,,,
S1A1,2019-11-13 02:30:00,1.8752297992202687,23768.264611799306,23.768264611799307,70.48695,-162.28278,,,
S1A1,2019-11-13 03:00:00,1.9239851077008872,23768.264611799306,23.768264611799307,70.48695,-162.28278,,,
S1A1,2019-11-13 03:30:00,1.9727404161815056,23768.264611799306,23.768264611799307,70.48695,-162.28278,,,
S1A1,2019-11-13 04:00:00,2.0404919712170977,23768.264611799306,23.768264611799307,70.48695,-162.28278,,,
S1A1,2019-11-13 04:30:00,2.1082435263229335,23768.264611799306,23.768264611799307,70.48695,-162.28278,,,
S1A1,2019-11-13 05:00:00,2.0582455754269535,23768.264611799306,23.768264611799307,70.48695,-162.28278,,,
S1A1,2019-11-13 05:30:00,2.008247624313268,23768.264611799306,23.768264611799307,70.48695,-162.28278,,,
S1A1,2019-11-13 06:00:00,2.0559847747771047,23768.264611799306,23.768264611799307,70.48695,-162.28278,,,
S1A1,2019-11-13 06:30:00,2.1037219252409414,23768.264611799306,23.768264611799307,70.48695,-162.28278,,,
S1A1,2019-11-13 07:00:00,2.0480082665890245,23768.264611799306,23.768264611799307,70.48695,-162.28278,,,
S1A1,2019-11-13 07:30:00,1.9922946075545689,23768.264611799306,23.768264611799307,70.48695,-162.28278,,,
S1A1,2019-11-13 08:00:00,1.9902292439233904,23768.264611799306,23.768264611799307,70.48695,-162.28278,,,
S1A1,2019-11-13 08:30:00,1.9881638803914017,23768.264611799306,23.768264611799307,70.48695,-162.28278,,,
S1A1,2019-11-13 09:00:00,1.998972052399139,23768.264611799306,23.768264611799307,70.48695,-162.28278,,,
S1A1,2019-11-13 09:30:00,2.0097802244068763,23768.264611799306,23.768264611799307,70.48695,-162.28278,,,
S1A1,2019-11-13 10:00:00,1.9615440241178232,23768.264611799306,23.768264611799307,70.48695,-162.28278,,,
S1A1,2019-11-13 10:30:00,1.9133078236104373,23768.264611799306,23.768264611799307,70.48695,-162.28278,,,
S1A1,2019-11-13 11:00:00,1.9188576031788693,23768.264611799306,23.768264611799307,70.48695,-162.28278,,,
S1A1,2019-11-13 11:30:00,1.9244073828467458,23768.264611799306,23.768264611799307,70.48695,-162.28278,,,
S1A1,2019-11-13 12:00:00,1.84585901110123,23768.264611799306,23.768264611799307,70.48695,-162.28278,,,
S1A1,2019-11-13 12:30:00,1.7673106393557143,23768.264611799306,23.768264611799307,70.48695,-162.28278,,,
S1A1,2019-11-13 13:00:00,1.76545129018228,23768.264611799306,23.768264611799307,70.48695,-162.28278,,,
S1A1,2019-11-13 13:30:00,1.7635919412924246,23768.264611799306,23.768264611799307,70.48695,-162.28278,,,
S1A1,2019-11-13 14:00:00,1.6659624657894654,23768.264611799306,23.768264611799307,70.48695,-162.28278,,,
S1A1,2019-11-13 14:30:00,1.5683329901094378,23768.264611799306,23.768264611799307,70.48695,-162.28278,,,
S1A1,2019-11-13 15:00:00,1.6056934038317001,23768.264611799306,23.768264611799307,70.48695,-162.28278,,,
S1A1,2019-11-13 15:30:00,1.6430538175539622,23768.264611799306,23.768264611799307,70.48695,-162.28278,,,
S1A1,2019-11-13 16:00:00,1.564998139781741,23768.264611799306,23.768264611799307,70.48695,-162.28278,,,
S1A1,2019-11-13 16:30:00,1.4869424615827367,23768.264611799306,23.768264611799307,70.48695,-162.28278,,,
S1A1,2019-11-13 17:00:00,1.408951107059005,23768.264611799306,23.768264611799307,70.48695,-162.28278,,,
S1A1,2019-11-13 17:30:00,1.3309597525353922,23768.264611799306,23.768264611799307,70.48695,-162.28278,,,
S1A1,2019-11-13 18:00:00,1.3224549238989924,23768.264611799306,23.768264611799307,70.48695,-162.28278,,,
S1A1,2019-11-13 18:30:00,1.3139500952625929,23768.264611799306,23.768264611799307,70.48695,-162.28278,,,
S1A1,2019-11-13 19:00:00,1.3404667299088622,23768.264611799306,23.768264611799307,70.48695,-162.28278,,,
S1A1,2019-11-13 19:30:00,1.3669833646846332,23768.264611799306,23.768264611799307,70.48695,-162.28278,,,
S1A1,2019-11-13 20:00:00,1.6192037655638711,23768.264611799306,23.768264611799307,70.48695,-162.28278,,,
S1A1,2019-11-13 20:30:00,1.8714241668604104,23768.264611799306,23.768264611799307,70.48695,-162.28278,,,
S1A1,2019-11-13 21:00:00,1.858832182138361,23768.264611799306,23.768264611799307,70.48695,-162.28278,,,
S1A1,2019-11-13 21:30:00,1.8462401974163116,23768.264611799306,23.768264611799307,70.48695,-162.28278,,,
S1A1,2019-11-13 22:00:00,1.867857331055855,23768.264611799306,23.768264611799307,70.48695,-162.28278,,,
S1A1,2019-11-13 22:30:00,1.8894744648218962,23768.264611799306,23.768264611799307,70.48695,-162.28278,,,
S1A1,2019-11-13 23:00:00,2.017156178022991,23768.264611799306,23.768264611799307,70.48695,-162.28278,,,
S1A1,2019-11-13 23:30:00,2.1448378914201878,23768.264611799306,23.768264611799307,70.48695,-162.28278,,,
S1A1,2019-11-14 00:00:00,1.9921737288838741,23768.264611799306,23.768264611799307,70.48695,-162.28278,,,
S1A1,2019-11-14 00:30:00,1.8395095663475605,23768.264611799306,23.768264611799307,70.48695,-162.28278,,,
S1A1,2019-11-14 01:00:00,1.803250820751846,23768.264611799306,23.768264611799307,70.48695,-162.28278,,,
S1A1,2019-11-14 01:30:00,1.7669920755865731,23768.264611799306,23.768264611799307,70.48695,-162.28278,,,
S1A1,2019-11-14 02:00:00,1.7853068580561728,23768.264611799306,23.768264611799307,70.48695,-162.28278,,,
S1A1,2019-11-14 02:30:00,1.803621640626673,23768.264611799306,23.768264611799307,70.48695,-162.28278,,,
S1A1,2019-11-14 03:00:00,1.831927545293887,23768.264611799306,23.768264611799307,70.48695,-162.28278,,,
S1A1,2019-11-14 03:30:00,1.860233449961101,23768.264611799306,23.768264611799307,70.48695,-162.28278,,,
S1A1,2019-11-14 04:00:00,1.765162869635087,23768.264611799306,23.768264611799307,70.48695,-162.28278,,,
S1A1,2019-11-14 04:30:00,1.6700922888528542,23768.264611799306,23.768264611799307,70.48695,-162.28278,,,
S1A1,2019-11-14 05:00:00,1.6364801081502618,23768.264611799306,23.768264611799307,70.48695,-162.28278,,,
S1A1,2019-11-14 05:30:00,1.602867927561299,23768.264611799306,23.768264611799307,70.48695,-162.28278,,,
S1A1,2019-11-14 06:00:00,1.6112577348928288,23768.264611799306,23.768264611799307,70.48695,-162.28278,,,
S1A1,2019-11-14 06:30:00,1.6196475422243588,23768.264611799306,23.768264611799307,70.48695,-162.28278,,,
S1A1,2019-11-14 07:00:00,1.5611042618216486,23768.264611799306,23.768264611799307,70.48695,-162.28278,,,
S1A1,2019-11-14 07:30:00,1.5025609811714349,23768.264611799306,23.768264611799307,70.48695,-162.28278,,,
S1A1,2019-11-14 08:00:00,1.5031051614619206,23768.264611799306,23.768264611799307,70.48695,-162.28278,,,
S1A1,2019-11-14 08:30:00,1.5036493418616528,23768.264611799306,23.768264611799307,70.48695,-162.28278,,,
S1A1,2019-11-14 09:00:00,1.4734457099879767,23768.264611799306,23.768264611799307,70.48695,-162.28278,,,
S1A1,2019-11-14 09:30:00,1.4432420781143005,23768.264611799306,23.768264611799307,70.48695,-162.28278,,,
S1A1,2019-11-14 10:00:00,1.4591511354128563,23768.264611799306,23.768264611799307,70.48695,-162.28278,,,
S1A1,2019-11-14 10:30:00,1.4750601928819265,23768.264611799306,23.768264611799307,70.48695,-162.28278,,,
S1A1,2019-11-14 11:00:00,1.4049050095739999,23768.264611799306,23.768264611799307,70.48695,-162.28278,,,
S1A1,2019-11-14 11:30:00,1.3347498261069501,23768.264611799306,23.768264611799307,70.48695,-162.28278,,,
S1A1,2019-11-14 12:00:00,1.372176822119092,23768.264611799306,23.768264611799307,70.48695,-162.28278,,,
S1A1,2019-11-14 12:30:00,1.409603818131234,23768.264611799306,23.768264611799307,70.48695,-162.28278,,,
S1A1,2019-11-14 13:00:00,1.5084473021696403,23768.264611799306,23.768264611799307,70.48695,-162.28278,,,
S1A1,2019-11-14 13:30:00,1.6072907864351509,23768.264611799306,23.768264611799307,70.48695,-162.28278,,,
S1A1,2019-11-14 14:00:00,1.6074247039866154,23768.264611799306,23.768264611799307,70.48695,-162.28278,,,
S1A1,2019-11-14 14:30:00,1.6075586213555768,23768.264611799306,23.768264611799307,70.48695,-162.28278,,,
S1A1,2019-11-14 15:00:00,1.6483393085193732,23768.264611799306,23.768264611799307,70.48695,-162.28278,,,
S1A1,2019-11-14 15:30:00,1.6891199956831695,23768.264611799306,23.768264611799307,70.48695,-162.28278,,,
S1A1,2019-11-14 16:00:00,1.5904138118166133,23768.264611799306,23.768264611799307,70.48695,-162.28278,,,
S1A1,2019-11-14 16:30:00,1.4917076274342655,23768.264611799306,23.768264611799307,70.48695,-162.28278,,,
S1A1,2019-11-14 17:00:00,1.4524768765544396,23768.264611799306,23.768264611799307,70.48695,-162.28278,,,
S1A1,2019-11-14 17:30:00,1.4132461257845772,23768.264611799306,23.768264611799307,70.48695,-162.28278,,,
S1A1,2019-11-14 18:00:00,1.3558938293913858,23768.264611799306,23.768264611799307,70.48695,-162.28278,,,
S1A1,2019-11-14 18:30:00,1.2985415329981946,23768.264611799306,23.768264611799307,70.48695,-162.28278,,,
S1A1,2019-11-14 19:00:00,1.3225843879620043,23768.264611799306,23.768264611799307,70.48695,-162.28278,,,
S1A1,2019-11-14 19:30:00,1.3466272432267952,23768.264611799306,23.768264611799307,70.48695,-162.28278,,,
S1A1,2019-11-14 20:00:00,1.3986599938561102,23768.264611799306,23.768264611799307,70.48695,-162.28278,,,
S1A1,2019-11-14 20:30:00,1.4506927445371751,23768.264611799306,23.768264611799307,70.48695,-162.28278,,,
S1A1,2019-11-14 21:00:00,1.379055146233891,23768.264611799306,23.768264611799307,70.48695,-162.28278,,,
S1A1,2019-11-14 21:30:00,1.3074175479306067,23768.264611799306,23.768264611799307,70.48695,-162.28278,,,
S1A1,2019-11-14 22:00:00,1.2692663354790068,23768.264611799306,23.768264611799307,70.48695,-162.28278,,,
S1A1,2019-11-14 22:30:00,1.231115123151232,23768.264611799306,23.768264611799307,70.48695,-162.28278,,,
S1A1,2019-11-14 23:00:00,1.3022556684805973,23768.264611799306,23.768264611799307,70.48695,-162.28278,,,
S1A1,2019-11-14 23:30:00,1.3733962140120308,23768.264611799306,23.768264611799307,70.48695,-162.28278,,,
S1A1,2019-11-15 00:00:00,1.4021988336740665,23768.264611799306,23.768264611799307,70.48695,-162.28278,,,
S1A1,2019-11-15 00:30:00,1.4310014533361022,23768.264611799306,23.768264611799307,70.48695,-162.28278,,,
S1A1,2019-11-15 01:00:00,1.5488807751001459,23768.264611799306,23.768264611799307,70.48695,-162.28278,,,
S1A1,2019-11-15 01:30:00,1.6667600971935754,23768.264611799306,23.768264611799307,70.48695,-162.28278,,,
S1A1,2019-11-15 02:00:00,1.5843127939598916,23768.264611799306,23.768264611799307,70.48695,-162.28278,,,
S1A1,2019-11-15 02:30:00,1.5018654903558262,23768.264611799306,23.768264611799307,70.48695,-162.28278,,,
S1A1,2019-11-15 03:00:00,1.451345026121988,23768.264611799306,23.768264611799307,70.48695,-162.28278,,,
S1A1,2019-11-15 03:30:00,1.4008245618881496,23768.264611799306,23.768264611799307,70.48695,-162.28278,3802.467631617543,3.8024676316175428,-19965.796980181764
S1A1,2019-11-15 04:00:00,1.2668849425439952,23768.264611799306,23.768264611799307,70.48695,-162.28278,3802.467631617543,3.8024676316175428,-19965.796980181764
S1A1,2019-11-15 04:30:00,1.1329453228913753,23768.264611799306,23.768264611799307,70.48695,-162.28278,3802.467631617543,3.8024676316175428,-19965.796980181764
S1A1,2019-11-15 05:00:00,1.100531546355887,23768.264611799306,23.768264611799307,70.48695,-162.28278,3802.467631617543,3.8024676316175428,-19965.796980181764
S1A1,2019-11-15 05:30:00,1.0681177700081086,23768.264611799306,23.768264611799307,70.48695,-162.28278,4044.219783948208,,-19724.0448278511
S1A1,2019-11-15 06:00:00,1.0207210666110011,23768.264611799306,23.768264611799307,70.48695,-162.28278,4285.971936278873,,-19482.29267552043
S1A1,2019-11-15 06:30:00,0.9733243632138936,23768.264611799306,23.768264611799307,70.48695,-162.28278,4527.724088609538,,-19240.540523189768
S1A1,2019-11-15 07:00:00,0.9332014137898025,23768.264611799306,23.768264611799307,70.48695,-162.28278,4769.476240940203,,-18998.788370859103
S1A1,2019-11-15 07:30:00,0.8930784643926081,23768.264611799306,23.768264611799307,70.48695,-162.28278,5011.228393270868,,-18757.03621852844
S1A1,2019-11-15 08:00:00,0.8314348527204087,23768.264611799306,23.768264611799307,70.48695,-162.28278,5252.980545601533,,-18515.284066197775
S1A1,2019-11-15 08:30:00,0.76979124100842,23768.264611799306,23.768264611799307,70.48695,-162.28278,5494.732697932198,,-18273.531913867108
S1A1,2019-11-15 09:00:00,0.7227020774157641,23768.264611799306,23.768264611799307,70.48695,-162.28278,5736.484850262863,,-18031.779761536443
S1A1,2019-11-15 09:30:00,0.6756129138231083,23768.264611799306,23.768264611799307,70.48695,-162.28278,5978.237002593528,,-17790.02760920578
S1A1,2019-11-15 10:00:00,0.7230040177138888,23768.264611799306,23.768264611799307,70.48695,-162.28278,6219.989154924193,,-17548.27545687511
S1A1,2019-11-15 10:30:00,0.7703951219540363,23768.264611799306,23.768264611799307,70.48695,-162.28278,6461.741307254857,,-17306.523304544447
S1A1,2019-11-15 11:00:00,0.742739625638304,23768.264611799306,23.768264611799307,70.48695,-162.28278,6703.493459585523,,-17064.771152213783
S1A1,2019-11-15 11:30:00,0.7150841291838188,23768.264611799306,23.768264611799307,70.48695,-162.28278,6945.245611916187,,-16823.01899988312
S1A1,2019-11-15 12:00:00,0.7742236804987912,23768.264611799306,23.768264611799307,70.48695,-162.28278,7186.997764246853,,-16581.266847552455
S1A1,2019-11-15 12:30:00,0.8333632318137635,23768.264611799306,23.768264611799307,70.48695,-162.28278,7428.749916577517,,-16339.51469522179
S1A1,2019-11-15 13:00:00,0.910616910387378,23768.264611799306,23.768264611799307,70.48695,-162.28278,7670.502068908183,,-16097.762542891123
S1A1,2019-11-15 13:30:00,0.9878705890279744,23768.264611799306,23.768264611799307,70.48695,-162.28278,7912.254221238848,,-15856.01039056046
S1A1,2019-11-15 14:00:00,0.9149494994534436,23768.264611799306,23.768264611799307,70.48695,-162.28278,8154.006373569513,,-15614.258238229793
S1A1,2019-11-15 14:30:00,0.8420284096012564,23768.264611799306,23.768264611799307,70.48695,-162.28278,8395.758525900179,,-15372.506085899127
S1A1,2019-11-15 15:00:00,0.9462253740496559,23768.264611799306,23.768264611799307,70.48695,-162.28278,8637.510678230843,,-15130.753933568463
S1A1,2019-11-15 15:30:00,1.0504223384980556,23768.264611799306,23.768264611799307,70.48695,-162.28278,8879.262830561507,,-14889.0017812378
S1A1,2019-11-15 16:00:00,0.8921669717311385,23768.264611799306,23.768264611799307,70.48695,-162.28278,9121.014982892171,,-14647.249628907135
S1A1,2019-11-15 16:30:00,0.733911603993731,23768.264611799306,23.768264611799307,70.48695,-162.28278,9362.767135222837,,-14405.49747657647
S1A1,2019-11-15 17:00:00,0.7343819089178161,23768.264611799306,23.768264611799307,70.48695,-162.28278,9604.519287553503,,-14163.745324245803
S1A1,2019-11-15 17:30:00,0.7348522141353673,23768.264611799306,23.768264611799307,70.48695,-162.28278,9846.271439884167,,-13921.99317191514
S1A1,2019-11-15 18:00:00,0.7452347554530607,23768.264611799306,23.768264611799307,70.48695,-162.28278,10088.023592214831,,-13680.241019584475
S1A1,2019-11-15 18:30:00,0.7556172967707542,23768.264611799306,23.768264611799307,70.48695,-162.28278,10329.775744545497,,-13438.488867253809
S1A1,2019-11-15 19:00:00,0.7351623661176048,23768.264611799306,23.768264611799307,70.48695,-162.28278,10571.527896876163,,-13196.736714923143
S1A1,2019-11-15 19:30:00,0.7147074353504254,23768.264611799306,23.768264611799307,70.48695,-162.28278,10813.280049206827,,-12954.984562592479
S1A1,2019-11-15 20:00:00,0.7199860103212986,23768.264611799306,23.768264611799307,70.48695,-162.28278,11055.032201537491,,-12713.232410261815
S1A1,2019-11-15 20:30:00,0.7252645853397501,23768.264611799306,23.768264611799307,70.48695,-162.28278,11296.784353868157,,-12471.480257931149
S1A1,2019-11-15 21:00:00,0.7757751308073785,23768.264611799306,23.768264611799307,70.48695,-162.28278,11538.536506198823,,-12229.728105600483
S1A1,2019-11-15 21:30:00,0.8262856762750068,23768.264611799306,23.768264611799307,70.48695,-162.28278,11780.288658529487,,-11987.975953269819
S1A1,2019-11-15 22:00:00,0.7657471417435672,23768.264611799306,23.768264611799307,70.48695,-162.28278,12022.040810860153,,-11746.223800939153
S1A1,2019-11-15 22:30:00,0.7052086068014927,23768.264611799306,23.768264611799307,70.48695,-162.28278,12263.792963190817,,-11504.471648608489
S1A1,2019-11-15 23:00:00,0.7283105078931432,23768.264611799306,23.768264611799307,70.48695,-162.28278,12505.545115521483,,-11262.719496277823
S1A1,2019-11-15 23:30:00,0.7514124091394356,23768.264611799306,23.768264611799307,70.48695,-162.28278,12747.297267852147,,-11020.967343947159
S1A1,2019-11-16 00:00:00,0.7357683091180992,23768.264611799306,23.768264611799307,70.48695,-162.28278,12989.049420182813,,-10779.215191616493
S1A1,2019-11-16 00:30:00,0.7201242090967627,23768.264611799306,23.768264611799307,70.48695,-162.28278,13230.801572513477,,-10537.463039285829
S1A1,2019-11-16 01:00:00,0.7676790511664666,23768.264611799306,23.768264611799307,70.48695,-162.28278,13472.553724844141,,-10295.710886955165
S1A1,2019-11-16 01:30:00,0.8152338934698661,23768.264611799306,23.768264611799307,70.48695,-162.28278,13714.305877174807,,-10053.958734624499
S1A1,2019-11-16 02:00:00,0.8390652548865011,23768.264611799306,23.768264611799307,70.48695,-162.28278,13956.058029505471,,-9812.206582293835
S1A1,2019-11-16 02:30:00,0.862896616259274,23768.264611799306,23.768264611799307,70.48695,-162.28278,14197.810181836137,,-9570.454429963169
S1A1,2019-11-16 03:00:00,0.8036692050002368,23768.264611799306,23.768264611799307,70.48695,-162.28278,14439.562334166802,14.439562334166801,-9328.702277632505
S1A1,2019-11-16 03:30:00,0.7444417937411995,23768.264611799306,23.768264611799307,70.48695,-162.28278,14439.562334166802,14.439562334166801,-9328.702277632505
S1A1,2019-11-16 04:00:00,0.702250950945423,23768.264611799306,23.768264611799307,70.48695,-162.28278,14439.562334166802,14.439562334166801,-9328.702277632505
S1A1,2019-11-16 04:30:00,0.660060108212644,23768.264611799306,23.768264611799307,70.48695,-162.28278,14439.562334166802,14.439562334166801,-9328.702277632505
S1A1,2019-11-16 05:00:00,0.6647394077860337,23768.264611799306,23.768264611799307,70.48695,-162.28278,14329.591518451785,,-9438.673093347521
S1A1,2019-11-16 05:30:00,0.6694187074460809,23768.264611799306,23.768264611799307,70.48695,-162.28278,14219.620702736769,,-9548.643909062537
S1A1,2019-11-16 06:00:00,0.6617475342184171,23768.264611799306,23.768264611799307,70.48695,-162.28278,14109.649887021753,,-9658.614724777553
S1A1,2019-11-16 06:30:00,0.6540763609907535,23768.264611799306,23.768264611799307,70.48695,-162.28278,13999.679071306737,,-9768.58554049257
S1A1,2019-11-16 07:00:00,0.6356935911619142,23768.264611799306,23.768264611799307,70.48695,-162.28278,13889.70825559172,,-9878.556356207586
S1A1,2019-11-16 07:30:00,0.6173108212934657,23768.264611799306,23.768264611799307,70.48695,-162.28278,13779.737439876704,,-9988.527171922602
S1A1,2019-11-16 08:00:00,0.6495692895844096,23768.264611799306,23.768264611799307,70.48695,-162.28278,13669.766624161688,,-10098.497987637618
S1A1,2019-11-16 08:30:00,0.6818277579689835,23768.264611799306,23.768264611799307,70.48695,-162.28278,13559.795808446672,,-10208.468803352634
S1A1,2019-11-16 09:00:00,0.6761269798028902,23768.264611799306,23.768264611799307,70.48695,-162.28278,13449.824992731656,,-10318.43961906765
S1A1,2019-11-16 09:30:00,0.6704262016367969,23768.264611799306,23.768264611799307,70.48695,-162.28278,13339.85417701664,,-10428.410434782667
S1A1,2019-11-16 10:00:00,0.6684306270039233,23768.264611799306,23.768264611799307,70.48695,-162.28278,13229.883361301621,,-10538.381250497685
S1A1,2019-11-16 10:30:00,0.6664350523847508,23768.264611799306,23.768264611799307,70.48695,-162.28278,13119.912545586605,,-10648.352066212701
S1A1,2019-11-16 11:00:00,0.6645410253629359,23768.264611799306,23.768264611799307,70.48695,-162.28278,13009.941729871589,,-10758.322881927717
S1A1,2019-11-16 11:30:00,0.6626469983413089,23768.264611799306,23.768264611799307,70.48695,-162.28278,12899.970914156573,,-10868.293697642734
S1A1,2019-11-16 12:00:00,0.6060324550521669,23768.264611799306,23.768264611799307,70.48695,-162.28278,12790.000098441556,,-10978.26451335775
S1A1,2019-11-16 12:30:00,0.5494179117630247,23768.264611799306,23.768264611799307,70.48695,-162.28278,12680.02928272654,,-11088.235329072766
S1A1,2019-11-16 13:00:00,0.5723779746897497,23768.264611799306,23.768264611799307,70.48695,-162.28278,12570.058467011524,,-11198.206144787782
S1A1,2019-11-16 13:30:00,0.5953380379107239,23768.264611799306,23.768264611799307,70.48695,-162.28278,12460.087651296508,,-11308.176960502798
S1A1,2019-11-16 14:00:00,0.5928673965388822,23768.264611799306,23.768264611799307,70.48695,-162.28278,12350.116835581492,,-11418.147776217815
S1A1,2019-11-16 14:30:00,0.5903967551200219,23768.264611799306,23.768264611799307,70.48695,-162.28278,12240.146019866475,,-11528.11859193283
S1A1,2019-11-16 15:00:00,0.5491543127132142,23768.264611799306,23.768264611799307,70.48695,-162.28278,12130.17520415146,,-11638.089407647847
S1A1,2019-11-16 15:30:00,0.5079118703064066,23768.264611799306,23.768264611799307,70.48695,-162.28278,12020.204388436443,,-11748.060223362863
S1A1,2019-11-16 16:00:00,0.5080124330716943,23768.264611799306,23.768264611799307,70.48695,-162.28278,11910.233572721427,,-11858.03103907788
S1A1,2019-11-16 16:30:00,0.5081129959898592,23768.264611799306,23.768264611799307,70.48695,-162.28278,11800.26275700641,,-11968.001854792896
S1A1,2019-11-16 17:00:00,0.4923680020129885,23768.264611799306,23.768264611799307,70.48695,-162.28278,11690.291941291394,,-12077.972670507912
S1A1,2019-11-16 17:30:00,0.47662300800682117,23768.264611799306,23.768264611799307,70.48695,-162.28278,11580.321125576378,,-12187.943486222928
S1A1,2019-11-16 18:00:00,0.4670237984573579,23768.264611799306,23.768264611799307,70.48695,-162.28278,11470.350309861362,,-12297.914301937944
S1A1,2019-11-16 18:30:00,0.4574245889078946,23768.264611799306,23.768264611799307,70.48695,-162.28278,11360.379494146346,,-12407.88511765296
S1A1,2019-11-16 19:00:00,0.4517435039504187,23768.264611799306,23.768264611799307,70.48695,-162.28278,11250.40867843133,,-12517.855933367977
S1A1,2019-11-16 19:30:00,0.4460624190074311,23768.264611799306,23.768264611799307,70.48695,-162.28278,11140.437862716313,,-12627.826749082993
S1A1,2019-11-16 20:00:00,0.4372134646567163,23768.264611799306,23.768264611799307,70.48695,-162.28278,11030.467047001297,,-12737.79756479801
S1A1,2019-11-16 20:30:00,0.4283645103001445,23768.264611799306,23.768264611799307,70.48695,-162.28278,10920.49623128628,,-12847.768380513025
S1A1,2019-11-16 21:00:00,0.4221973382583448,23768.264611799306,23.768264611799307,70.48695,-162.28278,10810.525415571265,,-12957.739196228042
S1A1,2019-11-16 21:30:00,0.41603016621654515,23768.264611799306,23.768264611799307,70.48695,-162.28278,10700.554599856248,,-13067.710011943058
S1A1,2019-11-16 22:00:00,0.47771710378713056,23768.264611799306,23.768264611799307,70.48695,-162.28278,10590.583784141232,,-13177.680827658074
S1A1,2019-11-16 22:30:00,0.5394040416086253,23768.264611799306,23.768264611799307,70.48695,-162.28278,10480.612968426216,,-13287.65164337309
S1A1,2019-11-16 23:00:00,0.5244139871950108,23768.264611799306,23.768264611799307,70.48695,-162.28278,10370.6421527112,,-13397.622459088107
S1A1,2019-11-16 23:30:00,0.5094239326396289,23768.264611799306,23.768264611799307,70.48695,-162.28278,10260.671336996184,,-13507.593274803123
S1A1,2019-11-17 00:00:00,0.5011849197310075,23768.264611799306,23.768264611799307,70.48695,-162.28278,10150.700521281167,,-13617.564090518139
S1A1,2019-11-17 00:30:00,0.49294590682238604,23768.264611799306,23.768264611799307,70.48695,-162.28278,10040.729705566151,,-13727.534906233155
S1A1,2019-11-17 01:00:00,0.529159651022652,23768.264611799306,23.768264611799307,70.48695,-162.28278,9930.758889851135,,-13837.505721948171
S1A1,2019-11-17 01:30:00,0.5653733953872943,23768.264611799306,23.768264611799307,70.48695,-162.28278,9820.788074136119,,-13947.476537663188
S1A1,2019-11-17 02:00:00,0.5275899528482763,23768.264611799306,23.768264611799307,70.48695,-162.28278,9710.817258421102,,-14057.447353378204
S1A1,2019-11-17 02:30:00,0.4898065101724456,23768.264611799306,23.768264611799307,70.48695,-162.28278,9600.846442706084,,-14167.418169093222
S1A1,2019-11-17 03:00:00,0.4972602030113562,23768.264611799306,23.768264611799307,70.48695,-162.28278,9490.875626991068,,-14277.388984808238
S1A1,2019-11-17 03:30:00,0.5047138958502668,23768.264611799306,23.768264611799307,70.48695,-162.28278,9380.904811276052,,-14387.359800523254
S1A1,2019-11-17 04:00:00,0.5085035677091092,23768.264611799306,23.768264611799307,70.48695,-162.28278,9270.933995561036,,-14497.33061623827
S1A1,2019-11-17 04:30:00,0.5122932395544028,23768.264611799306,23.768264611799307,70.48695,-162.28278,9160.96317984602,,-14607.301431953287
S1A1,2019-11-17 05:00:00,0.5255348615276103,23768.264611799306,23.768264611799307,70.48695,-162.28278,9050.992364131003,,-14717.272247668303
S1A1,2019-11-17 05:30:00,0.5387764835182934,23768.264611799306,23.768264611799307,70.48695,-162.28278,8941.021548415987,,-14827.24306338332
S1A1,2019-11-17 06:00:00,0.5368768848266222,23768.264611799306,23.768264611799307,70.48695,-162.28278,8831.050732700971,,-14937.213879098335
S1A1,2019-11-17 06:30:00,0.5349772861349509,23768.264611799306,23.768264611799307,70.48695,-162.28278,8721.079916985955,,-15047.184694813352
S1A1,2019-11-17 07:00:00,0.5704533751896603,23768.264611799306,23.768264611799307,70.48695,-162.28278,8611.109101270938,,-15157.155510528368
S1A1,2019-11-17 07:30:00,0.6059294643825767,23768.264611799306,23.768264611799307,70.48695,-162.28278,8501.138285555922,,-15267.126326243384
S1A1,2019-11-17 08:00:00,0.6005397584763785,23768.264611799306,23.768264611799307,70.48695,-162.28278,8391.167469840906,,-15377.0971419584
S1A1,2019-11-17 08:30:00,0.5951500524946242,23768.264611799306,23.768264611799307,70.48695,-162.28278,8281.196654125888,,-15487.067957673418
S1A1,2019-11-17 09:00:00,0.6106318587430287,23768.264611799306,23.768264611799307,70.48695,-162.28278,8171.225838410873,,-15597.038773388434
S1A1,2019-11-17 09:30:00,0.6261136649914333,23768.264611799306,23.768264611799307,70.48695,-162.28278,8061.2550226958565,,-15707.00958910345
S1A1,2019-11-17 10:00:00,0.5890741275733751,23768.264611799306,23.768264611799307,70.48695,-162.28278,7951.28420698084,,-15816.980404818467
S1A1,2019-11-17 10:30:00,0.5520345899611047,23768.264611799306,23.768264611799307,70.48695,-162.28278,7841.313391265824,,-15926.951220533483
S1A1,2019-11-17 11:00:00,0.5547271987761898,23768.264611799306,23.768264611799307,70.48695,-162.28278,7731.342575550808,,-16036.9220362485
S1A1,2019-11-17 11:30:00,0.5574198076647353,23768.264611799306,23.768264611799307,70.48695,-162.28278,7621.371759835792,,-16146.892851963516
S1A1,2019-11-17 12:00:00,0.538834370472499,23768.264611799306,23.768264611799307,70.48695,-162.28278,7511.400944120775,,-16256.863667678532
S1A1,2019-11-17 12:30:00,0.5202489332802627,23768.264611799306,23.768264611799307,70.48695,-162.28278,7401.430128405759,,-16366.834483393548
S1A1,2019-11-17 13:00:00,0.5591902288859608,23768.264611799306,23.768264611799307,70.48695,-162.28278,7291.459312690743,,-16476.805299108564
S1A1,2019-11-17 13:30:00,0.5981315247043801,23768.264611799306,23.768264611799307,70.48695,-162.28278,7181.488496975727,,-16586.77611482358
S1A1,2019-11-17 14:00:00,0.5515638502031041,23768.264611799306,23.768264611799307,70.48695,-162.28278,7071.517681260711,,-16696.746930538597
S1A1,2019-11-17 14:30:00,0.5049961755437314,23768.264611799306,23.768264611799307,70.48695,-162.28278,6961.546865545693,,-16806.717746253613
S1A1,2019-11-17 15:00:00,0.526436244505592,23768.264611799306,23.768264611799307,70.48695,-162.28278,6851.576049830677,,-16916.68856196863
S1A1,2019-11-17 15:30:00,0.5478763134674526,23768.264611799306,23.768264611799307,70.48695,-162.28278,6741.605234115661,,-17026.659377683645
S1A1,2019-11-17 16:00:00,0.5900957038353438,23768.264611799306,23.768264611799307,70.48695,-162.28278,6631.634418400645,,-17136.63019339866
S1A1,2019-11-17 16:30:00,0.6323150942800724,23768.264611799306,23.768264611799307,70.48695,-162.28278,6521.663602685629,,-17246.601009113678
S1A1,2019-11-17 17:00:00,0.6294172099677144,23768.264611799306,23.768264611799307,70.48695,-162.28278,6411.692786970612,,-17356.571824828694
S1A1,2019-11-17 17:30:00,0.6265193255719396,23768.264611799306,23.768264611799307,70.48695,-162.28278,6301.721971255596,,-17466.54264054371
S1A1,2019-11-17 18:00:00,0.6694675872923475,23768.264611799306,23.768264611799307,70.48695,-162.28278,6191.75115554058,,-17576.513456258726
S1A1,2019-11-17 18:30:00,0.7124158490127552,23768.264611799306,23.768264611799307,70.48695,-162.28278,6081.780339825564,,-17686.484271973743
S1A1,2019-11-17 19:00:00,0.7013531607889575,23768.264611799306,23.768264611799307,70.48695,-162.28278,5971.8095241105475,,-17796.45508768876
S1A1,2019-11-17 19:30:00,0.6902904723654392,23768.264611799306,23.768264611799307,70.48695,-162.28278,5861.838708395531,,-17906.425903403775
S1A1,2019-11-17 20:00:00,0.6943546170273885,23768.264611799306,23.768264611799307,70.48695,-162.28278,5751.867892680515,,-18016.39671911879
S1A1,2019-11-17 20:30:00,0.6984187617173058,23768.264611799306,23.768264611799307,70.48695,-162.28278,5641.897076965499,,-18126.367534833807
S1A1,2019-11-17 21:00:00,0.6617850192146113,23768.264611799306,23.768264611799307,70.48695,-162.28278,5531.926261250483,,-18236.338350548824
S1A1,2019-11-17 21:30:00,0.6251512767119168,23768.264611799306,23.768264611799307,70.48695,-162.28278,5421.955445535466,,-18346.30916626384
S1A1,2019-11-17 22:00:00,0.6010470115867215,23768.264611799306,23.768264611799307,70.48695,-162.28278,5311.98462982045,,-18456.279981978856
S1A1,2019-11-17 22:30:00,0.5769427465078574,23768.264611799306,23.768264611799307,70.48695,-162.28278,5202.013814105434,,-18566.250797693872
S1A1,2019-11-17 23:00:00,0.5898639417587688,23768.264611799306,23.768264611799307,70.48695,-162.28278,5092.042998390418,,-18676.22161340889
S1A1,2019-11-17 23:30:00,0.6027851370781361,23768.264611799306,23.768264611799307,70.48695,-162.28278,4982.072182675402,,-18786.192429123905
S1A1,2019-11-18 00:00:00,0.6093932474140411,23768.264611799306,23.768264611799307,70.48695,-162.28278,4872.1013669603835,,-18896.16324483892
S1A1,2019-11-18 00:30:00,0.6160013577499461,23768.264611799306,23.768264611799307,70.48695,-162.28278,4762.130551245367,,-19006.134060553937
S1A1,2019-11-18 01:00:00,0.615245628737064,23768.264611799306,23.768264611799307,70.48695,-162.28278,4652.159735530351,,-19116.104876268953
S1A1,2019-11-18 01:30:00,0.614489899696952,23768.264611799306,23.768264611799307,70.48695,-162.28278,4542.188919815335,,-19226.07569198397
S1A1,2019-11-18 02:00:00,0.6074496448614701,23768.264611799306,23.768264611799307,70.48695,-162.28278,4432.218104100319,,-19336.046507698986
S1A1,2019-11-18 02:30:00,0.6004093900143689,23768.264611799306,23.768264611799307,70.48695,-162.28278,4322.247288385302,,-19446.017323414002
S1A1,2019-11-18 03:00:00,0.6227929784742844,23768.264611799306,23.768264611799307,70.48695,-162.28278,4212.276472670286,,-19555.98813912902
S1A1,2019-11-18 03:30:00,0.6451765669341998,23768.264611799306,23.768264611799307,70.48695,-162.28278,4102.30565695527,4.10230565695527,-19665.958954844034
S1A1,2019-11-18 04:00:00,0.8318457949779431,23768.264611799306,23.768264611799307,70.48695,-162.28278,4102.30565695527,4.10230565695527,-19665.958954844034
S1A1,2019-11-18 04:30:00,1.0185150236291782,23768.264611799306,23.768264611799307,70.48695,-162.28278,4102.30565695527,4.10230565695527,-19665.958954844034
S1A1,2019-11-18 05:00:00,0.8349796053809669,23768.264611799306,23.768264611799307,70.48695,-162.28278,4102.30565695527,4.10230565695527,-19665.958954844034
S1A1,2019-11-18 05:30:00,0.6514441864482884,23768.264611799306,23.768264611799307,70.48695,-162.28278,4113.615920291439,,-19654.648691507868
S1A1,2019-11-18 06:00:00,0.6516477449519144,23768.264611799306,23.768264611799307,70.48695,-162.28278,4124.926183627607,,-19643.3384281717
S1A1,2019-11-18 06:30:00,0.6518513034555403,23768.264611799306,23.768264611799307,70.48695,-162.28278,4136.236446963776,,-19632.02816483553
S1A1,2019-11-18 07:00:00,0.6311443534460274,23768.264611799306,23.768264611799307,70.48695,-162.28278,4147.546710299945,,-19620.71790149936
S1A1,2019-11-18 07:30:00,0.6104374033591919,23768.264611799306,23.768264611799307,70.48695,-162.28278,4158.856973636113,,-19609.407638163193
S1A1,2019-11-18 08:00:00,0.6042775387985543,23768.264611799306,23.768264611799307,70.48695,-162.28278,4170.167236972282,,-19598.097374827026
S1A1,2019-11-18 08:30:00,0.5981176742648125,23768.264611799306,23.768264611799307,70.48695,-162.28278,4181.4775003084505,,-19586.787111490856
S1A1,2019-11-18 09:00:00,0.600941066309558,23768.264611799306,23.768264611799307,70.48695,-162.28278,4192.787763644619,,-19575.476848154685
S1A1,2019-11-18 09:30:00,0.6037644583543035,23768.264611799306,23.768264611799307,70.48695,-162.28278,4204.098026980788,,-19564.16658481852
S1A1,2019-11-18 10:00:00,0.6158491434484943,23768.264611799306,23.768264611799307,70.48695,-162.28278,4215.4082903169565,,-19552.85632148235
S1A1,2019-11-18 10:30:00,0.6279338285769313,23768.264611799306,23.768264611799307,70.48695,-162.28278,4226.718553653125,,-19541.54605814618
S1A1,2019-11-18 11:00:00,0.6485726972722605,23768.264611799306,23.768264611799307,70.48695,-162.28278,4238.028816989294,,-19530.23579481001
S1A1,2019-11-18 11:30:00,0.6692115659834055,23768.264611799306,23.768264611799307,70.48695,-162.28278,4249.339080325462,,-19518.925531473844
S1A1,2019-11-18 12:00:00,0.6978534686797528,23768.264611799306,23.768264611799307,70.48695,-162.28278,4260.649343661631,,-19507.615268137677
S1A1,2019-11-18 12:30:00,0.7264953713761002,23768.264611799306,23.768264611799307,70.48695,-162.28278,4271.9596069978,,-19496.305004801507
S1A1,2019-11-18 13:00:00,0.7418957158008287,23768.264611799306,23.768264611799307,70.48695,-162.28278,4283.269870333968,,-19484.994741465336
S1A1,2019-11-18 13:30:00,0.7572960601765928,23768.264611799306,23.768264611799307,70.48695,-162.28278,4294.580133670137,,-19473.68447812917
S1A1,2019-11-18 14:00:00,0.7388903770213027,23768.264611799306,23.768264611799307,70.48695,-162.28278,4305.890397006306,,-19462.374214793002
S1A1,2019-11-18 14:30:00,0.7204846938035089,23768.264611799306,23.768264611799307,70.48695,-162.28278,4317.200660342474,,-19451.063951456832
S1A1,2019-11-18 15:00:00,0.6965863137293969,23768.264611799306,23.768264611799307,70.48695,-162.28278,4328.510923678643,,-19439.75368812066
S1A1,2019-11-18 15:30:00,0.6726879336552849,23768.264611799306,23.768264611799307,70.48695,-162.28278,4339.821187014812,,-19428.443424784495
S1A1,2019-11-18 16:00:00,0.6565808349166012,23768.264611799306,23.768264611799307,70.48695,-162.28278,4351.13145035098,,-19417.133161448328
S1A1,2019-11-18 16:30:00,0.6404737362067281,23768.264611799306,23.768264611799307,70.48695,-162.28278,4362.441713687149,,-19405.822898112157
S1A1,2019-11-18 17:00:00,0.6188265074984673,23768.264611799306,23.768264611799307,70.48695,-162.28278,4373.7519770233175,,-19394.512634775987
S1A1,2019-11-18 17:30:00,0.5971792787799636,23768.264611799306,23.768264611799307,70.48695,-162.28278,4385.062240359486,,-19383.20237143982
S1A1,2019-11-18 18:00:00,0.594152725211452,23768.264611799306,23.768264611799307,70.48695,-162.28278,4396.372503695655,,-19371.892108103653
S1A1,2019-11-18 18:30:00,0.5911261716429403,23768.264611799306,23.768264611799307,70.48695,-162.28278,4407.6827670318235,,-19360.581844767483
S1A1,2019-11-18 19:00:00,0.6032127445624614,23768.264611799306,23.768264611799307,70.48695,-162.28278,4418.993030367992,,-19349.271581431312
S1A1,2019-11-18 19:30:00,0.6152993175378675,23768.264611799306,23.768264611799307,70.48695,-162.28278,4430.303293704161,,-19337.961318095146
S1A1,2019-11-18 20:00:00,0.7547422988571665,23768.264611799306,23.768264611799307,70.48695,-162.28278,4441.613557040329,,-19326.65105475898
S1A1,2019-11-18 20:30:00,0.8941852804119335,23768.264611799306,23.768264611799307,70.48695,-162.28278,4452.923820376498,,-19315.34079142281
S1A1,2019-11-18 21:00:00,0.8213127123695521,23768.264611799306,23.768264611799307,70.48695,-162.28278,4464.234083712667,,-19304.030528086638
S1A1,2019-11-18 21:30:00,0.7484401443271707,23768.264611799306,23.768264611799307,70.48695,-162.28278,4475.544347048835,,-19292.72026475047
S1A1,2019-11-18 22:00:00,0.8007872978496647,23768.264611799306,23.768264611799307,70.48695,-162.28278,4486.854610385004,,-19281.410001414304
S1A1,2019-11-18 22:30:00,0.8531344518351937,23768.264611799306,23.768264611799307,70.48695,-162.28278,4498.164873721173,,-19270.099738078134
S1A1,2019-11-18 23:00:00,1.0145023160419246,23768.264611799306,23.768264611799307,70.48695,-162.28278,4509.475137057341,,-19258.789474741963
S1A1,2019-11-18 23:30:00,1.1758701804502227,23768.264611799306,23.768264611799307,70.48695,-162.28278,4520.78540039351,,-19247.479211405796
S1A1,2019-11-19 00:00:00,1.171199999301589,23768.264611799306,23.768264611799307,70.48695,-162.28278,4532.095663729679,,-19236.16894806963
S1A1,2019-11-19 00:30:00,1.166529818152955,23768.264611799306,23.768264611799307,70.48695,-162.28278,4543.405927065847,,-19224.85868473346
S1A1,2019-11-19 01:00:00,1.1717596211601133,23768.264611799306,23.768264611799307,70.48695,-162.28278,4554.716190402016,,-19213.54842139729
S1A1,2019-11-19 01:30:00,1.1769894242038796,23768.264611799306,23.768264611799307,70.48695,-162.28278,4566.0264537381845,,-19202.23815806112
S1A1,2019-11-19 02:00:00,1.2816409645547742,23768.264611799306,23.768264611799307,70.48695,-162.28278,4577.336717074353,,-19190.927894724955
S1A1,2019-11-19 02:30:00,1.3862925050894885,23768.264611799306,23.768264611799307,70.48695,-162.28278,4588.646980410522,,-19179.617631388785
S1A1,2019-11-19 03:00:00,1.3985145433334427,23768.264611799306,23.768264611799307,70.48695,-162.28278,4599.95724374669,,-19168.307368052614
S1A1,2019-11-19 03:30:00,1.4107365815773971,23768.264611799306,23.768264611799307,70.48695,-162.28278,4611.267507082859,,-19156.997104716447
S1A1,2019-11-19 04:00:00,1.3981245427625841,23768.264611799306,23.768264611799307,70.48695,-162.28278,4622.577770419028,,-19145.68684138028
S1A1,2019-11-19 04:30:00,1.3855125038559404,23768.264611799306,23.768264611799307,70.48695,-162.28278,4633.888033755196,,-19134.37657804411
S1A1,2019-11-19 05:00:00,1.4424943078144041,23768.264611799306,23.768264611799307,70.48695,-162.28278,4645.198297091365,,-19123.06631470794
S1A1,2019-11-19 05:30:00,1.499476111901539,23768.264611799306,23.768264611799307,70.48695,-162.28278,4656.508560427534,,-19111.756051371773
S1A1,2019-11-19 06:00:00,1.3605296527177242,23768.264611799306,23.768264611799307,70.48695,-162.28278,4667.818823763702,,-19100.445788035606
S1A1,2019-11-19 06:30:00,1.2215831935339092,23768.264611799306,23.768264611799307,70.48695,-162.28278,4679.129087099871,,-19089.135524699435
S1A1,2019-11-19 07:00:00,1.2134805215316888,23768.264611799306,23.768264611799307,70.48695,-162.28278,4690.43935043604,,-19077.825261363265
S1A1,2019-11-19 07:30:00,1.2053778500132994,23768.264611799306,23.768264611799307,70.48695,-162.28278,4701.749613772208,,-19066.514998027098
S1A1,2019-11-19 08:00:00,1.2133329032454991,23768.264611799306,23.768264611799307,70.48695,-162.28278,4713.059877108377,,-19055.20473469093
S1A1,2019-11-19 08:30:00,1.2212879565073878,23768.264611799306,23.768264611799307,70.48695,-162.28278,4724.3701404445455,,-19043.89447135476
S1A1,2019-11-19 09:00:00,1.2438170055081426,23768.264611799306,23.768264611799307,70.48695,-162.28278,4735.680403780714,,-19032.58420801859
S1A1,2019-11-19 09:30:00,1.2663460545088974,23768.264611799306,23.768264611799307,70.48695,-162.28278,4746.990667116883,,-19021.273944682423
S1A1,2019-11-19 10:00:00,1.2785253146298132,23768.264611799306,23.768264611799307,70.48695,-162.28278,4758.3009304530515,,-19009.963681346257
S1A1,2019-11-19 10:30:00,1.290704574712458,23768.264611799306,23.768264611799307,70.48695,-162.28278,4769.61119378922,,-18998.653418010086
S1A1,2019-11-19 11:00:00,1.2993493373194964,23768.264611799306,23.768264611799307,70.48695,-162.28278,4780.921457125389,,-18987.343154673916
S1A1,2019-11-19 11:30:00,1.3079940999199997,23768.264611799306,23.768264611799307,70.48695,-162.28278,4792.231720461557,,-18976.03289133775
S1A1,2019-11-19 12:00:00,1.2146143196725483,23768.264611799306,23.768264611799307,70.48695,-162.28278,4803.541983797726,,-18964.722628001582
S1A1,2019-11-19 12:30:00,1.1212345394250969,23768.264611799306,23.768264611799307,70.48695,-162.28278,4814.852247133895,,-18953.41236466541
S1A1,2019-11-19 13:00:00,1.2101439424526668,23768.264611799306,23.768264611799307,70.48695,-162.28278,4826.162510470063,,-18942.10210132924
S1A1,2019-11-19 13:30:00,1.2990533461543012,23768.264611799306,23.768264611799307,70.48695,-162.28278,4837.472773806232,,-18930.791837993074
S1A1,2019-11-19 14:00:00,1.1437475605449134,23768.264611799306,23.768264611799307,70.48695,-162.28278,4848.783037142401,,-18919.481574656907
S1A1,2019-11-19 14:30:00,0.988441774483999,23768.264611799306,23.768264611799307,70.48695,-162.28278,4860.093300478569,,-18908.171311320737
S1A1,2019-11-19 15:00:00,0.9769387362294679,23768.264611799306,23.768264611799307,70.48695,-162.28278,4871.403563814738,,-18896.861047984567
S1A1,2019-11-19 15:30:00,0.9654356979749369,23768.264611799306,23.768264611799307,70.48695,-162.28278,4882.713827150907,,-18885.5507846484
S1A1,2019-11-19 16:00:00,0.903887972035433,23768.264611799306,23.768264611799307,70.48695,-162.28278,4894.024090487075,,-18874.240521312233
S1A1,2019-11-19 16:30:00,0.8423402459108749,23768.264611799306,23.768264611799307,70.48695,-162.28278,4905.334353823244,,-18862.930257976062
S1A1,2019-11-19 17:00:00,0.8165187996874428,23768.264611799306,23.768264611799307,70.48695,-162.28278,4916.6446171594125,4.916644617159412,-18851.619994639892
S1A1,2019-11-19 17:30:00,0.7906973535300645,23768.264611799306,23.768264611799307,70.48695,-162.28278,4916.6446171594125,4.916644617159412,-18851.619994639892
S1A1,2019-11-19 18:00:00,0.7926077012452019,23768.264611799306,23.768264611799307,70.48695,-162.28278,4916.6446171594125,4.916644617159412,-18851.619994639892
S1A1,2019-11-19 18:30:00,0.7945180489603393,23768.264611799306,23.768264611799307,70.48695,-162.28278,4916.6446171594125,4.916644617159412,-18851.619994639892
S1A1,2019-11-19 19:00:00,0.7661745629980056,23768.264611799306,23.768264611799307,70.48695,-162.28278,4973.613364511624,,-18794.651247287682
S1A1,2019-11-19 19:30:00,0.7378310769237999,23768.264611799306,23.768264611799307,70.48695,-162.28278,5030.582111863836,,-18737.682499935472
S1A1,2019-11-19 20:00:00,0.7129228483490562,23768.264611799306,23.768264611799307,70.48695,-162.28278,5087.550859216048,,-18680.71375258326
S1A1,2019-11-19 20:30:00,0.6880146197806638,23768.264611799306,23.768264611799307,70.48695,-162.28278,5144.519606568259,,-18623.745005231045
S1A1,2019-11-19 21:00:00,0.7259572806355944,23768.264611799306,23.768264611799307,70.48695,-162.28278,5201.488353920471,,-18566.776257878835
S1A1,2019-11-19 21:30:00,0.763899941490525,23768.264611799306,23.768264611799307,70.48695,-162.28278,5258.457101272683,,-18509.807510526625
S1A1,2019-11-19 22:00:00,0.7507502381235263,23768.264611799306,23.768264611799307,70.48695,-162.28278,5315.425848624895,,-18452.83876317441
S1A1,2019-11-19 22:30:00,0.7376005345675993,23768.264611799306,23.768264611799307,70.48695,-162.28278,5372.394595977106,,-18395.8700158222
S1A1,2019-11-19 23:00:00,0.688766475618902,23768.264611799306,23.768264611799307,70.48695,-162.28278,5429.363343329317,,-18338.90126846999
S1A1,2019-11-19 23:30:00,0.6399324166042284,23768.264611799306,23.768264611799307,70.48695,-162.28278,5486.332090681529,,-18281.93252111778
S1A1,2019-11-20 00:00:00,0.6536282334278771,23768.264611799306,23.768264611799307,70.48695,-162.28278,5543.300838033741,,-18224.963773765565
S1A1,2019-11-20 00:30:00,0.667324050251526,23768.264611799306,23.768264611799307,70.48695,-162.28278,5600.269585385952,,-18167.995026413355
S1A1,2019-11-20 01:00:00,0.655133301702291,23768.264611799306,23.768264611799307,70.48695,-162.28278,5657.238332738164,,-18111.02627906114
S1A1,2019-11-20 01:30:00,0.6429425530573333,23768.264611799306,23.768264611799307,70.48695,-162.28278,5714.207080090376,,-18054.05753170893
S1A1,2019-11-20 02:00:00,0.6189012738193673,23768.264611799306,23.768264611799307,70.48695,-162.28278,5771.175827442587,,-17997.088784356718
S1A1,2019-11-20 02:30:00,0.594859994559491,23768.264611799306,23.768264611799307,70.48695,-162.28278,5828.144574794799,,-17940.120037004508
S1A1,2019-11-20 03:00:00,0.6149253485123183,23768.264611799306,23.768264611799307,70.48695,-162.28278,5885.113322147011,,-17883.151289652295
S1A1,2019-11-20 03:30:00,0.6349907024651456,23768.264611799306,23.768264611799307,70.48695,-162.28278,5942.082069499223,,-17826.182542300085
S1A1,2019-11-20 04:00:00,0.5991993986955156,23768.264611799306,23.768264611799307,70.48695,-162.28278,5999.050816851434,,-17769.21379494787
S1A1,2019-11-20 04:30:00,0.5634080947193402,23768.264611799306,23.768264611799307,70.48695,-162.28278,6056.019564203646,,-17712.24504759566
S1A1,2019-11-20 05:00:00,0.5617880289380831,23768.264611799306,23.768264611799307,70.48695,-162.28278,6112.988311555858,,-17655.276300243448
S1A1,2019-11-20 05:30:00,0.5601679632200048,23768.264611799306,23.768264611799307,70.48695,-162.28278,6169.957058908069,,-17598.307552891238
S1A1,2019-11-20 06:00:00,0.5468391503216629,23768.264611799306,23.768264611799307,70.48695,-162.28278,6226.92580626028,,-17541.338805539024
S1A1,2019-11-20 06:30:00,0.533510337423321,23768.264611799306,23.768264611799307,70.48695,-162.28278,6283.894553612492,,-17484.370058186814
S1A1,2019-11-20 07:00:00,0.6186148053837413,23768.264611799306,23.768264611799307,70.48695,-162.28278,6340.863300964704,,-17427.401310834604
S1A1,2019-11-20 07:30:00,0.703719273708146,23768.264611799306,23.768264611799307,70.48695,-162.28278,6397.8320483169155,,-17370.43256348239
S1A1,2019-11-20 08:00:00,0.7895639981328064,23768.264611799306,23.768264611799307,70.48695,-162.28278,6454.800795669127,,-17313.463816130177
S1A1,2019-11-20 08:30:00,0.8754087225588354,23768.264611799306,23.768264611799307,70.48695,-162.28278,6511.769543021339,,-17256.495068777967
S1A1,2019-11-20 09:00:00,1.041680765035923,23768.264611799306,23.768264611799307,70.48695,-162.28278,6568.738290373551,,-17199.526321425757
S1A1,2019-11-20 09:30:00,1.2079528075130106,23768.264611799306,23.768264611799307,70.48695,-162.28278,6625.707037725762,,-17142.557574073544
S1A1,2019-11-20 10:00:00,1.1991835218165796,23768.264611799306,23.768264611799307,70.48695,-162.28278,6682.675785077974,,-17085.58882672133
S1A1,2019-11-20 10:30:00,1.1904142354728848,23768.264611799306,23.768264611799307,70.48695,-162.28278,6739.644532430186,,-17028.62007936912
S1A1,2019-11-20 11:00:00,1.2438392369521427,23768.264611799306,23.768264611799307,70.48695,-162.28278,6796.6132797823975,,-16971.65133201691
S1A1,2019-11-20 11:30:00,1.2972642385463908,23768.264611799306,23.768264611799307,70.48695,-162.28278,6853.582027134609,,-16914.682584664697
S1A1,2019-11-20 12:00:00,1.2996108470484715,23768.264611799306,23.768264611799307,70.48695,-162.28278,6910.550774486821,,-16857.713837312484
S1A1,2019-11-20 12:30:00,1.301957455550552,23768.264611799306,23.768264611799307,70.48695,-162.28278,6967.519521839033,,-16800.745089960274
S1A1,2019-11-20 13:00:00,1.1895197794165555,23768.264611799306,23.768264611799307,70.48695,-162.28278,7024.488269191244,,-16743.776342608064
S1A1,2019-11-20 13:30:00,1.0770821028581123,23768.264611799306,23.768264611799307,70.48695,-162.28278,7081.457016543456,,-16686.80759525585
S1A1,2019-11-20 14:00:00,1.104197928461521,23768.264611799306,23.768264611799307,70.48695,-162.28278,7138.425763895668,,-16629.838847903637
S1A1,2019-11-20 14:30:00,1.131313754322949,23768.264611799306,23.768264611799307,70.48695,-162.28278,7195.39451124788,,-16572.870100551427
S1A1,2019-11-20 15:00:00,1.1292313921054724,23768.264611799306,23.768264611799307,70.48695,-162.28278,7252.363258600091,,-16515.901353199217
S1A1,2019-11-20 15:30:00,1.1271490298879956,23768.264611799306,23.768264611799307,70.48695,-162.28278,7309.332005952303,,-16458.932605847003
S1A1,2019-11-20 16:00:00,1.0961472634076463,23768.264611799306,23.768264611799307,70.48695,-162.28278,7366.300753304514,,-16401.963858494793
S1A1,2019-11-20 16:30:00,1.0651454968203595,23768.264611799306,23.768264611799307,70.48695,-162.28278,7423.2695006567255,,-16344.99511114258
S1A1,2019-11-20 17:00:00,1.0327586482504685,23768.264611799306,23.768264611799307,70.48695,-162.28278,7480.238248008937,7.480238248008937,-16288.02636379037
S1A1,2019-11-20 17:30:00,1.0003717996780166,23768.264611799306,23.768264611799307,70.48695,-162.28278,7480.238248008937,7.480238248008937,-16288.02636379037
S1A1,2019-11-20 18:00:00,1.0254881750534766,23768.264611799306,23.768264611799307,70.48695,-162.28278,7480.238248008937,7.480238248008937,-16288.02636379037
S1A1,2019-11-20 18:30:00,1.0506045504289363,23768.264611799306,23.768264611799307,70.48695,-162.28278,7480.238248008937,7.480238248008937,-16288.02636379037
S1A1,2019-11-20 19:00:00,1.1528715650310042,23768.264611799306,23.768264611799307,70.48695,-162.28278,7524.205387320624,,-16244.059224478682
S1A1,2019-11-20 19:30:00,1.255138579918358,23768.264611799306,23.768264611799307,70.48695,-162.28278,7568.172526632311,,-16200.092085166994
S1A1,2019-11-20 20:00:00,1.3003674684487392,23768.264611799306,23.768264611799307,70.48695,-162.28278,7612.139665943998,,-16156.124945855308
S1A1,2019-11-20 20:30:00,1.3455963568736633,23768.264611799306,23.768264611799307,70.48695,-162.28278,7656.106805255685,,-16112.157806543622
S1A1,2019-11-20 21:00:00,1.3028414891429938,23768.264611799306,23.768264611799307,70.48695,-162.28278,7700.073944567372,,-16068.190667231935
S1A1,2019-11-20 21:30:00,1.260086621412324,23768.264611799306,23.768264611799307,70.48695,-162.28278,7744.0410838790585,,-16024.223527920247
S1A1,2019-11-20 22:00:00,1.2959745233551072,23768.264611799306,23.768264611799307,70.48695,-162.28278,7788.008223190745,,-15980.25638860856
S1A1,2019-11-20 22:30:00,1.3318624255886937,23768.264611799306,23.768264611799307,70.48695,-162.28278,7831.975362502433,,-15936.289249296873
S1A1,2019-11-20 23:00:00,1.3037115020507988,23768.264611799306,23.768264611799307,70.48695,-162.28278,7875.94250181412,,-15892.322109985187
S1A1,2019-11-20 23:30:00,1.2755605783945032,23768.264611799306,23.768264611799307,70.48695,-162.28278,7919.909641125807,,-15848.3549706735
S1A1,2019-11-21 00:00:00,1.2107219542515986,23768.264611799306,23.768264611799307,70.48695,-162.28278,7963.876780437494,,-15804.387831361812
S1A1,2019-11-21 00:30:00,1.1458833301086941,23768.264611799306,23.768264611799307,70.48695,-162.28278,8007.843919749181,,-15760.420692050126
S1A1,2019-11-21 01:00:00,1.1639906278145578,23768.264611799306,23.768264611799307,70.48695,-162.28278,8051.811059060868,,-15716.45355273844
S1A1,2019-11-21 01:30:00,1.1820979258271371,23768.264611799306,23.768264611799307,70.48695,-162.28278,8095.7781983725545,,-15672.486413426752
S1A1,2019-11-21 02:00:00,1.4069276568339413,23768.264611799306,23.768264611799307,70.48695,-162.28278,8139.745337684241,,-15628.519274115064
S1A1,2019-11-21 02:30:00,1.6317573882229521,23768.264611799306,23.768264611799307,70.48695,-162.28278,8183.712476995928,,-15584.552134803378
S1A1,2019-11-21 03:00:00,1.5422426688912,23768.264611799306,23.768264611799307,70.48695,-162.28278,8227.679616307616,,-15540.58499549169
S1A1,2019-11-21 03:30:00,1.4527279495594478,23768.264611799306,23.768264611799307,70.48695,-162.28278,8271.646755619302,,-15496.617856180004
S1A1,2019-11-21 04:00:00,1.5248644175951,23768.264611799306,23.768264611799307,70.48695,-162.28278,8315.61389493099,,-15452.650716868317
S1A1,2019-11-21 04:30:00,1.5970008862285026,23768.264611799306,23.768264611799307,70.48695,-162.28278,8359.581034242676,,-15408.68357755663
S1A1,2019-11-21 05:00:00,1.542043620872507,23768.264611799306,23.768264611799307,70.48695,-162.28278,8403.548173554364,,-15364.716438244943
S1A1,2019-11-21 05:30:00,1.4870863552815294,23768.264611799306,23.768264611799307,70.48695,-162.28278,8447.51531286605,,-15320.749298933257
S1A1,2019-11-21 06:00:00,1.407346385315292,23768.264611799306,23.768264611799307,70.48695,-162.28278,8491.482452177737,,-15276.782159621569
S1A1,2019-11-21 06:30:00,1.327606415349055,23768.264611799306,23.768264611799307,70.48695,-162.28278,8535.449591489423,,-15232.815020309883
S1A1,2019-11-21 07:00:00,1.1961374852350677,23768.264611799306,23.768264611799307,70.48695,-162.28278,8579.416730801111,,-15188.847880998195
S1A1,2019-11-21 07:30:00,1.0646685549297983,23768.264611799306,23.768264611799307,70.48695,-162.28278,8623.383870112797,,-15144.88074168651
S1A1,2019-11-21 08:00:00,1.073739160156143,23768.264611799306,23.768264611799307,70.48695,-162.28278,8667.351009424485,,-15100.913602374821
S1A1,2019-11-21 08:30:00,1.0828097656423297,23768.264611799306,23.768264611799307,70.48695,-162.28278,8711.318148736173,,-15056.946463063134
S1A1,2019-11-21 09:00:00,1.0305524297128978,23768.264611799306,23.768264611799307,70.48695,-162.28278,8755.285288047859,,-15012.979323751448
S1A1,2019-11-21 09:30:00,0.9782950937834661,23768.264611799306,23.768264611799307,70.48695,-162.28278,8799.252427359546,,-14969.01218443976
S1A1,2019-11-21 10:00:00,0.9558976494753347,23768.264611799306,23.768264611799307,70.48695,-162.28278,8843.219566671232,,-14925.045045128074
S1A1,2019-11-21 10:30:00,0.9335002052776186,23768.264611799306,23.768264611799307,70.48695,-162.28278,8887.18670598292,,-14881.077905816386
S1A1,2019-11-21 11:00:00,1.1414990695462506,23768.264611799306,23.768264611799307,70.48695,-162.28278,8931.153845294606,,-14837.1107665047
S1A1,2019-11-21 11:30:00,1.34949793424086,23768.264611799306,23.768264611799307,70.48695,-162.28278,8975.120984606294,,-14793.143627193012
S1A1,2019-11-21 12:00:00,1.4062353363984028,23768.264611799306,23.768264611799307,70.48695,-162.28278,9019.08812391798,,-14749.176487881326
S1A1,2019-11-21 12:30:00,1.4629727385559455,23768.264611799306,23.768264611799307,70.48695,-162.28278,9063.055263229668,,-14705.209348569639
S1A1,2019-11-21 13:00:00,1.6659466751833794,23768.264611799306,23.768264611799307,70.48695,-162.28278,9107.022402541354,,-14661.242209257953
S1A1,2019-11-21 13:30:00,1.8689206123515634,23768.264611799306,23.768264611799307,70.48695,-162.28278,9150.989541853041,,-14617.275069946265
S1A1,2019-11-21 14:00:00,1.916408436597495,23768.264611799306,23.768264611799307,70.48695,-162.28278,9194.956681164727,,-14573.307930634579
S1A1,2019-11-21 14:30:00,1.96389626055595,23768.264611799306,23.768264611799307,70.48695,-162.28278,9238.923820476415,,-14529.340791322891
S1A1,2019-11-21 15:00:00,2.1262578474502254,23768.264611799306,23.768264611799307,70.48695,-162.28278,9282.890959788103,,-14485.373652011203
S1A1,2019-11-21 15:30:00,2.2886194343445005,23768.264611799306,23.768264611799307,70.48695,-162.28278,9326.858099099789,,-14441.406512699517
S1A1,2019-11-21 16:00:00,2.1938740618556407,23768.264611799306,23.768264611799307,70.48695,-162.28278,9370.825238411477,,-14397.43937338783
S1A1,2019-11-21 16:30:00,2.099128688416056,23768.264611799306,23.768264611799307,70.48695,-162.28278,9414.792377723163,,-14353.472234076144
S1A1,2019-11-21 17:00:00,2.240414068066118,23768.264611799306,23.768264611799307,70.48695,-162.28278,9458.75951703485,,-14309.505094764456
S1A1,2019-11-21 17:30:00,2.3816994481525744,23768.264611799306,23.768264611799307,70.48695,-162.28278,9502.726656346536,,-14265.53795545277
S1A1,2019-11-21 18:00:00,2.2853291018811106,23768.264611799306,23.768264611799307,70.48695,-162.28278,9546.693795658224,,-14221.570816141082
S1A1,2019-11-21 18:30:00,2.188958755609647,23768.264611799306,23.768264611799307,70.48695,-162.28278,9590.66093496991,,-14177.603676829396
S1A1,2019-11-21 19:00:00,2.2812574275820983,23768.264611799306,23.768264611799307,70.48695,-162.28278,9634.628074281598,,-14133.636537517708
S1A1,2019-11-21 19:30:00,2.3735561002522054,23768.264611799306,23.768264611799307,70.48695,-162.28278,9678.595213593284,,-14089.669398206022
S1A1,2019-11-21 20:00:00,2.545802701676268,23768.264611799306,23.768264611799307,70.48695,-162.28278,9722.562352904972,,-14045.702258894335
S1A1,2019-11-21 20:30:00,2.718049303248145,23768.264611799306,23.768264611799307,70.48695,-162.28278,9766.529492216658,,-14001.735119582649
S1A1,2019-11-21 21:00:00,2.783821729699814,23768.264611799306,23.768264611799307,70.48695,-162.28278,9810.496631528345,,-13957.76798027096
S1A1,2019-11-21 21:30:00,2.849594156151483,23768.264611799306,23.768264611799307,70.48695,-162.28278,9854.463770840033,,-13913.800840959273
S1A1,2019-11-21 22:00:00,2.718787720343692,23768.264611799306,23.768264611799307,70.48695,-162.28278,9898.43091015172,,-13869.833701647587
S1A1,2019-11-21 22:30:00,2.5879812838089964,23768.264611799306,23.768264611799307,70.48695,-162.28278,9942.398049463405,,-13825.866562335901
S1A1,2019-11-21 23:00:00,2.602397203474605,23768.264611799306,23.768264611799307,70.48695,-162.28278,9986.365188775093,,-13781.899423024213
S1A1,2019-11-21 23:30:00,2.616813123408714,23768.264611799306,23.768264611799307,70.48695,-162.28278,10030.33232808678,,-13737.932283712526
S1A1,2019-11-22 00:00:00,2.591354482679541,23768.264611799306,23.768264611799307,70.48695,-162.28278,10074.299467398467,,-13693.96514440084
S1A1,2019-11-22 00:30:00,2.5658958419503684,23768.264611799306,23.768264611799307,70.48695,-162.28278,10118.266606710155,,-13649.998005089152
S1A1,2019-11-22 01:00:00,2.4829911180915842,23768.264611799306,23.768264611799307,70.48695,-162.28278,10162.23374602184,,-13606.030865777466
S1A1,2019-11-22 01:30:00,2.400086394020377,23768.264611799306,23.768264611799307,70.48695,-162.28278,10206.200885333528,,-13562.063726465778
S1A1,2019-11-22 02:00:00,2.410597176811745,23768.264611799306,23.768264611799307,70.48695,-162.28278,10250.168024645214,,-13518.096587154092
S1A1,2019-11-22 02:30:00,2.4211079597758274,23768.264611799306,23.768264611799307,70.48695,-162.28278,10294.135163956902,,-13474.129447842404
S1A1,2019-11-22 03:00:00,2.399933953594333,23768.264611799306,23.768264611799307,70.48695,-162.28278,10338.102303268588,,-13430.162308530718
S1A1,2019-11-22 03:30:00,2.3787599474128394,23768.264611799306,23.768264611799307,70.48695,-162.28278,10382.069442580276,10.382069442580276,-13386.19516921903
S1A1,2019-11-22 04:00:00,2.4413948367396676,23768.264611799306,23.768264611799307,70.48695,-162.28278,10382.069442580276,10.382069442580276,-13386.19516921903
S1A1,2019-11-22 04:30:00,2.5040297263764026,23768.264611799306,23.768264611799307,70.48695,-162.28278,10382.069442580276,10.382069442580276,-13386.19516921903
S1A1,2019-11-22 05:00:00,2.520293601957861,23768.264611799306,23.768264611799307,70.48695,-162.28278,10382.069442580276,10.382069442580276,-13386.19516921903
S1A1,2019-11-22 05:30:00,2.5365574774535844,23768.264611799306,23.768264611799307,70.48695,-162.28278,10323.030676229526,,-13445.23393556978
S1A1,2019-11-22 06:00:00,2.4582711783457474,23768.264611799306,23.768264611799307,70.48695,-162.28278,10263.991909878776,,-13504.27270192053
S1A1,2019-11-22 06:30:00,2.37998487923791,23768.264611799306,23.768264611799307,70.48695,-162.28278,10204.953143528026,,-13563.31146827128
S1A1,2019-11-22 07:00:00,2.3375766988732556,23768.264611799306,23.768264611799307,70.48695,-162.28278,10145.914377177276,,-13622.35023462203
S1A1,2019-11-22 07:30:00,2.2951685186412707,23768.264611799306,23.768264611799307,70.48695,-162.28278,10086.875610826526,,-13681.38900097278
S1A1,2019-11-22 08:00:00,2.165774324294544,23768.264611799306,23.768264611799307,70.48695,-162.28278,10027.836844475776,,-13740.42776732353
S1A1,2019-11-22 08:30:00,2.0363801297869895,23768.264611799306,23.768264611799307,70.48695,-162.28278,9968.798078125026,,-13799.46653367428
S1A1,2019-11-22 09:00:00,1.958540407192724,23768.264611799306,23.768264611799307,70.48695,-162.28278,9909.759311774276,,-13858.50530002503
S1A1,2019-11-22 09:30:00,1.8807006845984584,23768.264611799306,23.768264611799307,70.48695,-162.28278,9850.720545423526,,-13917.54406637578
S1A1,2019-11-22 10:00:00,1.7949886406618631,23768.264611799306,23.768264611799307,70.48695,-162.28278,9791.681779072776,,-13976.58283272653
S1A1,2019-11-22 10:30:00,1.709276596696158,23768.264611799306,23.768264611799307,70.48695,-162.28278,9732.643012722028,,-14035.621599077278
S1A1,2019-11-22 11:00:00,1.7408455592741987,23768.264611799306,23.768264611799307,70.48695,-162.28278,9673.604246371278,,-14094.660365428028
S1A1,2019-11-22 11:30:00,1.7724145220690788,23768.264611799306,23.768264611799307,70.48695,-162.28278,9614.565480020528,,-14153.699131778778
S1A1,2019-11-22 12:00:00,1.863634840154989,23768.264611799306,23.768264611799307,70.48695,-162.28278,9555.526713669778,,-14212.737898129528
S1A1,2019-11-22 12:30:00,1.954855158240899,23768.264611799306,23.768264611799307,70.48695,-162.28278,9496.487947319029,,-14271.776664480278
S1A1,2019-11-22 13:00:00,1.946149664243747,23768.264611799306,23.768264611799307,70.48695,-162.28278,9437.449180968279,,-14330.815430831028
S1A1,2019-11-22 13:30:00,1.9374441698770917,23768.264611799306,23.768264611799307,70.48695,-162.28278,9378.410414617529,,-14389.854197181778
S1A1,2019-11-22 14:00:00,1.8450809010614995,23768.264611799306,23.768264611799307,70.48695,-162.28278,9319.371648266779,,-14448.892963532528
S1A1,2019-11-22 14:30:00,1.7527176320912334,23768.264611799306,23.768264611799307,70.48695,-162.28278,9260.332881916029,,-14507.931729883278
S1A1,2019-11-22 15:00:00,1.7042760710202798,23768.264611799306,23.768264611799307,70.48695,-162.28278,9201.294115565279,,-14566.970496234027
S1A1,2019-11-22 15:30:00,1.6558345099493261,23768.264611799306,23.768264611799307,70.48695,-162.28278,9142.255349214529,,-14626.009262584777
S1A1,2019-11-22 16:00:00,1.7351092623223612,23768.264611799306,23.768264611799307,70.48695,-162.28278,9083.216582863779,,-14685.048028935527
S1A1,2019-11-22 16:30:00,1.8143840151676627,23768.264611799306,23.768264611799307,70.48695,-162.28278,9024.177816513029,,-14744.086795286277
S1A1,2019-11-22 17:00:00,1.8743664044882966,23768.264611799306,23.768264611799307,70.48695,-162.28278,8965.13905016228,,-14803.125561637027
S1A1,2019-11-22 17:30:00,1.934348793773261,23768.264611799306,23.768264611799307,70.48695,-162.28278,8906.10028381153,,-14862.164327987777
S1A1,2019-11-22 18:00:00,1.9087385565870127,23768.264611799306,23.768264611799307,70.48695,-162.28278,8847.06151746078,,-14921.203094338527
S1A1,2019-11-22 18:30:00,1.8831283194007644,23768.264611799306,23.768264611799307,70.48695,-162.28278,8788.02275111003,,-14980.241860689277
S1A1,2019-11-22 19:00:00,1.9497936566529608,23768.264611799306,23.768264611799307,70.48695,-162.28278,8728.983984759281,,-15039.280627040025
S1A1,2019-11-22 19:30:00,2.0164589942463715,23768.264611799306,23.768264611799307,70.48695,-162.28278,8669.945218408531,,-15098.319393390775
S1A1,2019-11-22 20:00:00,2.0126928719271238,23768.264611799306,23.768264611799307,70.48695,-162.28278,8610.906452057781,,-15157.358159741525
S1A1,2019-11-22 20:30:00,2.0089267494776557,23768.264611799306,23.768264611799307,70.48695,-162.28278,8551.867685707031,,-15216.396926092275
S1A1,2019-11-22 21:00:00,1.977078868121566,23768.264611799306,23.768264611799307,70.48695,-162.28278,8492.828919356281,,-15275.435692443025
S1A1,2019-11-22 21:30:00,1.9452309867654765,23768.264611799306,23.768264611799307,70.48695,-162.28278,8433.790153005531,,-15334.474458793775
S1A1,2019-11-22 22:00:00,1.8661607591971,23768.264611799306,23.768264611799307,70.48695,-162.28278,8374.751386654782,,-15393.513225144525
S1A1,2019-11-22 22:30:00,1.787090531454106,23768.264611799306,23.768264611799307,70.48695,-162.28278,8315.712620304032,,-15452.551991495275
S1A1,2019-11-22 23:00:00,1.903452144948447,23768.264611799306,23.768264611799307,70.48695,-162.28278,8256.673853953282,,-15511.590757846025
S1A1,2019-11-22 23:30:00,2.01981375880412,23768.264611799306,23.768264611799307,70.48695,-162.28278,8197.635087602532,,-15570.629524196775
S1A1,2019-11-23 00:00:00,1.908083708366182,23768.264611799306,23.768264611799307,70.48695,-162.28278,8138.596321251782,,-15629.668290547525
S1A1,2019-11-23 00:30:00,1.7963536579282438,23768.264611799306,23.768264611799307,70.48695,-162.28278,8079.557554901032,,-15688.707056898274
S1A1,2019-11-23 01:00:00,1.9215745500877461,23768.264611799306,23.768264611799307,70.48695,-162.28278,8020.518788550282,,-15747.745823249024
S1A1,2019-11-23 01:30:00,2.04679544312344,23768.264611799306,23.768264611799307,70.48695,-162.28278,7961.480022199532,,-15806.784589599774
S1A1,2019-11-23 02:00:00,2.016270233834628,23768.264611799306,23.768264611799307,70.48695,-162.28278,7902.441255848782,,-15865.823355950524
S1A1,2019-11-23 02:30:00,1.9857450242578585,23768.264611799306,23.768264611799307,70.48695,-162.28278,7843.402489498032,,-15924.862122301274
S1A1,2019-11-23 03:00:00,1.938758019614105,23768.264611799306,23.768264611799307,70.48695,-162.28278,7784.363723147282,,-15983.900888652024
S1A1,2019-11-23 03:30:00,1.8917710149703515,23768.264611799306,23.768264611799307,70.48695,-162.28278,7725.324956796532,,-16042.939655002774
S1A1,2019-11-23 04:00:00,1.9464448483800743,23768.264611799306,23.768264611799307,70.48695,-162.28278,7666.286190445783,,-16101.978421353524
S1A1,2019-11-23 04:30:00,2.0011186821657163,23768.264611799306,23.768264611799307,70.48695,-162.28278,7607.247424095033,,-16161.017187704274
S1A1,2019-11-23 05:00:00,2.134662704785172,23768.264611799306,23.768264611799307,70.48695,-162.28278,7548.208657744283,,-16220.055954055024
S1A1,2019-11-23 05:30:00,2.26820672755045,23768.264611799306,23.768264611799307,70.48695,-162.28278,7489.169891393533,,-16279.094720405774
S1A1,2019-11-23 06:00:00,2.087634056020547,23768.264611799306,23.768264611799307,70.48695,-162.28278,7430.131125042783,,-16338.133486756524
S1A1,2019-11-23 06:30:00,1.9070613844906443,23768.264611799306,23.768264611799307,70.48695,-162.28278,7371.092358692034,,-16397.172253107274
S1A1,2019-11-23 07:00:00,1.9510831377689144,23768.264611799306,23.768264611799307,70.48695,-162.28278,7312.0535923412845,,-16456.211019458024
S1A1,2019-11-23 07:30:00,1.9951048918776846,23768.264611799306,23.768264611799307,70.48695,-162.28278,7253.0148259905345,,-16515.249785808774
S1A1,2019-11-23 08:00:00,1.938409124715614,23768.264611799306,23.768264611799307,70.48695,-162.28278,7193.976059639785,,-16574.288552159524
S1A1,2019-11-23 08:30:00,1.8817133573673281,23768.264611799306,23.768264611799307,70.48695,-162.28278,7134.937293289035,,-16633.327318510273
S1A1,2019-11-23 09:00:00,1.84574630408132,23768.264611799306,23.768264611799307,70.48695,-162.28278,7075.898526938285,,-16692.366084861023
S1A1,2019-11-23 09:30:00,1.8097792507953119,23768.264611799306,23.768264611799307,70.48695,-162.28278,7016.859760587535,,-16751.404851211773
S1A1,2019-11-23 10:00:00,1.8732692379790248,23768.264611799306,23.768264611799307,70.48695,-162.28278,6957.820994236785,,-16810.443617562523
S1A1,2019-11-23 10:30:00,1.936759225530508,23768.264611799306,23.768264611799307,70.48695,-162.28278,6898.782227886035,,-16869.482383913273
S1A1,2019-11-23 11:00:00,1.9166085975040426,23768.264611799306,23.768264611799307,70.48695,-162.28278,6839.743461535285,,-16928.521150264023
S1A1,2019-11-23 11:30:00,1.896457969322935,23768.264611799306,23.768264611799307,70.48695,-162.28278,6780.704695184535,,-16987.559916614773
S1A1,2019-11-23 12:00:00,1.949307432887235,23768.264611799306,23.768264611799307,70.48695,-162.28278,6721.665928833785,,-17046.598682965523
S1A1,2019-11-23 12:30:00,2.002156896451535,23768.264611799306,23.768264611799307,70.48695,-162.28278,6662.627162483035,,-17105.637449316273
S1A1,2019-11-23 13:00:00,1.9706508823337223,23768.264611799306,23.768264611799307,70.48695,-162.28278,6603.588396132285,,-17164.676215667023
S1A1,2019-11-23 13:30:00,1.939144867903982,23768.264611799306,23.768264611799307,70.48695,-162.28278,6544.549629781536,,-17223.71498201777
S1A1,2019-11-23 14:00:00,1.8299774755292673,23768.264611799306,23.768264611799307,70.48695,-162.28278,6485.510863430786,,-17282.75374836852
S1A1,2019-11-23 14:30:00,1.7208100830109654,23768.264611799306,23.768264611799307,70.48695,-162.28278,6426.472097080036,,-17341.79251471927
S1A1,2019-11-23 15:00:00,1.7888149251001937,23768.264611799306,23.768264611799307,70.48695,-162.28278,6367.433330729286,,-17400.83128107002
S1A1,2019-11-23 15:30:00,1.856819767189422,23768.264611799306,23.768264611799307,70.48695,-162.28278,6308.394564378536,,-17459.87004742077
S1A1,2019-11-23 16:00:00,1.8023243990342064,23768.264611799306,23.768264611799307,70.48695,-162.28278,6249.3557980277865,,-17518.90881377152
S1A1,2019-11-23 16:30:00,1.7478290304260122,23768.264611799306,23.768264611799307,70.48695,-162.28278,6190.3170316770365,,-17577.94758012227
S1A1,2019-11-23 17:00:00,1.8011628515232796,23768.264611799306,23.768264611799307,70.48695,-162.28278,6131.2782653262875,,-17636.98634647302
S1A1,2019-11-23 17:30:00,1.854496672819911,23768.264611799306,23.768264611799307,70.48695,-162.28278,6072.239498975538,,-17696.02511282377
S1A1,2019-11-23 18:00:00,1.8830881844281173,23768.264611799306,23.768264611799307,70.48695,-162.28278,6013.200732624788,,-17755.06387917452
S1A1,2019-11-23 18:30:00,1.9116796960363236,23768.264611799306,23.768264611799307,70.48695,-162.28278,5954.161966274038,,-17814.10264552527
S1A1,2019-11-23 19:00:00,1.9109358006659443,23768.264611799306,23.768264611799307,70.48695,-162.28278,5895.123199923288,,-17873.14141187602
S1A1,2019-11-23 19:30:00,1.910191905187089,23768.264611799306,23.768264611799307,70.48695,-162.28278,5836.084433572538,,-17932.18017822677
S1A1,2019-11-23 20:00:00,1.9271434030454233,23768.264611799306,23.768264611799307,70.48695,-162.28278,5777.045667221788,,-17991.21894457752
S1A1,2019-11-23 20:30:00,1.9440949009364743,23768.264611799306,23.768264611799307,70.48695,-162.28278,5718.006900871038,,-18050.25771092827
S1A1,2019-11-23 21:00:00,1.9166402158386007,23768.264611799306,23.768264611799307,70.48695,-162.28278,5658.968134520288,,-18109.29647727902
S1A1,2019-11-23 21:30:00,1.889185530740727,23768.264611799306,23.768264611799307,70.48695,-162.28278,5599.929368169538,,-18168.33524362977
S1A1,2019-11-23 22:00:00,1.9172758854505552,23768.264611799306,23.768264611799307,70.48695,-162.28278,5540.890601818789,,-18227.374009980518
S1A1,2019-11-23 22:30:00,1.9453662403657763,23768.264611799306,23.768264611799307,70.48695,-162.28278,5481.851835468039,,-18286.412776331268
S1A1,2019-11-23 23:00:00,1.9700749145843004,23768.264611799306,23.768264611799307,70.48695,-162.28278,5422.813069117289,,-18345.451542682018
S1A1,2019-11-23 23:30:00,1.9947835887965721,23768.264611799306,23.768264611799307,70.48695,-162.28278,5363.774302766539,,-18404.490309032768
S1A1,2019-11-24 00:00:00,2.0316643465900532,23768.264611799306,23.768264611799307,70.48695,-162.28278,5304.735536415789,,-18463.529075383518
S1A1,2019-11-24 00:30:00,2.068545104383534,23768.264611799306,23.768264611799307,70.48695,-162.28278,5245.696770065039,,-18522.567841734268
S1A1,2019-11-24 01:00:00,2.0458661844649058,23768.264611799306,23.768264611799307,70.48695,-162.28278,5186.658003714289,,-18581.606608085018
S1A1,2019-11-24 01:30:00,2.0231872643260393,23768.264611799306,23.768264611799307,70.48695,-162.28278,5127.6192373635395,,-18640.645374435768
S1A1,2019-11-24 02:00:00,2.0157779454240856,23768.264611799306,23.768264611799307,70.48695,-162.28278,5068.5804710127895,,-18699.684140786518
S1A1,2019-11-24 02:30:00,2.0083686265503635,23768.264611799306,23.768264611799307,70.48695,-162.28278,5009.5417046620405,,-18758.722907137264
S1A1,2019-11-24 03:00:00,2.081167137994622,23768.264611799306,23.768264611799307,70.48695,-162.28278,4950.502938311291,,-18817.761673488014
S1A1,2019-11-24 03:30:00,2.153965649438881,23768.264611799306,23.768264611799307,70.48695,-162.28278,4891.464171960541,,-18876.800439838764
S1A1,2019-11-24 04:00:00,2.061658082825972,23768.264611799306,23.768264611799307,70.48695,-162.28278,4832.425405609791,,-18935.839206189514
S1A1,2019-11-24 04:30:00,1.9693505156025375,23768.264611799306,23.768264611799307,70.48695,-162.28278,4773.386639259041,,-18994.877972540264
S1A1,2019-11-24 05:00:00,1.9840450701520727,23768.264611799306,23.768264611799307,70.48695,-162.28278,4714.347872908291,,-19053.916738891014
S1A1,2019-11-24 05:30:00,1.998739624899443,23768.264611799306,23.768264611799307,70.48695,-162.28278,4655.309106557541,,-19112.955505241764
S1A1,2019-11-24 06:00:00,2.1408619093432484,23768.264611799306,23.768264611799307,70.48695,-162.28278,4596.270340206791,,-19171.994271592514
S1A1,2019-11-24 06:30:00,2.282984193787054,23768.264611799306,23.768264611799307,70.48695,-162.28278,4537.231573856041,,-19231.033037943263
S1A1,2019-11-24 07:00:00,2.1187240356199566,23768.264611799306,23.768264611799307,70.48695,-162.28278,4478.192807505291,,-19290.071804294013
S1A1,2019-11-24 07:30:00,1.954463876319925,23768.264611799306,23.768264611799307,70.48695,-162.28278,4419.154041154542,,-19349.110570644763
S1A1,2019-11-24 08:00:00,2.0214073634710057,23768.264611799306,23.768264611799307,70.48695,-162.28278,4360.115274803792,,-19408.149336995513
S1A1,2019-11-24 08:30:00,2.0883508510495563,23768.264611799306,23.768264611799307,70.48695,-162.28278,4301.076508453042,,-19467.188103346263
S1A1,2019-11-24 09:00:00,2.1530463688579013,23768.264611799306,23.768264611799307,70.48695,-162.28278,4242.037742102292,,-19526.226869697013
S1A1,2019-11-24 09:30:00,2.217741886666247,23768.264611799306,23.768264611799307,70.48695,-162.28278,4182.998975751542,,-19585.265636047763
S1A1,2019-11-24 10:00:00,2.0990831410801087,23768.264611799306,23.768264611799307,70.48695,-162.28278,4123.960209400792,,-19644.304402398513
S1A1,2019-11-24 10:30:00,1.9804243948159672,23768.264611799306,23.768264611799307,70.48695,-162.28278,4064.9214430500424,,-19703.343168749263
S1A1,2019-11-24 11:00:00,2.105182284853627,23768.264611799306,23.768264611799307,70.48695,-162.28278,4005.8826766992925,,-19762.381935100013
S1A1,2019-11-24 11:30:00,2.229940175341337,23768.264611799306,23.768264611799307,70.48695,-162.28278,3946.8439103485425,,-19821.420701450763
S1A1,2019-11-24 12:00:00,2.2377816425057024,23768.264611799306,23.768264611799307,70.48695,-162.28278,3887.8051439977926,,-19880.459467801513
S1A1,2019-11-24 12:30:00,2.2456231096700683,23768.264611799306,23.768264611799307,70.48695,-162.28278,3828.7663776470436,,-19939.498234152263
S1A1,2019-11-24 13:00:00,2.155100421536822,23768.264611799306,23.768264611799307,70.48695,-162.28278,3769.7276112962936,,-19998.537000503013
S1A1,2019-11-24 13:30:00,2.0645777330398474,23768.264611799306,23.768264611799307,70.48695,-162.28278,3710.6888449455437,,-20057.575766853763
S1A1,2019-11-24 14:00:00,2.1877233910672267,23768.264611799306,23.768264611799307,70.48695,-162.28278,3651.6500785947937,,-20116.614533204513
S1A1,2019-11-24 14:30:00,2.310869049489655,23768.264611799306,23.768264611799307,70.48695,-162.28278,3592.611312244044,,-20175.653299555262
S1A1,2019-11-24 15:00:00,2.1662106700411687,23768.264611799306,23.768264611799307,70.48695,-162.28278,3533.572545893294,,-20234.692065906012
S1A1,2019-11-24 15:30:00,2.021552290592683,23768.264611799306,23.768264611799307,70.48695,-162.28278,3474.533779542544,,-20293.730832256762
S1A1,2019-11-24 16:00:00,2.0390837912498414,23768.264611799306,23.768264611799307,70.48695,-162.28278,3415.495013191794,,-20352.769598607512
S1A1,2019-11-24 16:30:00,2.0566152925067427,23768.264611799306,23.768264611799307,70.48695,-162.28278,3356.456246841044,,-20411.808364958262
S1A1,2019-11-24 17:00:00,2.004659378766065,23768.264611799306,23.768264611799307,70.48695,-162.28278,3297.417480490295,,-20470.847131309012
S1A1,2019-11-24 17:30:00,1.9527034648969126,23768.264611799306,23.768264611799307,70.48695,-162.28278,3238.378714139545,,-20529.885897659762
S1A1,2019-11-24 18:00:00,1.8900592665948595,23768.264611799306,23.768264611799307,70.48695,-162.28278,3179.339947788795,,-20588.924664010512
S1A1,2019-11-24 18:30:00,1.827415068292806,23768.264611799306,23.768264611799307,70.48695,-162.28278,3120.301181438045,,-20647.963430361262
S1A1,2019-11-24 19:00:00,1.8230734477795596,23768.264611799306,23.768264611799307,70.48695,-162.28278,3061.2624150872953,,-20707.002196712012
S1A1,2019-11-24 19:30:00,,23768.264611799306,23.768264611799307,70.48695,-162.28278,3002.2236487365453,,-20766.040963062762
S1A1,2019-11-24 20:00:00,,23768.264611799306,23.768264611799307,70.48695,-162.28278,2943.1848823857954,,-20825.07972941351
S1A1,2019-11-24 20:30:00,,23768.264611799306,23.768264611799307,70.48695,-162.28278,2884.1461160350455,,-20884.11849576426
S1A1,2019-11-24 21:00:00,,23768.264611799306,23.768264611799307,70.48695,-162.28278,2825.1073496842955,,-20943.15726211501
S1A1,2019-11-24 21:30:00,,23768.264611799306,23.768264611799307,70.48695,-162.28278,2766.0685833335456,,-21002.19602846576
S1A1,2019-11-24 22:00:00,,23768.264611799306,23.768264611799307,70.48695,-162.28278,2707.0298169827965,,-21061.23479481651
S1A1,2019-11-24 22:30:00,,23768.264611799306,23.768264611799307,70.48695,-162.28278,2647.9910506320466,,-21120.27356116726
S1A1,2019-11-24 23:00:00,,23768.264611799306,23.768264611799307,70.48695,-162.28278,2588.9522842812967,,-21179.31232751801
S1A1,2019-11-24 23:30:00,,23768.264611799306,23.768264611799307,70.48695,-162.28278,2529.9135179305467,,-21238.35109386876
S1A1,2019-11-25 00:00:00,,23768.264611799306,23.768264611799307,70.48695,-162.28278,2470.874751579797,,-21297.38986021951
S1A1,2019-11-25 00:30:00,,23768.264611799306,23.768264611799307,70.48695,-162.28278,2411.835985229047,,-21356.42862657026
S1A1,2019-11-25 01:00:00,,23768.264611799306,23.768264611799307,70.48695,-162.28278,2352.797218878297,,-21415.46739292101
S1A1,2019-11-25 01:30:00,,23768.264611799306,23.768264611799307,70.48695,-162.28278,2293.758452527547,,-21474.50615927176
S1A1,2019-11-25 02:00:00,,23768.264611799306,23.768264611799307,70.48695,-162.28278,2234.719686176797,,-21533.54492562251
S1A1,2019-11-25 02:30:00,,23768.264611799306,23.768264611799307,70.48695,-162.28278,2175.680919826047,,-21592.58369197326
S1A1,2019-11-25 03:00:00,,23768.264611799306,23.768264611799307,70.48695,-162.28278,2116.642153475297,,-21651.62245832401
S1A1,2019-11-25 03:30:00,,23768.264611799306,23.768264611799307,70.48695,-162.28278,2057.6033871245477,2.057603387124548,-21710.661224674757
S1A1,2019-11-25 04:00:00,,23768.264611799306,23.768264611799307,70.48695,-162.28278,2057.6033871245477,2.057603387124548,-21710.661224674757
S1A1,2019-11-25 04:30:00,,23768.264611799306,23.768264611799307,70.48695,-162.28278,2057.6033871245477,2.057603387124548,-21710.661224674757
S1A1,2019-11-25 05:00:00,,23768.264611799306,23.768264611799307,70.48695,-162.28278,2057.6033871245477,2.057603387124548,-21710.661224674757
S1A1,2019-11-25 05:30:00,,23768.264611799306,23.768264611799307,70.48695,-162.28278,2228.357283093756,,-21539.90732870555
S1A1,2019-11-25 06:00:00,,23768.264611799306,23.768264611799307,70.48695,-162.28278,2399.1111790629643,,-21369.15343273634
S1A1,2019-11-25 06:30:00,,23768.264611799306,23.768264611799307,70.48695,-162.28278,2569.8650750321726,,-21198.399536767134
S1A1,2019-11-25 07:00:00,,23768.264611799306,23.768264611799307,70.48695,-162.28278,2740.6189710013814,,-21027.645640797924
S1A1,2019-11-25 07:30:00,,23768.264611799306,23.768264611799307,70.48695,-162.28278,2911.3728669705897,,-20856.891744828717
S1A1,2019-11-25 08:00:00,,23768.264611799306,23.768264611799307,70.48695,-162.28278,3082.126762939798,,-20686.137848859507
S1A1,2019-11-25 08:30:00,,23768.264611799306,23.768264611799307,70.48695,-162.28278,3252.8806589090063,,-20515.3839528903
S1A1,2019-11-25 09:00:00,,23768.264611799306,23.768264611799307,70.48695,-162.28278,3423.6345548782147,,-20344.63005692109
S1A1,2019-11-25 09:30:00,,23768.264611799306,23.768264611799307,70.48695,-162.28278,3594.388450847423,,-20173.876160951884
S1A1,2019-11-25 10:00:00,,23768.264611799306,23.768264611799307,70.48695,-162.28278,3765.1423468166313,,-20003.122264982674
S1A1,2019-11-25 10:30:00,,23768.264611799306,23.768264611799307,70.48695,-162.28278,3935.8962427858396,,-19832.368369013468
S1A1,2019-11-25 11:00:00,,23768.264611799306,23.768264611799307,70.48695,-162.28278,4106.650138755048,,-19661.614473044257
S1A1,2019-11-25 11:30:00,,23768.264611799306,23.768264611799307,70.48695,-162.28278,4277.404034724256,,-19490.86057707505
S1A1,2019-11-25 12:00:00,,23768.264611799306,23.768264611799307,70.48695,-162.28278,4448.157930693465,,-19320.10668110584
S1A1,2019-11-25 12:30:00,,23768.264611799306,23.768264611799307,70.48695,-162.28278,4618.911826662674,,-19149.35278513663
S1A1,2019-11-25 13:00:00,,23768.264611799306,23.768264611799307,70.48695,-162.28278,4789.665722631882,,-18978.598889167424
S1A1,2019-11-25 13:30:00,,23768.264611799306,23.768264611799307,70.48695,-162.28278,4960.41961860109,,-18807.844993198218
S1A1,2019-11-25 14:00:00,,23768.264611799306,23.768264611799307,70.48695,-162.28278,5131.173514570299,,-18637.091097229008
S1A1,2019-11-25 14:30:00,,23768.264611799306,23.768264611799307,70.48695,-162.28278,5301.927410539507,,-18466.337201259797
S1A1,2019-11-25 15:00:00,,23768.264611799306,23.768264611799307,70.48695,-162.28278,5472.681306508715,,-18295.58330529059
S1A1,2019-11-25 15:30:00,,23768.264611799306,23.768264611799307,70.48695,-162.28278,5643.435202477924,,-18124.829409321384
S1A1,2019-11-25 16:00:00,,23768.264611799306,23.768264611799307,70.48695,-162.28278,5814.189098447132,,-17954.075513352174
S1A1,2019-11-25 16:30:00,,23768.264611799306,23.768264611799307,70.48695,-162.28278,5984.94299441634,,-17783.321617382964
S1A1,2019-11-25 17:00:00,,23768.264611799306,23.768264611799307,70.48695,-162.28278,6155.696890385549,,-17612.567721413758
S1A1,2019-11-25 17:30:00,,23768.264611799306,23.768264611799307,70.48695,-162.28278,6326.450786354757,,-17441.81382544455
S1A1,2019-11-25 18:00:00,,23768.264611799306,23.768264611799307,70.48695,-162.28278,6497.204682323965,,-17271.05992947534
S1A1,2019-11-25 18:30:00,,23768.264611799306,23.768264611799307,70.48695,-162.28278,6667.958578293174,,-17100.30603350613
S1A1,2019-11-25 19:00:00,,23768.264611799306,23.768264611799307,70.48695,-162.28278,6838.712474262382,,-16929.552137536924
S1A1,2019-11-25 19:30:00,,23768.264611799306,23.768264611799307,70.48695,-162.28278,7009.46637023159,,-16758.798241567718
S1A1,2019-11-25 20:00:00,,23768.264611799306,23.768264611799307,70.48695,-162.28278,7180.2202662007985,,-16588.044345598508
S1A1,2019-11-25 20:30:00,,23768.264611799306,23.768264611799307,70.48695,-162.28278,7350.974162170007,,-16417.290449629298
S1A1,2019-11-25 21:00:00,,23768.264611799306,23.768264611799307,70.48695,-162.28278,7521.728058139215,,-16246.536553660091
S1A1,2019-11-25 21:30:00,,23768.264611799306,23.768264611799307,70.48695,-162.28278,7692.481954108423,,-16075.782657690883
S1A1,2019-11-25 22:00:00,,23768.264611799306,23.768264611799307,70.48695,-162.28278,7863.235850077632,,-15905.028761721675
S1A1,2019-11-25 22:30:00,,23768.264611799306,23.768264611799307,70.48695,-162.28278,8033.98974604684,,-15734.274865752466
S1A1,2019-11-25 23:00:00,,23768.264611799306,23.768264611799307,70.48695,-162.28278,8204.743642016048,,-15563.520969783258
S1A1,2019-11-25 23:30:00,,23768.264611799306,23.768264611799307,70.48695,-162.28278,8375.497537985257,,-15392.76707381405
S1A1,2019-11-26 00:00:00,,23768.264611799306,23.768264611799307,70.48695,-162.28278,8546.251433954465,,-15222.013177844841
S1A1,2019-11-26 00:30:00,,23768.264611799306,23.768264611799307,70.48695,-162.28278,8717.005329923673,,-15051.259281875633
S1A1,2019-11-26 01:00:00,,23768.264611799306,23.768264611799307,70.48695,-162.28278,8887.759225892882,,-14880.505385906425
S1A1,2019-11-26 01:30:00,,23768.264611799306,23.768264611799307,70.48695,-162.28278,9058.51312186209,,-14709.751489937216
S1A1,2019-11-26 02:00:00,,23768.264611799306,23.768264611799307,70.48695,-162.28278,9229.267017831298,,-14538.997593968008
S1A1,2019-11-26 02:30:00,,23768.264611799306,23.768264611799307,70.48695,-162.28278,9400.020913800507,,-14368.2436979988
S1A1,2019-11-26 03:00:00,,23768.264611799306,23.768264611799307,70.48695,-162.28278,9570.774809769715,9.570774809769715,-14197.489802029591
S1A1,2019-11-26 03:30:00,,23768.264611799306,23.768264611799307,70.48695,-162.28278,9570.774809769715,9.570774809769715,-14197.489802029591
S1A1,2019-11-26 04:00:00,,23768.264611799306,23.768264611799307,70.48695,-162.28278,9570.774809769715,9.570774809769715,-14197.489802029591
S1A1,2019-11-26 04:30:00,,23768.264611799306,23.768264611799307,70.48695,-162.28278,9570.774809769715,9.570774809769715,-14197.489802029591
S1A1,2019-11-26 05:00:00,,23768.264611799306,23.768264611799307,70.48695,-162.28278,9570.774809769715,9.570774809769715,-14197.489802029591
S1A1,2019-11-26 05:30:00,,23768.264611799306,23.768264611799307,70.48695,-162.28278,,,
S1A1,2019-11-26 06:00:00,,23768.264611799306,23.768264611799307,70.48695,-162.28278,,,
S1A1,2019-11-26 06:30:00,,23768.264611799306,23.768264611799307,70.48695,-162.28278,,,
S1A1,2019-11-26 07:00:00,,23768.264611799306,23.768264611799307,70.48695,-162.28278,,,
S1A1,2019-11-26 07:30:00,,23768.264611799306,23.768264611799307,70.48695,-162.28278,,,
S1A1,2019-11-26 08:00:00,,23768.264611799306,23.768264611799307,70.48695,-162.28278,,,
S1A1,2019-11-26 08:30:00,,23768.264611799306,23.768264611799307,70.48695,-162.28278,,,
S1A1,2019-11-26 09:00:00,,23768.264611799306,23.768264611799307,70.48695,-162.28278,,,
S1A1,2019-11-26 09:30:00,,23768.264611799306,23.768264611799307,70.48695,-162.28278,,,
S1A1,2019-11-26 10:00:00,,23768.264611799306,23.768264611799307,70.48695,-162.28278,,,
S1A1,2019-11-26 10:30:00,,23768.264611799306,23.768264611799307,70.48695,-162.28278,,,
S1A1,2019-11-26 11:00:00,,23768.264611799306,23.768264611799307,70.48695,-162.28278,,,
S1A1,2019-11-26 11:30:00,,23768.264611799306,23.768264611799307,70.48695,-162.28278,,,
S1A1,2019-11-26 12:00:00,,23768.264611799306,23.768264611799307,70.48695,-162.28278,,,
S1A1,2019-11-26 12:30:00,,23768.264611799306,23.768264611799307,70.48695,-162.28278,,,
S1A1,2019-11-26 13:00:00,,23768.264611799306,23.768264611799307,70.48695,-162.28278,,,
S1A1,2019-11-26 13:30:00,,23768.264611799306,23.768264611799307,70.48695,-162.28278,,,
S1A1,2019-11-26 14:00:00,,23768.264611799306,23.768264611799307,70.48695,-162.28278,,,
S1A1,2019-11-26 14:30:00,,23768.264611799306,23.768264611799307,70.48695,-162.28278,,,
S1A1,2019-11-26 15:00:00,,23768.264611799306,23.768264611799307,70.48695,-162.28278,,,
S1A1,2019-11-26 15:30:00,,23768.264611799306,23.768264611799307,70.48695,-162.28278,,,
S1A1,2019-11-26 16:00:00,,23768.264611799306,23.768264611799307,70.48695,-162.28278,,,
S1A1,2019-11-26 16:30:00,,23768.264611799306,23.768264611799307,70.48695,-162.28278,,,
S1A1,2019-11-26 17:00:00,,23768.264611799306,23.768264611799307,70.48695,-162.28278,,,
S1A1,2019-11-26 17:30:00,,23768.264611799306,23.768264611799307,70.48695,-162.28278,,,
S1A1,2019-11-26 18:00:00,,23768.264611799306,23.768264611799307,70.48695,-162.28278,,,
S1A1,2019-11-26 18:30:00,,23768.264611799306,23.768264611799307,70.48695,-162.28278,,,
S1A1,2019-11-26 19:00:00,,23768.264611799306,23.768264611799307,70.48695,-162.28278,,,
S1A1,2019-11-26 19:30:00,,23768.264611799306,23.768264611799307,70.48695,-162.28278,,,
S1A1,2019-11-26 20:00:00,,23768.264611799306,23.768264611799307,70.48695,-162.28278,,,
S1A1,2019-11-26 20:30:00,,23768.264611799306,23.768264611799307,70.48695,-162.28278,,,
S1A1,2019-11-26 21:00:00,,23768.264611799306,23.768264611799307,70.48695,-162.28278,,,
S1A1,2019-11-26 21:30:00,,23768.264611799306,23.768264611799307,70.48695,-162.28278,,,
S1A1,2019-11-26 22:00:00,,23768.264611799306,23.768264611799307,70.48695,-162.28278,,,
S1A1,2019-11-26 22:30:00,,23768.264611799306,23.768264611799307,70.48695,-162.28278,,,
S1A1,2019-11-26 23:00:00,,23768.264611799306,23.768264611799307,70.48695,-162.28278,,,
S1A1,2019-11-26 23:30:00,,23768.264611799306,23.768264611799307,70.48695,-162.28278,,,
S1A1,2019-11-27 00:00:00,,23768.264611799306,23.768264611799307,70.48695,-162.28278,,,
S1A1,2019-11-27 00:30:00,,23768.264611799306,23.768264611799307,70.48695,-162.28278,,,
S1A1,2019-11-27 01:00:00,,23768.264611799306,23.768264611799307,70.48695,-162.28278,,,
S1A1,2019-11-27 01:30:00,,23768.264611799306,23.768264611799307,70.48695,-162.28278,,,
S1A1,2019-11-27 02:00:00,,23768.264611799306,23.768264611799307,70.48695,-162.28278,,,
S1A1,2019-11-27 02:30:00,,23768.264611799306,23.768264611799307,70.48695,-162.28278,,,
S1A1,2019-11-27 03:00:00,,23768.264611799306,23.768264611799307,70.48695,-162.28278,,,
S1A1,2019-11-27 03:30:00,,23768.264611799306,23.768264611799307,70.48695,-162.28278,,,
S1A1,2019-11-27 04:00:00,,23768.264611799306,23.768264611799307,70.48695,-162.28278,,,
S1A1,2019-11-27 04:30:00,,23768.264611799306,23.768264611799307,70.48695,-162.28278,,,
S1A1,2019-11-27 05:00:00,,23768.264611799306,23.768264611799307,70.48695,-162.28278,,,
S1A1,2019-11-27 05:30:00,,23768.264611799306,23.768264611799307,70.48695,-162.28278,,,
S1A1,2019-11-27 06:00:00,,23768.264611799306,23.768264611799307,70.48695,-162.28278,,,
S1A1,2019-11-27 06:30:00,,23768.264611799306,23.768264611799307,70.48695,-162.28278,,,
S1A1,2019-11-27 07:00:00,,23768.264611799306,23.768264611799307,70.48695,-162.28278,,,
S1A1,2019-11-27 07:30:00,,23768.264611799306,23.768264611799307,70.48695,-162.28278,,,
S1A1,2019-11-27 08:00:00,,23768.264611799306,23.768264611799307,70.48695,-162.28278,,,
S1A1,2019-11-27 08:30:00,,23768.264611799306,23.768264611799307,70.48695,-162.28278,,,
S1A1,2019-11-27 09:00:00,,23768.264611799306,23.768264611799307,70.48695,-162.28278,,,
S1A1,2019-11-27 09:30:00,,23768.264611799306,23.768264611799307,70.48695,-162.28278,,,
S1A1,2019-11-27 10:00:00,,23768.264611799306,23.768264611799307,70.48695,-162.28278,,,
S1A1,2019-11-27 10:30:00,,23768.264611799306,23.768264611799307,70.48695,-162.28278,,,
S1A1,2019-11-27 11:00:00,,23768.264611799306,23.768264611799307,70.48695,-162.28278,,,
S1A1,2019-11-27 11:30:00,,23768.264611799306,23.768264611799307,70.48695,-162.28278,,,
S1A1,2019-11-27 12:00:00,,23768.264611799306,23.768264611799307,70.48695,-162.28278,,,
S1A1,2019-11-27 12:30:00,,23768.264611799306,23.768264611799307,70.48695,-162.28278,,,
S1A1,2019-11-27 13:00:00,,23768.264611799306,23.768264611799307,70.48695,-162.28278,,,
S1A1,2019-11-27 13:30:00,,23768.264611799306,23.768264611799307,70.48695,-162.28278,,,
S1A1,2019-11-27 14:00:00,,23768.264611799306,23.768264611799307,70.48695,-162.28278,,,
S1A1,2019-11-27 14:30:00,,23768.264611799306,23.768264611799307,70.48695,-162.28278,,,
S1A1,2019-11-27 15:00:00,,23768.264611799306,23.768264611799307,70.48695,-162.28278,,,
S1A1,2019-11-27 15:30:00,,23768.264611799306,23.768264611799307,70.48695,-162.28278,,,
S1A1,2019-11-27 16:00:00,,23768.264611799306,23.768264611799307,70.48695,-162.28278,,,
S1A1,2019-11-27 16:30:00,,23768.264611799306,23.768264611799307,70.48695,-162.28278,,,
S1A1,2019-11-27 17:00:00,,23768.264611799306,23.768264611799307,70.48695,-162.28278,,,
S1A1,2019-11-27 17:30:00,,23768.264611799306,23.768264611799307,70.48695,-162.28278,,,
S1A1,2019-11-27 18:00:00,,23768.264611799306,23.768264611799307,70.48695,-162.28278,,,
S1A1,2019-11-27 18:30:00,,23768.264611799306,23.768264611799307,70.48695,-162.28278,,,
S1A1,2019-11-27 19:00:00,,23768.264611799306,23.768264611799307,70.48695,-162.28278,,,
S1A1,2019-11-27 19:30:00,,23768.264611799306,23.768264611799307,70.48695,-162.28278,,,
S1A1,2019-11-27 20:00:00,,23768.264611799306,23.768264611799307,70.48695,-162.28278,,,
S1A1,2019-11-27 20:30:00,,23768.264611799306,23.768264611799307,70.48695,-162.28278,,,
S1A1,2019-11-27 21:00:00,,23768.264611799306,23.768264611799307,70.48695,-162.28278,,,
S1A1,2019-11-27 21:30:00,,23768.264611799306,23.768264611799307,70.48695,-162.28278,,,
S1A1,2019-11-27 22:00:00,,23768.264611799306,23.768264611799307,70.48695,-162.28278,,,
S1A1,2019-11-27 22:30:00,,23768.264611799306,23.768264611799307,70.48695,-162.28278,,,
S1A1,2019-11-27 23:00:00,,23768.264611799306,23.768264611799307,70.48695,-162.28278,,,
S1A1,2019-11-27 23:30:00,,23768.264611799306,23.768264611799307,70.48695,-162.28278,,,
S1A1,2019-11-28 00:00:00,,23768.264611799306,23.768264611799307,70.48695,-162.28278,,,
S1A1,2019-11-28 00:30:00,,23768.264611799306,23.768264611799307,70.48695,-162.28278,,,
S1A1,2019-11-28 01:00:00,,23768.264611799306,23.768264611799307,70.48695,-162.28278,,,
S1A1,2019-11-28 01:30:00,,23768.264611799306,23.768264611799307,70.48695,-162.28278,,,
S1A1,2019-11-28 02:00:00,,23768.264611799306,23.768264611799307,70.48695,-162.28278,,,
S1A1,2019-11-28 02:30:00,,23768.264611799306,23.768264611799307,70.48695,-162.28278,,,
S1A1,2019-11-28 03:00:00,,23768.264611799306,23.768264611799307,70.48695,-162.28278,,,
S1A1,2019-11-28 03:30:00,,23768.264611799306,23.768264611799307,70.48695,-162.28278,,,
S1A1,2019-11-28 04:00:00,,23768.264611799306,23.768264611799307,70.48695,-162.28278,,,
S1A1,2019-11-28 04:30:00,,23768.264611799306,23.768264611799307,70.48695,-162.28278,,,
S1A1,2019-11-28 05:00:00,,23768.264611799306,23.768264611799307,70.48695,-162.28278,,,
S1A1,2019-11-28 05:30:00,,23768.264611799306,23.768264611799307,70.48695,-162.28278,,,
S1A1,2019-11-28 06:00:00,,23768.264611799306,23.768264611799307,70.48695,-162.28278,,,
S1A1,2019-11-28 06:30:00,,23768.264611799306,23.768264611799307,70.48695,-162.28278,,,
S1A1,2019-11-28 07:00:00,,23768.264611799306,23.768264611799307,70.48695,-162.28278,,,
S1A1,2019-11-28 07:30:00,,23768.264611799306,23.768264611799307,70.48695,-162.28278,,,
S1A1,2019-11-28 08:00:00,,23768.264611799306,23.768264611799307,70.48695,-162.28278,,,
S1A1,2019-11-28 08:30:00,,23768.264611799306,23.768264611799307,70.48695,-162.28278,,,
S1A1,2019-11-28 09:00:00,,23768.264611799306,23.768264611799307,70.48695,-162.28278,,,
S1A1,2019-11-28 09:30:00,,23768.264611799306,23.768264611799307,70.48695,-162.28278,,,
S1A1,2019-11-28 10:00:00,,23768.264611799306,23.768264611799307,70.48695,-162.28278,,,
S1A1,2019-11-28 10:30:00,,23768.264611799306,23.768264611799307,70.48695,-162.28278,,,
S1A1,2019-11-28 11:00:00,,23768.264611799306,23.768264611799307,70.48695,-162.28278,,,
S1A1,2019-11-28 11:30:00,,23768.264611799306,23.768264611799307,70.48695,-162.28278,,,
S1A1,2019-11-28 12:00:00,,23768.264611799306,23.768264611799307,70.48695,-162.28278,,,
S1A1,2019-11-28 12:30:00,,23768.264611799306,23.768264611799307,70.48695,-162.28278,,,
S1A1,2019-11-28 13:00:00,,23768.264611799306,23.768264611799307,70.48695,-162.28278,,,
S1A1,2019-11-28 13:30:00,,23768.264611799306,23.768264611799307,70.48695,-162.28278,,,
S1A1,2019-11-28 14:00:00,,23768.264611799306,23.768264611799307,70.48695,-162.28278,,,
S1A1,2019-11-28 14:30:00,,23768.264611799306,23.768264611799307,70.48695,-162.28278,,,
S1A1,2019-11-28 15:00:00,,23768.264611799306,23.768264611799307,70.48695,-162.28278,,,
S1A1,2019-11-28 15:30:00,,23768.264611799306,23.768264611799307,70.48695,-162.28278,,,
S1A1,2019-11-28 16:00:00,,23768.264611799306,23.768264611799307,70.48695,-162.28278,,,
S1A1,2019-11-28 16:30:00,,23768.264611799306,23.768264611799307,70.48695,-162.28278,,,
S1A1,2019-11-28 17:00:00,,23768.264611799306,23.768264611799307,70.48695,-162.28278,,,
S1A1,2019-11-28 17:30:00,,23768.264611799306,23.768264611799307,70.48695,-162.28278,,,
S1A1,2019-11-28 18:00:00,,23768.264611799306,23.768264611799307,70.48695,-162.28278,,,
S1A1,2019-11-28 18:30:00,,23768.264611799306,23.768264611799307,70.48695,-162.28278,,,
S1A1,2019-11-28 19:00:00,,23768.264611799306,23.768264611799307,70.48695,-162.28278,,,
S1A1,2019-11-28 19:30:00,,23768.264611799306,23.768264611799307,70.48695,-162.28278,,,
S1A1,2019-11-28 20:00:00,,23768.264611799306,23.768264611799307,70.48695,-162.28278,,,
S1A1,2019-11-28 20:30:00,,23768.264611799306,23.768264611799307,70.48695,-162.28278,,,
S1A1,2019-11-28 21:00:00,,23768.264611799306,23.768264611799307,70.48695,-162.28278,,,
S1A1,2019-11-28 21:30:00,,23768.264611799306,23.768264611799307,70.48695,-162.28278,,,
S1A1,2019-11-28 22:00:00,,23768.264611799306,23.768264611799307,70.48695,-162.28278,,,
S1A1,2019-11-28 22:30:00,,23768.264611799306,23.768264611799307,70.48695,-162.28278,,,
S1A1,2019-11-28 23:00:00,,23768.264611799306,23.768264611799307,70.48695,-162.28278,,,
S1A1,2019-11-28 23:30:00,,23768.264611799306,23.768264611799307,70.48695,-162.28278,,,
S1A1,2019-11-29 00:00:00,,23768.264611799306,23.768264611799307,70.48695,-162.28278,,,
S1A1,2019-11-29 00:30:00,,23768.264611799306,23.768264611799307,70.48695,-162.28278,,,
S1A1,2019-11-29 01:00:00,,23768.264611799306,23.768264611799307,70.48695,-162.28278,,,
S1A1,2019-11-29 01:30:00,,23768.264611799306,23.768264611799307,70.48695,-162.28278,,,
S1A1,2019-11-29 02:00:00,,23768.264611799306,23.768264611799307,70.48695,-162.28278,,,
S1A1,2019-11-29 02:30:00,,23768.264611799306,23.768264611799307,70.48695,-162.28278,,,
S1A1,2019-11-29 03:00:00,,23768.264611799306,23.768264611799307,70.48695,-162.28278,,,
S1A1,2019-11-29 03:30:00,,23768.264611799306,23.768264611799307,70.48695,-162.28278,,,
S1A1,2019-11-29 04:00:00,,23768.264611799306,23.768264611799307,70.48695,-162.28278,,,
